SET session_replication_role = replica;

--
-- PostgreSQL database dump
--

-- \restrict VcKUqjHhdsEaQaynXMTeoIvhrDRX8o02anctiVn4eWp8uGLpY8IqHU1kmyrK4Qe

-- Dumped from database version 17.6
-- Dumped by pg_dump version 17.6

SET statement_timeout = 0;
SET lock_timeout = 0;
SET idle_in_transaction_session_timeout = 0;
SET transaction_timeout = 0;
SET client_encoding = 'UTF8';
SET standard_conforming_strings = on;
SELECT pg_catalog.set_config('search_path', '', false);
SET check_function_bodies = false;
SET xmloption = content;
SET client_min_messages = warning;
SET row_security = off;

--
-- Data for Name: audit_log_entries; Type: TABLE DATA; Schema: auth; Owner: supabase_auth_admin
--



--
-- Data for Name: custom_oauth_providers; Type: TABLE DATA; Schema: auth; Owner: supabase_auth_admin
--



--
-- Data for Name: flow_state; Type: TABLE DATA; Schema: auth; Owner: supabase_auth_admin
--



--
-- Data for Name: users; Type: TABLE DATA; Schema: auth; Owner: supabase_auth_admin
--

INSERT INTO "auth"."users" ("instance_id", "id", "aud", "role", "email", "encrypted_password", "email_confirmed_at", "invited_at", "confirmation_token", "confirmation_sent_at", "recovery_token", "recovery_sent_at", "email_change_token_new", "email_change", "email_change_sent_at", "last_sign_in_at", "raw_app_meta_data", "raw_user_meta_data", "is_super_admin", "created_at", "updated_at", "phone", "phone_confirmed_at", "phone_change", "phone_change_token", "phone_change_sent_at", "email_change_token_current", "email_change_confirm_status", "banned_until", "reauthentication_token", "reauthentication_sent_at", "is_sso_user", "deleted_at", "is_anonymous") VALUES
	('00000000-0000-0000-0000-000000000000', '3c35a0c4-0a6f-48b6-8c7f-7069a6f5f1a9', 'authenticated', 'authenticated', 'kakao_4700846864@internal.app', '$2a$10$WdxLMoi7aUYltV2JOZT8j.fyqeXOOB4I806hGUz7npYXKhdJ8d5ae', NULL, NULL, '049592a9b4666fb8466245678b4f23e8397e6b8173dac3d480040dec', '2026-01-21 00:53:41.646021+00', '', NULL, '', '', NULL, NULL, '{"provider": "email", "providers": ["email"]}', '{"sub": "3c35a0c4-0a6f-48b6-8c7f-7069a6f5f1a9", "email": "kakao_4700846864@internal.app", "user_id": "26e2c9b9-1da8-4d19-92c2-71e863074ce2", "email_verified": false, "phone_verified": false}', NULL, '2026-01-20 10:36:26.599687+00', '2026-01-21 00:53:45.779092+00', NULL, NULL, '', '', NULL, '', 0, NULL, '', NULL, false, NULL, false),
	('00000000-0000-0000-0000-000000000000', 'd5ab7e11-d27e-4ef2-a41c-1c549619f8c0', 'authenticated', 'authenticated', 'kakao_4706062513@internal.app', '$2a$10$LzzYRR45AaskQr4QN0mKlOWAO/8vXjLvmf.eVUZlnmN7ISsb0GpR.', NULL, NULL, '6479f204a058ddf758e30aef59dd7e6ad2ad2bffb05498d5bc302347', '2026-01-20 00:41:28.274155+00', '', NULL, '', '', NULL, NULL, '{"provider": "email", "providers": ["email"]}', '{"sub": "d5ab7e11-d27e-4ef2-a41c-1c549619f8c0", "email": "kakao_4706062513@internal.app", "user_id": "7d09a1e1-be5d-4795-a22a-8db196867601", "email_verified": false, "phone_verified": false}', NULL, '2026-01-20 00:41:28.204908+00', '2026-01-20 00:41:32.382123+00', NULL, NULL, '', '', NULL, '', 0, NULL, '', NULL, false, NULL, false),
	('00000000-0000-0000-0000-000000000000', 'ac5309e3-6d05-45f5-9bb7-1410c00e5844', 'authenticated', 'authenticated', 'kakao_4707811367@internal.app', '$2a$10$Li92oiJhLTeN0g.hs1vtj.HjykD0Q8sx5hcOknzWZN7pEnEYdxeia', NULL, NULL, '0882e126efdee9a67d8af1c131228e358fb84014f175d0a105b97a04', '2026-01-21 01:00:44.880551+00', '', NULL, '', '', NULL, NULL, '{"provider": "email", "providers": ["email"]}', '{"sub": "ac5309e3-6d05-45f5-9bb7-1410c00e5844", "email": "kakao_4707811367@internal.app", "user_id": "e35f0971-f18f-4c66-bd8a-2563910b67d4", "email_verified": false, "phone_verified": false}', NULL, '2026-01-21 01:00:44.871391+00', '2026-01-21 01:00:48.869098+00', NULL, NULL, '', '', NULL, '', 0, NULL, '', NULL, false, NULL, false),
	('00000000-0000-0000-0000-000000000000', 'ac05c1d6-44cd-4c16-a69d-477f8c4bc669', 'authenticated', 'authenticated', 'kakao_4706086873@internal.app', '$2a$10$/kBKmow9exDM.Q9RWmcLweSECDziGM2I0XT4b5XRueN/PRRd96QbS', NULL, NULL, '4f2ba4ec9b6b4b2d60a2160574a6b668546a08b4d167cca600915f68', '2026-01-20 01:00:30.090916+00', '', NULL, '', '', NULL, NULL, '{"provider": "email", "providers": ["email"]}', '{"sub": "ac05c1d6-44cd-4c16-a69d-477f8c4bc669", "email": "kakao_4706086873@internal.app", "user_id": "693068d3-de1a-4397-9f2f-d009acacba2e", "email_verified": false, "phone_verified": false}', NULL, '2026-01-20 01:00:30.038217+00', '2026-01-20 01:00:34.184386+00', NULL, NULL, '', '', NULL, '', 0, NULL, '', NULL, false, NULL, false),
	('00000000-0000-0000-0000-000000000000', 'ca56bb24-ec9d-4954-81fc-6b83fbce74d9', 'authenticated', 'authenticated', 'kakao_4707810171@internal.app', '$2a$10$pA.QmzNmtF5iXXZsLekfn.oLrsbct0KKka4Xd2AZLdKD569IDljmS', NULL, NULL, '518b82bf6253f0f5d6631bb9bbd2a2321dc32ed4c103809330ad492c', '2026-01-21 00:59:54.675986+00', '', NULL, '', '', NULL, NULL, '{"provider": "email", "providers": ["email"]}', '{"sub": "ca56bb24-ec9d-4954-81fc-6b83fbce74d9", "email": "kakao_4707810171@internal.app", "user_id": "91673d9d-eb77-4db3-959e-6d320beb3920", "email_verified": false, "phone_verified": false}', NULL, '2026-01-21 00:59:54.663847+00', '2026-01-21 00:59:58.655768+00', NULL, NULL, '', '', NULL, '', 0, NULL, '', NULL, false, NULL, false),
	('00000000-0000-0000-0000-000000000000', 'f963f398-3386-47a3-aa69-c892be066cd9', 'authenticated', 'authenticated', 'kakao_4706097325@internal.app', '$2a$10$w76.nYa6weLluYLt2vTRyeiVK9E4wUz.1HOBQHbPGwM/gBV88H8BC', NULL, NULL, '6528d5ad440ce34923df11b072a315e94ebcaed133165132b8d2293a', '2026-01-20 01:07:11.916267+00', '', NULL, '', '', NULL, NULL, '{"provider": "email", "providers": ["email"]}', '{"sub": "f963f398-3386-47a3-aa69-c892be066cd9", "email": "kakao_4706097325@internal.app", "user_id": "4a9ced80-af99-462b-b917-1fd89a026fb8", "email_verified": false, "phone_verified": false}', NULL, '2026-01-20 01:07:11.881539+00', '2026-01-20 01:07:15.879327+00', NULL, NULL, '', '', NULL, '', 0, NULL, '', NULL, false, NULL, false),
	('00000000-0000-0000-0000-000000000000', 'cc4aa95b-1740-436c-9fd6-9fe97fdd4e9f', 'authenticated', 'authenticated', 'kakao_4699886149@internal.app', '$2a$10$31quWBTtUR.6IneaqQm.l.BQwsUoITeRgOWZUndMyhD7P4RCYEEL6', NULL, NULL, '78353316bd24fdc208d09d4f8c639686c4ab68be3ce1d569d9c8b79d', '2026-03-16 08:53:13.632807+00', '', NULL, '', '', NULL, NULL, '{"provider": "email", "providers": ["email"]}', '{"sub": "cc4aa95b-1740-436c-9fd6-9fe97fdd4e9f", "email": "kakao_4699886149@internal.app", "user_id": "fc18429b-a83f-4e84-b85f-21196eef0f1c", "email_verified": false, "phone_verified": false}', NULL, '2026-01-22 06:55:53.128937+00', '2026-03-16 08:53:17.102576+00', NULL, NULL, '', '', NULL, '', 0, NULL, '', NULL, false, NULL, false),
	('00000000-0000-0000-0000-000000000000', 'a46d7923-84dc-46a5-b503-e532237b3e66', 'authenticated', 'authenticated', 'kakao_4707811881@internal.app', '$2a$10$f4sRqk8Ux5SS6g0o6J7EQOfSbvdLl.7JgL4hQh8L2yFlFG6P4D0ti', NULL, NULL, 'f0ef13463d5f883959c015920e87a12aea2f67d62ece1f85f0144b4f', '2026-01-21 01:00:57.017559+00', '', NULL, '', '', NULL, NULL, '{"provider": "email", "providers": ["email"]}', '{"sub": "a46d7923-84dc-46a5-b503-e532237b3e66", "email": "kakao_4707811881@internal.app", "user_id": "ec546a67-b505-4291-a212-cc739a3a1358", "email_verified": false, "phone_verified": false}', NULL, '2026-01-21 01:00:57.008522+00', '2026-01-21 01:01:00.994066+00', NULL, NULL, '', '', NULL, '', 0, NULL, '', NULL, false, NULL, false);


--
-- Data for Name: identities; Type: TABLE DATA; Schema: auth; Owner: supabase_auth_admin
--

INSERT INTO "auth"."identities" ("provider_id", "user_id", "identity_data", "provider", "last_sign_in_at", "created_at", "updated_at", "id") VALUES
	('d5ab7e11-d27e-4ef2-a41c-1c549619f8c0', 'd5ab7e11-d27e-4ef2-a41c-1c549619f8c0', '{"sub": "d5ab7e11-d27e-4ef2-a41c-1c549619f8c0", "email": "kakao_4706062513@internal.app", "user_id": "7d09a1e1-be5d-4795-a22a-8db196867601", "email_verified": false, "phone_verified": false}', 'email', '2026-01-20 00:41:28.245255+00', '2026-01-20 00:41:28.247943+00', '2026-01-20 00:41:28.247943+00', '29e21d98-61c7-427c-9f88-5301aa24b79b'),
	('ac05c1d6-44cd-4c16-a69d-477f8c4bc669', 'ac05c1d6-44cd-4c16-a69d-477f8c4bc669', '{"sub": "ac05c1d6-44cd-4c16-a69d-477f8c4bc669", "email": "kakao_4706086873@internal.app", "user_id": "693068d3-de1a-4397-9f2f-d009acacba2e", "email_verified": false, "phone_verified": false}', 'email', '2026-01-20 01:00:30.071892+00', '2026-01-20 01:00:30.071952+00', '2026-01-20 01:00:30.071952+00', '9447fa57-f2b6-467d-ade6-76fb97729773'),
	('f963f398-3386-47a3-aa69-c892be066cd9', 'f963f398-3386-47a3-aa69-c892be066cd9', '{"sub": "f963f398-3386-47a3-aa69-c892be066cd9", "email": "kakao_4706097325@internal.app", "user_id": "4a9ced80-af99-462b-b917-1fd89a026fb8", "email_verified": false, "phone_verified": false}', 'email', '2026-01-20 01:07:11.904417+00', '2026-01-20 01:07:11.904468+00', '2026-01-20 01:07:11.904468+00', 'a89ba35e-8627-4c3b-bebd-c2b861401272'),
	('3c35a0c4-0a6f-48b6-8c7f-7069a6f5f1a9', '3c35a0c4-0a6f-48b6-8c7f-7069a6f5f1a9', '{"sub": "3c35a0c4-0a6f-48b6-8c7f-7069a6f5f1a9", "email": "kakao_4700846864@internal.app", "user_id": "26e2c9b9-1da8-4d19-92c2-71e863074ce2", "email_verified": false, "phone_verified": false}', 'email', '2026-01-20 10:36:26.641355+00', '2026-01-20 10:36:26.641916+00', '2026-01-20 10:36:26.641916+00', '2a16173b-8a7d-4a5f-aeb4-bbfa5e61c9b1'),
	('ca56bb24-ec9d-4954-81fc-6b83fbce74d9', 'ca56bb24-ec9d-4954-81fc-6b83fbce74d9', '{"sub": "ca56bb24-ec9d-4954-81fc-6b83fbce74d9", "email": "kakao_4707810171@internal.app", "user_id": "91673d9d-eb77-4db3-959e-6d320beb3920", "email_verified": false, "phone_verified": false}', 'email', '2026-01-21 00:59:54.67089+00', '2026-01-21 00:59:54.670941+00', '2026-01-21 00:59:54.670941+00', '82727cd2-3612-4e0e-9594-07872e0543b7'),
	('ac5309e3-6d05-45f5-9bb7-1410c00e5844', 'ac5309e3-6d05-45f5-9bb7-1410c00e5844', '{"sub": "ac5309e3-6d05-45f5-9bb7-1410c00e5844", "email": "kakao_4707811367@internal.app", "user_id": "e35f0971-f18f-4c66-bd8a-2563910b67d4", "email_verified": false, "phone_verified": false}', 'email', '2026-01-21 01:00:44.877047+00', '2026-01-21 01:00:44.877094+00', '2026-01-21 01:00:44.877094+00', '76b47158-49b0-42a4-ac24-037611fff73b'),
	('a46d7923-84dc-46a5-b503-e532237b3e66', 'a46d7923-84dc-46a5-b503-e532237b3e66', '{"sub": "a46d7923-84dc-46a5-b503-e532237b3e66", "email": "kakao_4707811881@internal.app", "user_id": "ec546a67-b505-4291-a212-cc739a3a1358", "email_verified": false, "phone_verified": false}', 'email', '2026-01-21 01:00:57.01277+00', '2026-01-21 01:00:57.012824+00', '2026-01-21 01:00:57.012824+00', 'ed43c2e2-110a-423e-85c0-44548220c1c9'),
	('cc4aa95b-1740-436c-9fd6-9fe97fdd4e9f', 'cc4aa95b-1740-436c-9fd6-9fe97fdd4e9f', '{"sub": "cc4aa95b-1740-436c-9fd6-9fe97fdd4e9f", "email": "kakao_4699886149@internal.app", "user_id": "fc18429b-a83f-4e84-b85f-21196eef0f1c", "email_verified": false, "phone_verified": false}', 'email', '2026-01-22 06:55:53.169855+00', '2026-01-22 06:55:53.171698+00', '2026-01-22 06:55:53.171698+00', '6e7efeaf-76e2-438d-814b-5b887d03e6ae');


--
-- Data for Name: instances; Type: TABLE DATA; Schema: auth; Owner: supabase_auth_admin
--



--
-- Data for Name: oauth_clients; Type: TABLE DATA; Schema: auth; Owner: supabase_auth_admin
--



--
-- Data for Name: sessions; Type: TABLE DATA; Schema: auth; Owner: supabase_auth_admin
--



--
-- Data for Name: mfa_amr_claims; Type: TABLE DATA; Schema: auth; Owner: supabase_auth_admin
--



--
-- Data for Name: mfa_factors; Type: TABLE DATA; Schema: auth; Owner: supabase_auth_admin
--



--
-- Data for Name: mfa_challenges; Type: TABLE DATA; Schema: auth; Owner: supabase_auth_admin
--



--
-- Data for Name: oauth_authorizations; Type: TABLE DATA; Schema: auth; Owner: supabase_auth_admin
--



--
-- Data for Name: oauth_client_states; Type: TABLE DATA; Schema: auth; Owner: supabase_auth_admin
--



--
-- Data for Name: oauth_consents; Type: TABLE DATA; Schema: auth; Owner: supabase_auth_admin
--



--
-- Data for Name: one_time_tokens; Type: TABLE DATA; Schema: auth; Owner: supabase_auth_admin
--

INSERT INTO "auth"."one_time_tokens" ("id", "user_id", "token_type", "token_hash", "relates_to", "created_at", "updated_at") VALUES
	('1ea24116-5a8f-43bf-844e-42aee4023d5b', 'd5ab7e11-d27e-4ef2-a41c-1c549619f8c0', 'confirmation_token', '6479f204a058ddf758e30aef59dd7e6ad2ad2bffb05498d5bc302347', 'kakao_4706062513@internal.app', '2026-01-20 00:41:32.402487', '2026-01-20 00:41:32.402487'),
	('4c7e65ff-c060-4ff1-8625-835fe6f48e86', 'ac05c1d6-44cd-4c16-a69d-477f8c4bc669', 'confirmation_token', '4f2ba4ec9b6b4b2d60a2160574a6b668546a08b4d167cca600915f68', 'kakao_4706086873@internal.app', '2026-01-20 01:00:34.195809', '2026-01-20 01:00:34.195809'),
	('bffa978f-1068-4e9b-8429-8ac960d24058', 'f963f398-3386-47a3-aa69-c892be066cd9', 'confirmation_token', '6528d5ad440ce34923df11b072a315e94ebcaed133165132b8d2293a', 'kakao_4706097325@internal.app', '2026-01-20 01:07:15.88758', '2026-01-20 01:07:15.88758'),
	('a0fff652-4ab0-4ec1-9317-521c5ba857e4', '3c35a0c4-0a6f-48b6-8c7f-7069a6f5f1a9', 'confirmation_token', '049592a9b4666fb8466245678b4f23e8397e6b8173dac3d480040dec', 'kakao_4700846864@internal.app', '2026-01-21 00:53:45.813945', '2026-01-21 00:53:45.813945'),
	('a7455245-2573-4511-9b43-861fe04d1c2b', 'ca56bb24-ec9d-4954-81fc-6b83fbce74d9', 'confirmation_token', '518b82bf6253f0f5d6631bb9bbd2a2321dc32ed4c103809330ad492c', 'kakao_4707810171@internal.app', '2026-01-21 00:59:58.659055', '2026-01-21 00:59:58.659055'),
	('a919b7aa-dbae-4c7e-914e-b1f86c04a2bb', 'ac5309e3-6d05-45f5-9bb7-1410c00e5844', 'confirmation_token', '0882e126efdee9a67d8af1c131228e358fb84014f175d0a105b97a04', 'kakao_4707811367@internal.app', '2026-01-21 01:00:48.870004', '2026-01-21 01:00:48.870004'),
	('1eb0414e-e9ec-4eb0-863e-c3dbc5868bdf', 'a46d7923-84dc-46a5-b503-e532237b3e66', 'confirmation_token', 'f0ef13463d5f883959c015920e87a12aea2f67d62ece1f85f0144b4f', 'kakao_4707811881@internal.app', '2026-01-21 01:01:00.995027', '2026-01-21 01:01:00.995027'),
	('e062a0da-78e1-46c0-904d-10063b174073', 'cc4aa95b-1740-436c-9fd6-9fe97fdd4e9f', 'confirmation_token', '78353316bd24fdc208d09d4f8c639686c4ab68be3ce1d569d9c8b79d', 'kakao_4699886149@internal.app', '2026-03-16 08:53:17.105584', '2026-03-16 08:53:17.105584');


--
-- Data for Name: refresh_tokens; Type: TABLE DATA; Schema: auth; Owner: supabase_auth_admin
--



--
-- Data for Name: sso_providers; Type: TABLE DATA; Schema: auth; Owner: supabase_auth_admin
--



--
-- Data for Name: saml_providers; Type: TABLE DATA; Schema: auth; Owner: supabase_auth_admin
--



--
-- Data for Name: saml_relay_states; Type: TABLE DATA; Schema: auth; Owner: supabase_auth_admin
--



--
-- Data for Name: sso_domains; Type: TABLE DATA; Schema: auth; Owner: supabase_auth_admin
--



--
-- Data for Name: webauthn_challenges; Type: TABLE DATA; Schema: auth; Owner: supabase_auth_admin
--



--
-- Data for Name: webauthn_credentials; Type: TABLE DATA; Schema: auth; Owner: supabase_auth_admin
--



--
-- Data for Name: users; Type: TABLE DATA; Schema: public; Owner: postgres
--

INSERT INTO "public"."users" ("id", "username", "email", "kakao_id", "display_name", "created_at", "updated_at", "provider", "profile_image", "phone_number", "birthyear", "gender", "nickname", "is_admin", "is_tester", "is_sub_admin", "is_super_admin") VALUES
	('ac25ca98-c7ce-4d3b-bf89-b94cb945cdf0', 'tester01', 'tester01@example.com', NULL, 'Tester 01', '2025-12-30 00:19:34.381003+00', '2025-12-30 00:19:34.381003+00', 'local', NULL, NULL, NULL, NULL, NULL, false, false, false, false),
	('8da60434-0146-4854-b38f-4908e51f07b2', 'tester10', 'tester10@test.cardio.app', NULL, '테스터10호', '2026-03-19 13:43:59.812087+00', '2026-03-19 13:43:59.812087+00', 'local', NULL, NULL, NULL, NULL, NULL, false, true, false, false),
	('cb062b73-7a23-433b-ad6a-8944a4fc28a5', 'kakao_4800013955', 'gtnoh@kakao.com', '4800013955', '노규태', '2026-03-16 23:57:32.403354+00', '2026-03-16 23:57:32.403354+00', 'kakao', 'http://k.kakaocdn.net/dn/bjcIOA/btsOlDu7faf/85duHCHumClcDrLqqFkEc0/img_640x640.jpg', '+82 10-8505-8243', '1983', 'male', NULL, false, false, false, false),
	('c6752a3e-d1ab-4ae7-835c-dcf85b6783a3', 'kakao_4701352489', 'odin2ex@naver.com', '4701352489', '김형기', '2026-01-17 06:04:45.536127+00', '2026-01-17 06:04:45.536127+00', 'kakao', 'http://k.kakaocdn.net/dn/kEKWL/btsIH0D3XND/5lwJfQXpUvCwNiHftTTygK/img_640x640.jpg', '+82 10-3030-5537', '1985', 'male', NULL, false, false, false, false),
	('75d6e79c-3ef8-4836-873a-113ab67a07f3', 'kakao_4802715865', 'ss007@hanmail.net', '4802715865', '배상수', '2026-03-18 12:13:31.899556+00', '2026-03-18 12:13:31.899556+00', 'kakao', 'http://k.kakaocdn.net/dn/doaBAO/dJMcaiolxf8/jJ7U91fR80PeTt5gmQwH71/img_640x640.jpg', '+82 10-9179-8361', '1980', 'male', NULL, false, false, false, false),
	('c79c3966-669e-40bd-9d5c-ada7c33f78f4', 'kakao_4800028793', 'xoshto@kakao.com', '4800028793', '오상환', '2026-03-17 00:10:28.084533+00', '2026-03-17 00:10:28.084533+00', 'kakao', 'http://k.kakaocdn.net/dn/ECS4M/btrHxUEKARk/FkQyYD5hzrTpXRa2e0kgok/img_640x640.jpg', '+82 10-9587-8474', '1989', 'male', NULL, false, false, false, false),
	('c63c9de7-09b4-424a-9a4e-fb001de9f9a6', 'kakao_4799680309', 'baksm777@naver.com', '4799680309', '박승주', '2026-03-16 13:53:06.980704+00', '2026-03-16 13:53:06.980704+00', 'kakao', 'http://k.kakaocdn.net/dn/zFGLH/btrxiGQpMh0/pWlwhPEzwgOJaEv5qNnSO0/img_640x640.jpg', '+82 10-9959-3529', '1995', 'male', NULL, false, false, false, false),
	('26e2c9b9-1da8-4d19-92c2-71e863074ce2', 'kakao_4700846864', 'lsm2429@live.com', '4700846864', '이성민', '2026-01-17 00:25:23.474531+00', '2026-01-17 00:25:23.474531+00', 'kakao', 'http://k.kakaocdn.net/dn/cetBXn/btsQ18f5xS5/Ce0dASdj66lie0tCUwIKAk/img_640x640.jpg', '+82 10-8452-3706', '1995', 'male', '이성민', false, false, false, false),
	('e35f0971-f18f-4c66-bd8a-2563910b67d4', 'kakao_4707811367', 'jyh1294@naver.com', '4707811367', '장영훈', '2026-01-21 01:00:43.898443+00', '2026-01-21 01:00:43.898443+00', 'kakao', 'http://k.kakaocdn.net/dn/b4P9Wt/btsEkzDKCEl/4KcWrRYEKlY6fXZMNc6yZ0/img_640x640.jpg', '+82 10-2090-1294', '1991', 'male', NULL, false, false, false, false),
	('ec546a67-b505-4291-a212-cc739a3a1358', 'kakao_4707811881', 'jhleesz@kakao.com', '4707811881', '이지희', '2026-01-21 01:00:56.650483+00', '2026-01-21 01:00:56.650483+00', 'kakao', 'http://img1.kakaocdn.net/thumb/R640x640.q70/?fname=http://t1.kakaocdn.net/account_images/default_profile.jpeg', '+82 10-9527-9275', '1994', 'female', NULL, false, false, false, false),
	('f88b76c6-de17-42c0-b757-79250c8f6422', 'kakao_4800038792', 'zumir@daum.net', '4800038792', '이대희', '2026-03-17 00:18:51.98466+00', '2026-03-17 00:18:51.98466+00', 'kakao', 'http://k.kakaocdn.net/dn/bXIfKY/dJMcaaKP1qa/U2hu1OT6Bj2LxGn2OxrkuK/img_640x640.jpg', '+82 10-3445-8984', '', '', '과묵할남자', false, false, false, false),
	('91673d9d-eb77-4db3-959e-6d320beb3920', 'kakao_4707810171', 'starpaul0326@gmail.com', '4707810171', '조욱래', '2026-01-21 00:59:54.281493+00', '2026-01-21 00:59:54.281493+00', 'kakao', 'http://k.kakaocdn.net/dn/9kbq0/dJMcahJRJC2/AsYMKwCceGXRsMSc2H8knK/img_640x640.jpg', '+82 10-8258-4875', '1990', 'male', '조욱래', false, false, false, false),
	('fbd7f27f-74fa-4d86-bf06-c908cd28e5d4', 'kakao_4799923707', 'leeyh45@naver.com', '4799923707', '이영효', '2026-03-16 22:14:06.371564+00', '2026-03-16 22:14:06.371564+00', 'kakao', 'http://k.kakaocdn.net/dn/cONubG/btsQ6JsFMRC/HC1jaqdmWO7zmsqH4IZ1RK/img_640x640.jpg', '+82 10-8963-2375', '1993', '', '영효', false, false, false, false),
	('46375228-6ece-4af9-a20d-79a9c1a29193', 'kakao_4705746089', 'wbor-sj@nate.com', '4705746089', '이수진', '2026-01-19 15:07:24.90502+00', '2026-01-19 15:07:24.90502+00', 'kakao', 'http://k.kakaocdn.net/dn/bjPTuj/btsMZMmdc9u/kQkx7OKV5gJlBdcWKUe7y1/img_640x640.jpg', '+82 10-9070-2857', '1995', 'female', 'SooJin', false, false, false, false),
	('693068d3-de1a-4397-9f2f-d009acacba2e', 'kakao_4706086873', 'md071361@naver.com', '4706086873', '양유림', '2026-01-20 01:00:29.398602+00', '2026-01-20 01:00:29.398602+00', 'kakao', 'http://img1.kakaocdn.net/thumb/R640x640.q70/?fname=http://t1.kakaocdn.net/account_images/default_profile.jpeg', '+82 10-7118-8626', '2000', 'female', '양유림', false, false, false, false),
	('505d06c3-9037-4e50-8a03-1fd5b1316bab', 'tester11', 'tester11@test.cardio.app', NULL, '테스터11호', '2026-03-19 13:43:59.812087+00', '2026-03-19 13:43:59.812087+00', 'local', NULL, NULL, NULL, NULL, NULL, false, true, false, false),
	('8602814d-2415-4834-828b-3f4064338a15', 'tester12', 'tester12@test.cardio.app', NULL, '테스터12호', '2026-03-19 13:43:59.812087+00', '2026-03-19 13:43:59.812087+00', 'local', NULL, NULL, NULL, NULL, NULL, false, true, false, false),
	('ace4c332-f387-41dc-9c74-f5db9fc485a5', 'kakao_4700773537', 'jhlucus@gmail.com', '4700773537', '송정훈', '2026-01-16 23:09:07.275138+00', '2026-01-16 23:09:07.275138+00', 'kakao', 'http://k.kakaocdn.net/dn/cam8es/btrrWzVAbzz/YpAibPv7YKEjP0WYsBBvE0/img_640x640.jpg', '+82 10-9821-3468', '1996', 'male', '송정훈', false, false, false, false),
	('9a753212-83f1-41d2-84c2-ef6fc6347154', 'tester1', 'tester1@test.cardio.app', NULL, '테스터1호', '2026-03-19 13:43:59.812087+00', '2026-03-19 13:43:59.812087+00', 'local', NULL, NULL, NULL, NULL, NULL, false, true, false, false),
	('f0f85a33-5198-45d3-ab8a-0a8d5471b4c5', 'tester2', 'tester2@test.cardio.app', NULL, '테스터2호', '2026-03-19 13:43:59.812087+00', '2026-03-19 13:43:59.812087+00', 'local', NULL, NULL, NULL, NULL, NULL, false, true, false, false),
	('3ae34e39-2f18-4d76-b405-eedb5e2b4ede', 'tester3', 'tester3@test.cardio.app', NULL, '테스터3호', '2026-03-19 13:43:59.812087+00', '2026-03-19 13:43:59.812087+00', 'local', NULL, NULL, NULL, NULL, NULL, false, true, false, false),
	('bfaaecc8-13ae-46fc-97b2-c27e631936be', 'tester13', 'tester13@test.cardio.app', NULL, '테스터13호', '2026-03-19 13:43:59.812087+00', '2026-03-19 13:43:59.812087+00', 'local', NULL, NULL, NULL, NULL, NULL, false, true, false, false),
	('869e9ba6-f4b1-496e-9735-a391c7022be8', 'kakao_4704609622', 'skrdnjs0123@naver.com', '4704609622', '최주혜', '2026-01-19 04:45:45.564859+00', '2026-01-19 04:45:45.564859+00', 'kakao', 'http://k.kakaocdn.net/dn/bImRpe/btsJig5IpNB/cY8bKzjPm5tZEDUQNYsmm1/img_640x640.jpg', '+82 10-4160-9030', '1996', 'female', '최주혜', false, false, false, false),
	('470bb464-4649-45e2-85e8-4e7e71d0b759', 'tester4', 'tester4@test.cardio.app', NULL, '테스터4호', '2026-03-19 13:43:59.812087+00', '2026-03-19 13:43:59.812087+00', 'local', NULL, NULL, NULL, NULL, NULL, false, true, false, false),
	('dd02cc0a-2d82-4ee3-8c78-bf7048d557e9', 'tester5', 'tester5@test.cardio.app', NULL, '테스터5호', '2026-03-19 13:43:59.812087+00', '2026-03-19 13:43:59.812087+00', 'local', NULL, NULL, NULL, NULL, NULL, false, true, false, false),
	('41ad2948-1510-4b4b-b6fd-bae587cb3797', 'tester6', 'tester6@test.cardio.app', NULL, '테스터6호', '2026-03-19 13:43:59.812087+00', '2026-03-19 13:43:59.812087+00', 'local', NULL, NULL, NULL, NULL, NULL, false, true, false, false),
	('597b2e1a-6da2-45ba-a0c6-57e0f1a9ea28', 'tester7', 'tester7@test.cardio.app', NULL, '테스터7호', '2026-03-19 13:43:59.812087+00', '2026-03-19 13:43:59.812087+00', 'local', NULL, NULL, NULL, NULL, NULL, false, true, false, false),
	('89fc76db-73f7-4233-822a-21900b3ff393', 'tester8', 'tester8@test.cardio.app', NULL, '테스터8호', '2026-03-19 13:43:59.812087+00', '2026-03-19 13:43:59.812087+00', 'local', NULL, NULL, NULL, NULL, NULL, false, true, false, false),
	('cd947a9a-c089-4aff-88a0-2d43872cb049', 'tester9', 'tester9@test.cardio.app', NULL, '테스터9호', '2026-03-19 13:43:59.812087+00', '2026-03-19 13:43:59.812087+00', 'local', NULL, NULL, NULL, NULL, NULL, false, true, false, false),
	('ce79e6fb-0a9c-4f5a-877e-e6cac15c41a2', 'tester14', 'tester14@test.cardio.app', NULL, '테스터14호', '2026-03-19 13:43:59.812087+00', '2026-03-19 13:43:59.812087+00', 'local', NULL, NULL, NULL, NULL, NULL, false, true, false, false),
	('e715bb97-bb58-42e4-aa82-b8185fdfc025', 'tester15', 'tester15@test.cardio.app', NULL, '테스터15호', '2026-03-19 13:43:59.812087+00', '2026-03-19 13:43:59.812087+00', 'local', NULL, NULL, NULL, NULL, NULL, false, true, false, false),
	('26a1d647-b64f-4b55-beb8-7b5d61e39383', 'tester16', 'tester16@test.cardio.app', NULL, '테스터16호', '2026-03-19 13:43:59.812087+00', '2026-03-19 13:43:59.812087+00', 'local', NULL, NULL, NULL, NULL, NULL, false, true, false, false),
	('984e1ba5-ac0a-4f0b-a04c-2ed6d8099c00', 'tester17', 'tester17@test.cardio.app', NULL, '테스터17호', '2026-03-19 13:43:59.812087+00', '2026-03-19 13:43:59.812087+00', 'local', NULL, NULL, NULL, NULL, NULL, false, true, false, false),
	('aafe258d-7239-48c7-8435-c988c4f4ae15', 'tester18', 'tester18@test.cardio.app', NULL, '테스터18호', '2026-03-19 13:43:59.812087+00', '2026-03-19 13:43:59.812087+00', 'local', NULL, NULL, NULL, NULL, NULL, false, true, false, false),
	('1a63bbc0-f18b-4f94-8449-0a734d51eda7', 'tester19', 'tester19@test.cardio.app', NULL, '테스터19호', '2026-03-19 13:43:59.812087+00', '2026-03-19 13:43:59.812087+00', 'local', NULL, NULL, NULL, NULL, NULL, false, true, false, false),
	('aecbae2a-9779-4055-a20b-1970e6a41405', 'tester20', 'tester20@test.cardio.app', NULL, '테스터20호', '2026-03-19 13:43:59.812087+00', '2026-03-19 13:43:59.812087+00', 'local', NULL, NULL, NULL, NULL, NULL, false, true, false, false),
	('29c1f164-9a45-4224-8a03-d1bbb0fcb314', 'tester21', 'tester21@test.cardio.app', NULL, '테스터21호', '2026-03-19 13:43:59.812087+00', '2026-03-19 13:43:59.812087+00', 'local', NULL, NULL, NULL, NULL, NULL, false, true, false, false),
	('f21bba52-6ca0-452e-aa71-5f13fc3e7f1c', 'tester22', 'tester22@test.cardio.app', NULL, '테스터22호', '2026-03-19 13:43:59.812087+00', '2026-03-19 13:43:59.812087+00', 'local', NULL, NULL, NULL, NULL, NULL, false, true, false, false),
	('62c34c3e-b2aa-4361-adc9-38e9fdb9c52b', 'tester23', 'tester23@test.cardio.app', NULL, '테스터23호', '2026-03-19 13:43:59.812087+00', '2026-03-19 13:43:59.812087+00', 'local', NULL, NULL, NULL, NULL, NULL, false, true, false, false),
	('591f3c96-5473-46cc-a7fa-67c5650bb679', 'tester24', 'tester24@test.cardio.app', NULL, '테스터24호', '2026-03-19 13:43:59.812087+00', '2026-03-19 13:43:59.812087+00', 'local', NULL, NULL, NULL, NULL, NULL, false, true, false, false),
	('4a9ced80-af99-462b-b917-1fd89a026fb8', 'kakao_4706097325', 'kosone@hanmail.net', '4706097325', '권은희', '2026-01-20 01:07:11.245077+00', '2026-01-20 01:07:11.245077+00', 'kakao', 'http://k.kakaocdn.net/dn/ztUwz/dJMb9PzD93f/Bv4WKaX0PcsQrZNwa8SIQ1/img_640x640.jpg', '+82 10-9299-8626', '1961', 'female', '권은희', false, false, false, false),
	('fc18429b-a83f-4e84-b85f-21196eef0f1c', 'kakao_4699886149', 'seokany@kakao.com', '4699886149', '양석환', '2026-01-16 07:45:06.216308+00', '2026-01-16 07:45:06.216308+00', 'kakao', 'http://k.kakaocdn.net/dn/big36q/dJMcachc94H/yFkUGRHKgyG9tKkAZYhTek/img_640x640.jpg', '+82 10-3114-8626', '1990', 'male', '양석환', true, false, false, true),
	('1f180ff6-e21a-4933-95d3-ca1f4530c577', 'tester25', 'tester25@test.cardio.app', NULL, '테스터25호', '2026-03-19 13:43:59.812087+00', '2026-03-19 13:43:59.812087+00', 'local', NULL, NULL, NULL, NULL, NULL, false, true, false, false),
	('ff26409c-6916-402d-bad6-dafeaf50c063', 'tester26', 'tester26@test.cardio.app', NULL, '테스터26호', '2026-03-19 13:43:59.812087+00', '2026-03-19 13:43:59.812087+00', 'local', NULL, NULL, NULL, NULL, NULL, false, true, false, false),
	('6c4d8ccd-5f6d-4456-ab81-f30d8610752c', 'tester27', 'tester27@test.cardio.app', NULL, '테스터27호', '2026-03-19 13:43:59.812087+00', '2026-03-19 13:43:59.812087+00', 'local', NULL, NULL, NULL, NULL, NULL, false, true, false, false),
	('93117f76-9bf0-478c-8b21-c74679ef4076', 'tester28', 'tester28@test.cardio.app', NULL, '테스터28호', '2026-03-19 13:43:59.812087+00', '2026-03-19 13:43:59.812087+00', 'local', NULL, NULL, NULL, NULL, NULL, false, true, false, false),
	('adc78491-0dc3-4907-bbdc-226ec1244d07', 'tester29', 'tester29@test.cardio.app', NULL, '테스터29호', '2026-03-19 13:43:59.812087+00', '2026-03-19 13:43:59.812087+00', 'local', NULL, NULL, NULL, NULL, NULL, false, true, false, false),
	('186edc9d-ebbb-4f92-91a2-11cfa831a20a', 'tester30', 'tester30@test.cardio.app', NULL, '테스터30호', '2026-03-19 13:43:59.812087+00', '2026-03-19 13:43:59.812087+00', 'local', NULL, NULL, NULL, NULL, NULL, false, true, false, false),
	('fe97c34c-0125-4721-8343-5a6d4e856dff', 'tester31', 'tester31@test.cardio.app', NULL, '테스터31호', '2026-03-19 13:43:59.812087+00', '2026-03-19 13:43:59.812087+00', 'local', NULL, NULL, NULL, NULL, NULL, false, true, false, false),
	('64d6359e-ac25-4f4c-9eaf-b9fd85f04e04', 'tester32', 'tester32@test.cardio.app', NULL, '테스터32호', '2026-03-19 13:43:59.812087+00', '2026-03-19 13:43:59.812087+00', 'local', NULL, NULL, NULL, NULL, NULL, false, true, false, false),
	('1fe29bb6-ccdd-43ef-a86e-71e512011ed5', 'tester33', 'tester33@test.cardio.app', NULL, '테스터33호', '2026-03-19 13:43:59.812087+00', '2026-03-19 13:43:59.812087+00', 'local', NULL, NULL, NULL, NULL, NULL, false, true, false, false),
	('f79cfc80-4414-4961-8e27-f751b4d1d5c0', 'tester34', 'tester34@test.cardio.app', NULL, '테스터34호', '2026-03-19 13:43:59.812087+00', '2026-03-19 13:43:59.812087+00', 'local', NULL, NULL, NULL, NULL, NULL, false, true, false, false),
	('0eebf0bd-5921-4626-b0e0-ed3c915958e7', 'tester35', 'tester35@test.cardio.app', NULL, '테스터35호', '2026-03-19 13:43:59.812087+00', '2026-03-19 13:43:59.812087+00', 'local', NULL, NULL, NULL, NULL, NULL, false, true, false, false),
	('ae4368e7-f522-4437-898f-9fee3650c268', 'tester36', 'tester36@test.cardio.app', NULL, '테스터36호', '2026-03-19 13:43:59.812087+00', '2026-03-19 13:43:59.812087+00', 'local', NULL, NULL, NULL, NULL, NULL, false, true, false, false),
	('578c6642-a251-46b5-84ad-8db31549f952', 'tester37', 'tester37@test.cardio.app', NULL, '테스터37호', '2026-03-19 13:43:59.812087+00', '2026-03-19 13:43:59.812087+00', 'local', NULL, NULL, NULL, NULL, NULL, false, true, false, false),
	('bb119355-b608-415a-a00c-dc2de9237564', 'tester38', 'tester38@test.cardio.app', NULL, '테스터38호', '2026-03-19 13:43:59.812087+00', '2026-03-19 13:43:59.812087+00', 'local', NULL, NULL, NULL, NULL, NULL, false, true, false, false),
	('77ea11c1-3a14-43d5-8f81-2459546eb708', 'tester39', 'tester39@test.cardio.app', NULL, '테스터39호', '2026-03-19 13:43:59.812087+00', '2026-03-19 13:43:59.812087+00', 'local', NULL, NULL, NULL, NULL, NULL, false, true, false, false),
	('69f6b98d-5a6e-4933-9ac6-e8882c40a0b4', 'tester40', 'tester40@test.cardio.app', NULL, '테스터40호', '2026-03-19 13:43:59.812087+00', '2026-03-19 13:43:59.812087+00', 'local', NULL, NULL, NULL, NULL, NULL, false, true, false, false),
	('c422a546-0c16-4efd-aad8-cfd184cc0463', 'tester41', 'tester41@test.cardio.app', NULL, '테스터41호', '2026-03-19 13:43:59.812087+00', '2026-03-19 13:43:59.812087+00', 'local', NULL, NULL, NULL, NULL, NULL, false, true, false, false),
	('cc1c1182-6808-4b6a-b030-c536d2688740', 'tester42', 'tester42@test.cardio.app', NULL, '테스터42호', '2026-03-19 13:43:59.812087+00', '2026-03-19 13:43:59.812087+00', 'local', NULL, NULL, NULL, NULL, NULL, false, true, false, false),
	('db3a6757-498f-44e0-b9d0-861a8ffae000', 'tester43', 'tester43@test.cardio.app', NULL, '테스터43호', '2026-03-19 13:43:59.812087+00', '2026-03-19 13:43:59.812087+00', 'local', NULL, NULL, NULL, NULL, NULL, false, true, false, false),
	('23056843-6aa4-4fda-8949-23972cf06223', 'tester44', 'tester44@test.cardio.app', NULL, '테스터44호', '2026-03-19 13:43:59.812087+00', '2026-03-19 13:43:59.812087+00', 'local', NULL, NULL, NULL, NULL, NULL, false, true, false, false),
	('90a98033-cb80-4c46-956f-abe5f7671a95', 'tester45', 'tester45@test.cardio.app', NULL, '테스터45호', '2026-03-19 13:43:59.812087+00', '2026-03-19 13:43:59.812087+00', 'local', NULL, NULL, NULL, NULL, NULL, false, true, false, false),
	('53e7db7f-3ad6-4619-a592-fb3ca6eaeca4', 'tester46', 'tester46@test.cardio.app', NULL, '테스터46호', '2026-03-19 13:43:59.812087+00', '2026-03-19 13:43:59.812087+00', 'local', NULL, NULL, NULL, NULL, NULL, false, true, false, false),
	('b7d9b890-661a-4b75-bde5-a396a1e2cb8d', 'tester47', 'tester47@test.cardio.app', NULL, '테스터47호', '2026-03-19 13:43:59.812087+00', '2026-03-19 13:43:59.812087+00', 'local', NULL, NULL, NULL, NULL, NULL, false, true, false, false),
	('febe6110-c46b-44bd-94bd-4c2f24cef028', 'tester48', 'tester48@test.cardio.app', NULL, '테스터48호', '2026-03-19 13:43:59.812087+00', '2026-03-19 13:43:59.812087+00', 'local', NULL, NULL, NULL, NULL, NULL, false, true, false, false),
	('b60d0bed-dae3-4ed5-bb88-95b9a86c2a43', 'tester49', 'tester49@test.cardio.app', NULL, '테스터49호', '2026-03-19 13:43:59.812087+00', '2026-03-19 13:43:59.812087+00', 'local', NULL, NULL, NULL, NULL, NULL, false, true, false, false),
	('16351284-dc64-472f-888e-6d92c00dc8e5', 'tester50', 'tester50@test.cardio.app', NULL, '테스터50호', '2026-03-19 13:43:59.812087+00', '2026-03-19 13:43:59.812087+00', 'local', NULL, NULL, NULL, NULL, NULL, false, true, false, false),
	('1eb0e4e9-a74e-4598-8774-b22dc5bdeb17', 'kakao_4706376656', 'saurusss@gmail.com', '4706376656', '양만엽', '2026-03-20 13:11:55.780537+00', '2026-03-20 13:11:55.780537+00', 'kakao', 'http://k.kakaocdn.net/dn/FPdjT/btqUoeqOcOH/yz75RKK0Ma6M7e44hfPOK0/img_640x640.jpg', '+82 10-3124-8626', '1962', 'male', NULL, false, false, false, false),
	('adcb3c60-4dfd-4419-8372-388563d05e4c', 'kakao_4809511262', 'bobbyno89@naver.com', '4809511262', '김성민', '2026-03-23 01:59:11.889039+00', '2026-03-23 01:59:11.889039+00', 'kakao', 'http://k.kakaocdn.net/dn/bjL3yL/dJMcaakaGDX/lKeoyW89gjlWooCze0nta1/img_640x640.jpg', '+82 10-8791-7386', '1989', 'male', '김성민', false, false, false, false),
	('f0fdb89e-08bc-4679-8ad9-2e0efc11130e', 'kakao_4810106298', 'kimarea0501@hanmail.net', '4810106298', '김무준', '2026-03-23 07:54:41.74518+00', '2026-03-23 07:54:41.74518+00', 'kakao', 'http://k.kakaocdn.net/dn/cLOsLF/btsEf1e5sua/eFZXbTmysKmnfd3js3Zr6k/img_640x640.jpg', '+82 10-7281-7362', '1988', 'male', '김무준', true, false, false, false),
	('036ac37d-7e89-4c64-a523-ccf73674cf36', 'kakao_4811075741', 'nununa98@kakao.com', '4811075741', '홍지훈', '2026-03-24 00:04:06.797653+00', '2026-03-24 00:04:06.797653+00', 'kakao', 'http://k.kakaocdn.net/dn/hzdxC/dJMcaaKKi9Y/gsBcxD820Kd9beadJG2qek/img_640x640.jpg', '+82 10-4816-0846', '1979', 'male', '홍지훈', false, false, false, false),
	('48941b2d-35ea-4d6a-9cb9-0f9e9421f31f', 'kakao_4810161918', 'brian.ej.choi@gmail.com', '4810161918', '최은진', '2026-03-23 08:27:45.994756+00', '2026-03-23 08:27:45.994756+00', 'kakao', 'http://k.kakaocdn.net/dn/N8UX0/dJMcafzcz2M/UasQMeBXnK1wkeyLhyCUn1/img_640x640.jpg', '+82 10-2622-5218', '1985', 'male', '최은진 (Brian Choi)', true, false, false, false),
	('a566d47e-ff8d-4c85-aea1-1cbe54377cca', 'kakao_4812771401', 'lmeany@naver.com', '4812771401', '김성욱', '2026-03-24 23:35:39.147082+00', '2026-03-24 23:35:39.147082+00', 'kakao', 'http://k.kakaocdn.net/dn/bTusAN/btsM3TMDQbF/V9rAN119CLEXbPP0dW9be0/img_640x640.jpg', '+82 10-8880-0081', '1986', 'male', NULL, false, false, false, false),
	('7fff6df0-f6f9-40b9-a113-442e8c6b28c0', 'kakao_4812788652', 'hosuny1@nate.com', '4812788652', '엄호선', '2026-03-24 23:50:22.898234+00', '2026-03-24 23:50:22.898234+00', 'kakao', 'http://img1.kakaocdn.net/thumb/R640x640.q70/?fname=http://t1.kakaocdn.net/account_images/default_profile.jpeg', '+82 10-7670-6853', NULL, NULL, NULL, false, false, false, false),
	('8d610a7f-41fa-472c-86f4-f1bf47c4ff43', 'kakao_4812785106', 'jsy1128@hotmail.com', '4812785106', '양진석', '2026-03-24 23:47:21.987337+00', '2026-03-24 23:47:21.987337+00', 'kakao', 'http://k.kakaocdn.net/dn/baGZAu/btrEc4jBBiq/HNZR5TU3gdDMJF71dc0wJ1/img_640x640.jpg', '+82 10-7164-2272', '1970', 'male', '양진석', false, false, false, false),
	('1fc15443-a8aa-4653-9e70-802b2b2855ed', 'kakao_4812805386', 'taehwan89.kim@gmail.com', '4812805386', '김태환', '2026-03-25 00:04:14.225929+00', '2026-03-25 00:04:14.225929+00', 'kakao', 'http://k.kakaocdn.net/dn/00dFf/btsLBhPkzDt/Du2PYx6o3lcB2bHR9IP8GK/img_640x640.jpg', '+82 10-4425-5061', '1989', 'male', NULL, false, false, false, false),
	('1e379fe1-ea07-44b2-8915-7bf356b82936', 'kakao_4812766382', 'jongha88@nate.com', '4812766382', '신종하', '2026-03-24 23:31:14.386256+00', '2026-03-24 23:31:14.386256+00', 'kakao', 'http://k.kakaocdn.net/dn/bT9mDr/dJMcacotub1/AhMEQq8i5PrOhajikbbsWK/img_640x640.jpg', '+82 10-3837-2090', '1988', 'male', '신종하', false, false, false, false),
	('60058e2c-f681-40e8-b708-580553a07264', 'kakao_4812767227', 'taeyeong.chae@gmail.com', '4812767227', '채태영', '2026-03-24 23:32:00.122994+00', '2026-03-24 23:32:00.122994+00', 'kakao', 'http://k.kakaocdn.net/dn/JwZ3L/dJMcacoFB0S/s9dpTInuKjZi90A9cAjhI1/img_640x640.jpg', '+82 10-8586-6543', '1987', 'male', '채태영', false, false, false, false),
	('80fd04b7-5c69-432e-aa30-d9a24f03e72b', 'kakao_4813301769', 'lsk15dl@daum.net', '4813301769', '이선관', '2026-03-25 05:21:44.939557+00', '2026-03-25 05:21:44.939557+00', 'kakao', 'http://k.kakaocdn.net/dn/qVVpX/btsObHdyugB/CYTZ6E3KtQp3CykOGaPge0/img_640x640.jpg', '+82 10-9012-2661', '1984', 'male', '선관', false, false, false, false),
	('c56262a3-c472-4fdf-82e7-1c6226957254', 'kakao_4812762223', 'qlsdydtjr84@naver.com', '4812762223', '빈용석', '2026-03-24 23:27:26.358363+00', '2026-03-24 23:27:26.358363+00', 'kakao', 'http://k.kakaocdn.net/dn/bG3Bui/btsM2HFvaiI/NfgTxfEew25f508wjGUWgk/img_640x640.jpg', '+82 10-5154-4784', '1984', 'male', '용석', false, false, false, false),
	('682fdcd4-733f-46f9-95ab-6ac0d8d67a9f', 'kakao_4701345723', 'alice9259@naver.com', '4701345723', '이상은', '2026-03-30 01:07:23.112982+00', '2026-03-30 01:07:23.112982+00', 'kakao', 'http://k.kakaocdn.net/dn/bGb8WM/btsK4cgbPta/IUqWH66nj0ZPkHaj957aW1/img_640x640.jpg', '+82 10-5098-5950', '1992', 'female', NULL, false, false, false, false),
	('8ada6a16-06a2-4668-b46a-d7214b840f92', 'kakao_4799471180', 'minsup88@naver.com', '4799471180', '손민섭', '2026-03-16 11:36:40.909923+00', '2026-03-16 11:36:40.909923+00', 'kakao', 'http://k.kakaocdn.net/dn/ddNS2A/btsL4webmO0/zuakUPeHnVrZoaQbD2VbF1/img_640x640.jpg', '+82 10-3558-7195', '', '', '손민섭', false, false, false, false),
	('deef7054-b056-4178-a3fe-05b1d973354a', 'kakao_4812762113', 'jinuknows@naver.com', '4812762113', '이진우', '2026-03-24 23:27:21.827181+00', '2026-03-24 23:27:21.827181+00', 'kakao', 'http://k.kakaocdn.net/dn/bE4jao/dJMcaih7UVg/JtbuLATXeLTBNZzTgWTEt1/img_640x640.jpg', '+82 10-7109-7701', '1981', 'male', '이진우', false, false, false, false),
	('fcc0e2b4-8688-45da-808c-6d2daad458a9', 'kakao_4706062513', 'reshy@kakao.com', '4706062513', '양석환', '2026-03-23 06:33:16.700873+00', '2026-03-23 06:33:16.700873+00', 'kakao', 'http://k.kakaocdn.net/dn/matYX/btskSoujegR/k63drZkDvWiLqB9sPKT2Fk/img_640x640.jpg', '+82 10-3039-8626', '1990', 'male', '양석환', true, false, false, false),
	('d9f76084-3377-4f1f-aaa2-e32b387fb416', 'kakao_4823439734', 'rkdrkd92@naver.com', '4823439734', '남상우', '2026-03-31 06:07:28.810947+00', '2026-03-31 06:07:28.810947+00', 'kakao', 'http://k.kakaocdn.net/dn/dZbSpM/dJMcacie7zZ/vyVvICctF65KQat9XOu6mK/img_640x640.jpg', '+82 10-9916-1165', '1992', 'male', '남상우', false, false, false, false),
	('4429e22f-dfa2-4a98-aef0-cdde6d5f5339', 'kakao_4823438197', 'fan83@naver.com', '4823438197', '임관선', '2026-03-31 06:06:33.791283+00', '2026-03-31 06:06:33.791283+00', 'kakao', 'http://k.kakaocdn.net/dn/efCMIq/btrQeOo1owL/LkYLIjKlnCKBiGe0lFpyxk/img_640x640.jpg', '+82 10-2319-9660', '1983', 'male', NULL, false, false, false, false),
	('65ffc3ee-1c91-48ee-806a-e4ff68ac2afc', 'kakao_4823440250', 'm.ji@kakao.com', '4823440250', '임지훈', '2026-03-31 06:07:51.204647+00', '2026-03-31 06:07:51.204647+00', 'kakao', 'http://k.kakaocdn.net/dn/wkqzT/btsMmY9PqjJ/0iKBdLC9kNTpEpfstIBPN1/img_640x640.jpg', '+82 10-2388-4131', '1990', 'male', NULL, false, false, false, false),
	('f808a338-eb26-4e1c-957f-8c4858dd491a', 'kakao_4823441194', 'aowltusdhqm@naver.com', '4823441194', '김지윤', '2026-03-31 06:08:25.507683+00', '2026-03-31 06:08:25.507683+00', 'kakao', 'http://k.kakaocdn.net/dn/QKo21/dJMcacWtIqN/taofeOwBmTaQ2SKcDjmXC1/img_640x640.jpg', '+82 10-5170-2483', '1995', 'male', NULL, false, false, false, false),
	('03a2d5c1-2729-4dac-85a2-7f02e4191ccf', 'kakao_4823550854', 'skylotus@kakao.com', '4823550854', '명세준', '2026-03-31 07:16:22.40807+00', '2026-03-31 07:16:22.40807+00', 'kakao', 'http://k.kakaocdn.net/dn/nQEWo/dJMcacWdQeA/sTmVLndYKebqU71rEayFx1/img_640x640.jpg', '+82 10-8915-7000', '1978', 'male', '명세준 (Sejun Myeong)', false, false, false, false),
	('1d23ce09-72a6-4079-8fca-be09c45e8da7', 'kakao_4823438010', 'machos2@naver.com', '4823438010', '박경현', '2026-03-31 06:06:26.199879+00', '2026-03-31 06:06:26.199879+00', 'kakao', 'http://k.kakaocdn.net/dn/wRm5v/dJMcacWxUVx/M9VU3LIPo29OlJrc91BEJ0/img_640x640.jpg', '+82 10-5603-1052', '1990', 'male', '박경현', false, false, false, false),
	('d380f173-c4d2-4709-9d0e-0f9a3daa5cba', 'kakao_4823448061', 'psh9544@kakao.com', '4823448061', '박소희', '2026-03-31 06:12:38.708112+00', '2026-03-31 06:12:38.708112+00', 'kakao', 'http://img1.kakaocdn.net/thumb/R640x640.q70/?fname=http://t1.kakaocdn.net/account_images/default_profile.jpeg', '+82 10-8304-9544', '1997', 'female', NULL, false, false, false, false),
	('544dfa2f-3482-43f9-b569-c35508b2ec63', 'kakao_4823474484', 'haru9009@kakao.com', '4823474484', '김수원', '2026-03-31 06:29:13.079769+00', '2026-03-31 06:29:13.079769+00', 'kakao', 'http://k.kakaocdn.net/dn/qBjBw/dJMcacuZjuC/P0iXdcH7omAhK7lcEF4ty1/img_640x640.jpg', '+82 10-3938-9009', '1978', 'male', '김수원', false, false, false, false),
	('cb12920c-b2c4-42cc-9f12-9be4bef14c84', 'kakao_4823639297', 'rainy0413@hanmail.net', '4823639297', '이원석', '2026-03-31 08:10:13.789713+00', '2026-03-31 08:10:13.789713+00', 'kakao', 'http://k.kakaocdn.net/dn/4AuZe/dJMcagx4b5I/m53wKHPpQ6QcbHNFVuoegK/img_640x640.jpg', '+82 10-4914-0755', '1979', 'male', '이원석', false, false, false, false),
	('28dfc586-a46a-445a-ba24-e5982357e2e2', 'kakao_4823506505', 'joongoo81@naver.com', '4823506505', '김준구', '2026-03-31 06:49:18.331561+00', '2026-03-31 06:49:18.331561+00', 'kakao', 'http://k.kakaocdn.net/dn/Jy7rQ/btsGqWhNnqv/5Ie5kr7EQR7754gJkrLX10/img_640x640.jpg', '+82 10-8587-8159', '1981', 'male', NULL, false, false, false, false),
	('38547d93-9d62-467d-a442-41bedb5171a7', 'kakao_4823535206', 'runnerup@kakao.com', '4823535206', '정재원', '2026-03-31 07:06:51.336105+00', '2026-03-31 07:06:51.336105+00', 'kakao', 'http://k.kakaocdn.net/dn/onUUt/dJMcabQ3TK3/v8zm8zKR1SCfj9N6xe2CJK/img_640x640.jpg', '+82 10-9564-3160', '1980', NULL, NULL, false, false, false, false),
	('8715acbd-e590-4d59-9c0f-602a6ae57b85', 'kakao_4823539557', 'saint29@hanmail.net', '4823539557', '이웅환', '2026-03-31 07:09:28.858263+00', '2026-03-31 07:09:28.858263+00', 'kakao', 'http://img1.kakaocdn.net/thumb/R640x640.q70/?fname=http://t1.kakaocdn.net/account_images/default_profile.jpeg', '+82 10-4751-2667', '1970', 'male', NULL, false, false, false, false),
	('e17e83dc-3eab-4c4b-b700-fd6913bbf366', 'kakao_4823541071', 'wjdgjf3434@kakao.com', '4823541071', '허정언', '2026-03-31 07:10:24.744333+00', '2026-03-31 07:10:24.744333+00', 'kakao', 'http://k.kakaocdn.net/dn/AD8bO/dJMcagKyCKH/fHDnHU85cv2d3BUf9HyNK0/img_640x640.jpg', '+82 10-7793-7690', '1992', 'male', NULL, false, false, false, false),
	('854311ed-37ee-4b87-a020-66df9b3c5a0e', 'kakao_4823545828', 'karisbum@hotmail.com', '4823545828', '김범수', '2026-03-31 07:13:19.866763+00', '2026-03-31 07:13:19.866763+00', 'kakao', 'http://k.kakaocdn.net/dn/q9ogp/dJMcachygCP/TedezmPvoEsJ6xgxuPcOtK/img_640x640.jpg', '+82 10-7749-8616', '1986', 'male', NULL, false, false, false, false),
	('48c3951d-58ba-48c8-899b-5cbfe67f8420', 'kakao_4823476919', 'cgbae37@kakao.com', '4823476919', '배창기', '2026-03-31 06:30:44.276361+00', '2026-03-31 06:30:44.276361+00', 'kakao', 'http://k.kakaocdn.net/dn/VT5Rz/dJMcacJeNEB/WPikThjf08l4Az16dR6Yu0/img_640x640.jpg', '+82 10-9778-4393', '1986', 'male', 'Simon', false, false, false, false),
	('225d72ff-acbd-4e38-8867-9911d0271582', 'kakao_4823539627', 'rfd18@hanmail.net', '4823539627', '전동완', '2026-03-31 07:09:31.88549+00', '2026-03-31 07:09:31.88549+00', 'kakao', 'http://k.kakaocdn.net/dn/Dm4h5/dJMcaa4VyBN/BXA8XeKExY53s3fr90mfGk/img_640x640.jpg', '+82 10-9482-5075', '', '', '전동완', false, false, false, false),
	('a9bbbbe7-b415-4290-9bcb-31ac341fea45', 'kakao_4810079160', 'hdh2hd@hanmail.net', '4810079160', '하동훈', '2026-03-23 07:38:49.047668+00', '2026-03-23 07:38:49.047668+00', 'kakao', 'http://k.kakaocdn.net/dn/dfaP4L/dJMcahjt8Xr/DZ0c3sCRvvS4etLhnKun0K/img_640x640.jpg', '+82 10-4855-4214', '1983', 'male', '하동훈', true, false, false, false),
	('d4402a4f-aa0c-489b-9d71-0a568aeef15c', 'kakao_4823439993', 'shssin7970@naver.com', '4823439993', '신호석', '2026-03-31 06:07:39.490961+00', '2026-03-31 06:07:39.490961+00', 'kakao', 'http://k.kakaocdn.net/dn/bgKUmR/dJMcaihTTGj/1rhdU6zFLtC0nFyecoviV1/img_640x640.jpg', '+82 10-4394-7970', '1983', 'male', '신호석', false, false, false, false),
	('a9c41beb-1fef-4741-a610-fd92bfb33398', 'kakao_4823535072', 'strider1004@korea.ac.kr', '4823535072', '이정익', '2026-03-31 07:06:46.42094+00', '2026-03-31 07:06:46.42094+00', 'kakao', 'http://k.kakaocdn.net/dn/ee0IHs/dJMcagqoeNm/FyogKusYwLIzXWDaXFrIC0/img_640x640.jpg', '+82 10-6384-2733', '1989', 'male', '이정익', false, false, false, false),
	('bc5a68d0-8b29-4d88-9710-8b57efdc9829', 'kakao_4823655885', 'cune@naver.com', '4823655885', '김도현', '2026-03-31 08:20:17.911198+00', '2026-03-31 08:20:17.911198+00', 'kakao', 'http://k.kakaocdn.net/dn/vQx5v/btsMsTtUt9j/0cKSNwWJUCMkt1mZYzBkBK/img_640x640.jpg', '+82 10-8749-7489', '1988', 'male', NULL, false, false, false, false),
	('634e39b4-4346-4006-941f-a165573b8cfc', 'kakao_4823572233', 'se1311@naver.com', '4823572233', '채정현', '2026-03-31 07:29:10.30249+00', '2026-03-31 07:29:10.30249+00', 'kakao', 'http://k.kakaocdn.net/dn/wgVwb/btsz81Yo3FG/2Bu9OL3FlK31uGUGaKZbG0/img_640x640.jpg', '+82 10-9168-7034', '1981', 'male', '채정현', false, false, false, false),
	('8696bebf-1aa3-468b-86c8-568dbcd700ad', 'kakao_4823461818', 'pirigiin@hanmail.net', '4823461818', '이정혁', '2026-03-31 06:21:15.738751+00', '2026-03-31 06:21:15.738751+00', 'kakao', 'http://k.kakaocdn.net/dn/dD2YRu/dJMcagYAd3B/SUfI5jsDVTNC1wSRw8W2h1/img_640x640.jpg', '+82 10-4119-7881', '1982', 'male', '이정혁', false, false, false, false),
	('02a4e33d-aaf5-4ea7-8e63-a6168acb33c2', 'kakao_4823444493', 'cms38317@naver.com', '4823444493', '조명수', '2026-03-31 06:10:26.516136+00', '2026-03-31 06:10:26.516136+00', 'kakao', 'http://k.kakaocdn.net/dn/dGV113/dJMcahwpHYi/QKsoJ9iaePbOMzQkSKn3l1/img_640x640.jpg', '+82 10-8021-7982', '1979', 'male', '배고픈맹(조명수)', false, false, false, false),
	('04d4a07c-0683-4e82-a533-eda9ced8b2bb', 'kakao_4823504287', 'hongsdsd@nate.com', '4823504287', '홍건우', '2026-03-31 06:47:54.233542+00', '2026-03-31 06:47:54.233542+00', 'kakao', 'http://k.kakaocdn.net/dn/btLXjz/btsQe80Bqi9/kuTw5Dd8m251igA8HMVwQ0/img_640x640.jpg', '+82 10-3377-5857', '1984', 'male', '홍건우', false, false, false, false),
	('f88dfca3-096b-439a-97e3-fa14df921165', 'kakao_4823665785', 'abcdfull@naver.com', '4823665785', '이충만', '2026-03-31 08:26:14.584092+00', '2026-03-31 08:26:14.584092+00', 'kakao', 'http://k.kakaocdn.net/dn/bWafJ6/dJMcad2uxFn/DVmFAcY6w69fSKVk7ANNck/img_640x640.jpg', '+82 10-4634-3825', '1985', 'male', NULL, false, false, false, false),
	('636dfb3a-e186-46e7-b609-cd7b00747763', 'kakao_4823659666', 'jihajeon@hanmail.net', '4823659666', '전지하', '2026-03-31 08:22:35.226185+00', '2026-03-31 08:22:35.226185+00', 'kakao', 'http://k.kakaocdn.net/dn/NpPnl/dJMcai9viAO/Jjf6TcxYq6ef8XXAaNyPTk/img_640x640.jpg', '+82 10-2864-8500', '', '', '지하', false, false, false, false),
	('08d243c1-b28c-4b1b-aa91-e2fb96bf1098', 'kakao_4823822982', 'bchan0609@gmail.com', '4823822982', '최병찬', '2026-03-31 10:05:32.376706+00', '2026-03-31 10:05:32.376706+00', 'kakao', 'http://img1.kakaocdn.net/thumb/R640x640.q70/?fname=http://t1.kakaocdn.net/account_images/default_profile.jpeg', '+82 10-3102-9980', '1995', 'male', NULL, false, false, false, false),
	('dca4aaab-b93b-44d5-89cb-b51723049a04', 'kakao_4823445313', 'sky1004sc@nate.com', '4823445313', '오수찬', '2026-03-31 06:10:56.386836+00', '2026-03-31 06:10:56.386836+00', 'kakao', 'http://k.kakaocdn.net/dn/bX4VBQ/dJMcaiCsAGw/ftSmDtB66EFlbLkRPMMNj0/img_640x640.jpg', '+82 10-2893-5040', '1988', 'male', '찬이', false, false, false, false),
	('808b9197-1a73-4603-9e68-354b97c01ea2', 'kakao_4823835252', 'woo821217@naver.com', '4823835252', '우진옥', '2026-03-31 10:13:17.615938+00', '2026-03-31 10:13:17.615938+00', 'kakao', 'http://k.kakaocdn.net/dn/TPDKd/dJMcahKprMB/UCtUiE5iZJLhlZjpyKR9jK/img_640x640.jpg', '+82 10-9394-2238', '1982', 'female', NULL, false, false, false, false);


--
-- Data for Name: audit_logs; Type: TABLE DATA; Schema: public; Owner: postgres
--



--
-- Data for Name: cardio_details; Type: TABLE DATA; Schema: public; Owner: postgres
--



--
-- Data for Name: challenges; Type: TABLE DATA; Schema: public; Owner: postgres
--

INSERT INTO "public"."challenges" ("id", "scope", "club_id", "created_by", "title", "description", "goal_metric", "goal_value", "current_value", "start_date", "end_date", "status", "meta_data", "origin_challenge_id", "created_at", "updated_at", "rules", "theme_color") VALUES
	('bc4e66b0-57ba-4a9a-b8af-733c1a8c1f6f', 'global', NULL, 'ac25ca98-c7ce-4d3b-bf89-b94cb945cdf0', '🎉 웰컴 챌린지: 작심삼일 타파!', '가입 후 3일 연속 운동 기록하기', 'total_workouts', 3, 0, '2026-01-01', '2026-12-31', 'active', '{"tier": "bronze", "reward": "프로필 배지", "badge_url": "welcome_badge.png"}', NULL, '2026-01-20 00:13:05.25062+00', '2026-01-20 00:13:05.25062+00', NULL, '#8b5cf6'),
	('1efc2bcb-9422-4ee3-90a9-d4a38f1d3614', 'global', NULL, 'ac25ca98-c7ce-4d3b-bf89-b94cb945cdf0', '❄️ 2026 윈터 시즌: 설국열차', '1월 한 달간 총 볼륨 10톤 달성하기', 'total_volume', 10000, 0, '2026-01-01', '2026-01-31', 'active', '{"tier": "silver", "season": "2026-Winter", "badge_url": "winter_badge.png"}', NULL, '2026-01-20 00:13:05.25062+00', '2026-01-20 00:13:05.25062+00', NULL, '#8b5cf6'),
	('f939e93c-5fac-4b8a-b051-eed2fc2dc731', 'club', '6bce49d6-326d-445d-9315-36dc29f2175e', 'fc18429b-a83f-4e84-b85f-21196eef0f1c', '달려요 1,000km', '달리면 제가 밥삽니다', 'custom', 1000, 0, '2026-01-21', '2026-01-28', 'active', '{}', NULL, '2026-01-21 14:02:47.039057+00', '2026-01-21 14:02:47.039057+00', '{"unit": "kg", "filter": {"type": ["cardio"]}, "goal_value": 1000, "aggregation": "sum", "target_metric": "volume_kg"}', '#8b5cf6');


--
-- Data for Name: workout_logs; Type: TABLE DATA; Schema: public; Owner: postgres
--

INSERT INTO "public"."workout_logs" ("id", "user_id", "date", "raw_text", "normalized_text", "memo", "created_at", "updated_at", "is_private") VALUES
	('8080c8ba-cad6-418c-bdb3-d6ad5fe0c636', 'fc18429b-a83f-4e84-b85f-21196eef0f1c', '2025-12-30', '사레레 4kg 15회 3세트 했음. 
이두쪽이 오히려 아픈거같아서 문제가 있는듯.
', '사레레 4kg 15회 3세트 했음. 
이두쪽이 오히려 아픈거같아서 문제가 있는듯.
', NULL, '2025-12-30 00:43:31.495832+00', '2025-12-30 00:43:31.495832+00', false),
	('d019f43c-a8db-4288-9652-1998ee198d73', 'fc18429b-a83f-4e84-b85f-21196eef0f1c', '2025-12-30', '스텝밀 52rpm 10분 탔음
버틸만했음.', '스텝밀 52rpm 10분 탔음
버틸만했음.', NULL, '2025-12-30 00:44:00.783919+00', '2025-12-30 00:44:00.783919+00', false),
	('565ca523-0f52-4b6a-bbfe-0e803447316b', 'fc18429b-a83f-4e84-b85f-21196eef0f1c', '2026-01-05', '스텝밀 52 rpm 12분', '스텝밀 52 rpm 12분', NULL, '2026-01-05 09:27:40.543762+00', '2026-01-05 09:27:40.543762+00', false),
	('d1eacd0b-bf38-4b69-bfc6-a3d5c6d866ce', 'fc18429b-a83f-4e84-b85f-21196eef0f1c', '2025-12-30', '뭐? 뭐? 브이샷 같아 아니야 그거 버렸어 잠깐만 잠깐만 형 그런게 아니고 그냥 아무게만 하는거지 트레드밀 5킬로미터 속도로 50분 띔 이렇게 하고', '뭐? 뭐? 브이샷 같아 아니야 그거 버렸어 잠깐만 잠깐만 형 그런게 아니고 그냥 아무게만 하는거지 트레드밀 5킬로미터 속도로 50분 띔 이렇게 하고', NULL, '2025-12-30 12:38:17.226274+00', '2025-12-30 12:38:17.226274+00', false),
	('917ddd06-fbbe-4534-bb3a-1e83d6f5b69f', 'fc18429b-a83f-4e84-b85f-21196eef0f1c', '2025-12-30', '파워 레그 프레스 40kg에서 160kg 20번씩 4회에서 5세트 정도 했고 슈퍼 스쿼트 20kg에서 40kg로 20회 3세트 했고요 그리고 슈퍼런지 20kg 꽂고 15개씩 2세트 했습니다', '파워 레그 프레스 40kg에서 160kg 20번씩 4회에서 5세트 정도 했고 슈퍼 스쿼트 20kg에서 40kg로 20회 3세트 했고요 그리고 슈퍼런지 20kg 꽂고 15개씩 2세트 했습니다', NULL, '2025-12-30 12:39:00.341174+00', '2025-12-30 12:39:00.341174+00', false),
	('166591f2-8758-48e1-b131-010c4a6f9a2b', 'fc18429b-a83f-4e84-b85f-21196eef0f1c', '2025-12-30', '스노우보드 최상급 리조트, 최상급 슬로프 8번 런함', '스노우보드 최상급 리조트, 최상급 슬로프 8번 런함', NULL, '2025-12-30 12:40:04.423017+00', '2025-12-30 12:40:04.423017+00', false),
	('0327bc4f-8f70-44d2-b093-e280483fb7d4', 'fc18429b-a83f-4e84-b85f-21196eef0f1c', '2025-12-31', '스노보드 최상급슬로프 19런', '스노보드 최상급슬로프 19런', NULL, '2026-01-05 08:54:29.843923+00', '2026-01-05 08:54:29.843923+00', false),
	('c871e732-afbb-4eae-80be-7a19d217cf80', 'fc18429b-a83f-4e84-b85f-21196eef0f1c', '2026-01-01', '스노보드 최상급 슬로프 10런', '스노보드 최상급 슬로프 10런', NULL, '2026-01-05 08:55:07.377138+00', '2026-01-05 08:55:07.377138+00', false),
	('8d60a9c0-fe60-4779-a93b-86185541f994', 'fc18429b-a83f-4e84-b85f-21196eef0f1c', '2026-01-02', '스노보드 최상급 슬로프 10런', '스노보드 최상급 슬로프 10런', NULL, '2026-01-05 08:55:30.422334+00', '2026-01-05 08:55:30.422334+00', false),
	('dd8e2f8c-538e-4d1e-a929-3abfe8109d66', 'fc18429b-a83f-4e84-b85f-21196eef0f1c', '2026-01-03', '스노보드 최상급 슬로프 10런', '스노보드 최상급 슬로프 10런', NULL, '2026-01-05 08:55:50.645133+00', '2026-01-05 08:55:50.645133+00', false),
	('a067b1e9-52f4-4420-98c1-09d09fdd872f', 'fc18429b-a83f-4e84-b85f-21196eef0f1c', '2026-01-04', '스노보드 최상급 슬로프 10런', '스노보드 최상급 슬로프 10런', NULL, '2026-01-05 08:56:15.26108+00', '2026-01-05 08:56:15.26108+00', false),
	('5d5c6875-0d46-4bfc-b738-4ce56716dd9f', 'fc18429b-a83f-4e84-b85f-21196eef0f1c', '2026-01-05', '사이클 댐퍼4 60알피엠 15분', '사이클 댐퍼4 60알피엠 15분', NULL, '2026-01-05 09:28:13.73225+00', '2026-01-05 09:28:13.73225+00', false),
	('5fc0d4a7-03e9-4ac9-9bfd-c88841fa5661', 'fc18429b-a83f-4e84-b85f-21196eef0f1c', '2026-01-05', '카프레이즈 12개 2세트', '카프레이즈 12개 2세트', NULL, '2026-01-05 09:59:46.629704+00', '2026-01-05 09:59:46.629704+00', false),
	('bb6640cc-e094-4e53-b2eb-541b73f24626', 'fc18429b-a83f-4e84-b85f-21196eef0f1c', '2026-01-05', '4키로 덤벨 사이드레터랄레이즈 15개 3세트', '4키로 덤벨 사이드레터랄레이즈 15개 3세트', NULL, '2026-01-05 10:00:07.708984+00', '2026-01-05 10:00:07.708984+00', false),
	('7d2a0d95-8b4b-4d30-b37e-06a4e517aaac', 'fc18429b-a83f-4e84-b85f-21196eef0f1c', '2026-01-05', '랫풀다운 20키로 3세트 15개', '랫풀다운 20키로 3세트 15개', NULL, '2026-01-05 10:00:29.216149+00', '2026-01-05 10:00:29.216149+00', false),
	('3d2e732f-def5-400b-b535-cbfe39a88845', 'fc18429b-a83f-4e84-b85f-21196eef0f1c', '2026-01-05', '데드버그 10회 2세트
플랭크 40초 2세트
사이드플랭크 30초 좌우 각 1세트', '데드버그 10회 2세트
플랭크 40초 2세트
사이드플랭크 30초 좌우 각 1세트', NULL, '2026-01-06 02:13:58.695411+00', '2026-01-06 02:13:58.695411+00', false),
	('b738287e-8a8c-4984-afd0-55a243037e07', 'fc18429b-a83f-4e84-b85f-21196eef0f1c', '2026-01-06', '의자 스쿼트 10키로 고블릿 15회 3세트

랫머신 25키로 15회 3세트 랫풀다운

시티드레그프레스 40키로 12회 3세트
', '의자 스쿼트 10키로 고블릿 15회 3세트

랫머신 25키로 15회 3세트 랫풀다운

시티드레그프레스 40키로 12회 3세트
', NULL, '2026-01-06 09:58:29.632295+00', '2026-01-06 09:58:29.632295+00', false),
	('0835a367-4cea-4e19-84fa-032e4997e9dc', 'fc18429b-a83f-4e84-b85f-21196eef0f1c', '2026-01-06', '트레드밀 5.5킬로 속도 10분

사이클 60알피엠 댐퍼4 30분', '트레드밀 5.5킬로 속도 10분

사이클 60알피엠 댐퍼4 30분', NULL, '2026-01-06 09:59:13.456694+00', '2026-01-06 09:59:13.456694+00', false),
	('903a12fe-d40a-4a9b-bed4-be5568ffd766', 'fc18429b-a83f-4e84-b85f-21196eef0f1c', '2026-01-08', '인터벌 러닝
6km속도 2분
8km속도 1분30초 6회 반복.
난이도 6

고블릿 의자 스쿼트
12kg  덤벨
12개
4세트 
난이도 7', '인터벌 러닝
6km속도 2분
8km속도 1분30초 6회 반복.
난이도 6

고블릿 의자 스쿼트
12kg  덤벨
12개
4세트 
난이도 7', NULL, '2026-01-09 00:13:55.545636+00', '2026-01-09 00:13:55.545636+00', false),
	('938e7ae0-174d-4a9a-be60-a2336a93df04', 'fc18429b-a83f-4e84-b85f-21196eef0f1c', '2026-01-09', '
데드버그 10회 2세트', '
데드버그 10회 2세트', NULL, '2026-01-09 13:43:01.21031+00', '2026-01-09 13:43:01.21031+00', false),
	('47825048-07ff-4c16-adbd-c70c6f912855', 'fc18429b-a83f-4e84-b85f-21196eef0f1c', '2026-01-09', '플랭크 40초 ', '플랭크 40초 ', NULL, '2026-01-09 13:43:31.648254+00', '2026-01-09 13:43:31.648254+00', false),
	('4aef3661-9a31-4a2d-9d95-333000acc468', 'fc18429b-a83f-4e84-b85f-21196eef0f1c', '2026-01-09', '

의자 고블릿스쿼트 12킬로 12회 4세트', '

의자 고블릿스쿼트 12킬로 12회 4세트', NULL, '2026-01-09 13:43:51.430157+00', '2026-01-09 13:43:51.430157+00', false),
	('40c233ac-bbbf-419b-96de-97663e24f0c3', 'fc18429b-a83f-4e84-b85f-21196eef0f1c', '2026-01-09', '사이클 10분 댐퍼4 60알피엠
댐퍼5 60알피엠 10분', '사이클 10분 댐퍼4 60알피엠
댐퍼5 60알피엠 10분', NULL, '2026-01-09 13:44:50.622992+00', '2026-01-09 13:44:50.622992+00', false),
	('99c20e69-5a19-4a67-ac22-a0044018a9f9', 'fc18429b-a83f-4e84-b85f-21196eef0f1c', '2026-01-10', '최상급 난이도 스노보드 슬로프 8회 하행 평균심박 132 실제 하행시간 32분 최대 162 심박', '최상급 난이도 스노보드 슬로프 8회 하행 평균심박 132 실제 하행시간 32분 최대 162 심박', NULL, '2026-01-12 00:07:28.703261+00', '2026-01-12 00:07:28.703261+00', false),
	('3df58da1-14ed-4abf-b1db-da74f356dae6', 'fc18429b-a83f-4e84-b85f-21196eef0f1c', '2026-01-11', '최상급슬로프 11런 평균심박137 최고심박 165
보드 하행시간 1시간 10분', '최상급슬로프 11런 평균심박137 최고심박 165
보드 하행시간 1시간 10분', NULL, '2026-01-12 00:08:39.551659+00', '2026-01-12 00:08:39.551659+00', false),
	('1ce7fe7f-d57e-4527-8500-41481fa9b3ef', 'fc18429b-a83f-4e84-b85f-21196eef0f1c', '2026-01-12', '사이클 댐퍼 4 20분 rpm 60(8000m)
사이클 댐퍼 5 10분 알피엠 60 (2천미터)', '사이클 댐퍼 4 20분 rpm 60(8000m)
사이클 댐퍼 5 10분 알피엠 60 (2천미터)', NULL, '2026-01-12 09:55:37.115917+00', '2026-01-12 09:55:37.115917+00', false),
	('ad7582eb-305a-4f12-a4f4-bbc1d1f4ba86', 'fc18429b-a83f-4e84-b85f-21196eef0f1c', '2026-01-13', '스텝밀 레벨6 59알피엠 20분', '스텝밀 레벨6 59알피엠 20분', NULL, '2026-01-15 09:08:38.462415+00', '2026-01-15 09:08:38.462415+00', false),
	('99dc612d-ad8c-4229-a4c6-c780785c7731', 'fc18429b-a83f-4e84-b85f-21196eef0f1c', '2026-01-13', '트레드밀 6km 속도 10분', '트레드밀 6km 속도 10분', NULL, '2026-01-16 00:58:31.718807+00', '2026-01-16 00:58:31.718807+00', false),
	('1708ea4a-ada3-4759-9c24-7dc8fd3fe383', 'fc18429b-a83f-4e84-b85f-21196eef0f1c', '2026-01-15', '트레드밀 인터벌훈련
최대 9km/h 속도 2분 , 최저 5km/h 속도 휴식 2분  총 2.5km 달리기 

페이스풀
중량 10키로 15회 3세트', '트레드밀 인터벌훈련
최대 9km/h 속도 2분 , 최저 5km/h 속도 휴식 2분  총 2.5km 달리기 

페이스풀
중량 10키로 15회 3세트', NULL, '2026-01-16 00:59:29.475367+00', '2026-01-16 00:59:29.475367+00', false),
	('b8039bc9-f3ab-4f55-8580-133553b2e961', 'fc18429b-a83f-4e84-b85f-21196eef0f1c', '2026-01-12', '2km 달리기  인터벌 8km 속도 6km 속도 8km 1분 30초 6km 2분  데드버그  10회 2세트', '2km 달리기  인터벌 8km 속도 6km 속도 8km 1분 30초 6km 2분  데드버그  10회 2세트', NULL, '2026-01-16 01:04:23.650105+00', '2026-01-16 01:04:23.650105+00', false),
	('c84c7a50-72d3-4cd6-a7ac-2e5b7a83d7fb', 'fc18429b-a83f-4e84-b85f-21196eef0f1c', '2026-01-12', '랫풀다운 20킬로 15개 2세트 ', '랫풀다운 20킬로 15개 2세트 ', NULL, '2026-01-12 09:56:04.214854+00', '2026-01-12 09:56:04.214854+00', false),
	('8aadcb16-5a5a-472b-80f3-6ebc48459039', 'fc18429b-a83f-4e84-b85f-21196eef0f1c', '2026-01-12', '랫풀다운 12개 25킬로 2세트', '랫풀다운 12개 25킬로 2세트', NULL, '2026-01-12 09:57:31.939022+00', '2026-01-12 09:57:31.939022+00', false),
	('628ace5d-89e4-4436-933d-c158b680bece', 'fc18429b-a83f-4e84-b85f-21196eef0f1c', '2026-01-12', '시티드 레그프레스 40킬로 15게 3세트
시티드 레그프레스 50킬로 18개 1세트', '시티드 레그프레스 40킬로 15게 3세트
시티드 레그프레스 50킬로 18개 1세트', NULL, '2026-01-12 10:05:03.279925+00', '2026-01-12 10:05:03.279925+00', false),
	('e61cab6a-aa09-4fa0-a538-41dcddb2db7f', 'fc18429b-a83f-4e84-b85f-21196eef0f1c', '2026-01-12', '플랭크 40초 2세트
데드버그 10개 2세트
버드독 10개 1세트', '플랭크 40초 2세트
데드버그 10개 2세트
버드독 10개 1세트', NULL, '2026-01-12 10:18:17.657731+00', '2026-01-12 10:18:17.657731+00', false),
	('da338048-f557-4d78-b3b0-bdce42ba5b16', 'fc18429b-a83f-4e84-b85f-21196eef0f1c', '2026-01-12', '플랭크 40초 2세트
데드버그 10개 2세트
버드독 10개 1세트', '플랭크 40초 2세트
데드버그 10개 2세트
버드독 10개 1세트', NULL, '2026-01-12 10:18:18.217709+00', '2026-01-12 10:18:18.217709+00', false),
	('e50ec04e-9db2-48f3-9be5-b6792d9b1ec2', 'fc18429b-a83f-4e84-b85f-21196eef0f1c', '2026-01-12', '플랭크 40초 2세트
데드버그 10개 2세트
버드독 10개 1세트', '플랭크 40초 2세트
데드버그 10개 2세트
버드독 10개 1세트', NULL, '2026-01-12 10:18:21.161772+00', '2026-01-12 10:18:21.161772+00', false),
	('979036f7-df6d-459b-899f-5fafe21edf10', 'fc18429b-a83f-4e84-b85f-21196eef0f1c', '2026-01-12', '플랭크 40초 2세트
데드버그 10개 2세트
버드독 10개 1세트', '플랭크 40초 2세트
데드버그 10개 2세트
버드독 10개 1세트', NULL, '2026-01-12 10:18:27.477704+00', '2026-01-12 10:18:27.477704+00', false),
	('63c222af-634f-4309-8761-8ed227bfbc1a', 'fc18429b-a83f-4e84-b85f-21196eef0f1c', '2026-01-09', '양 스카이
양 스카이 바보
괜찮아?
어이씨 그건 또 오
나 좀
여기 6분 6분 페이스로 1분 뭐 1시간 달림.
6분 페이스로 1시간 달림.
난 잘 버티는 거 같아.
아이씨 뭘 뭐', '양 스카이
양 스카이 바보
괜찮아?
어이씨 그건 또 오
나 좀
여기 6분 6분 페이스로 1분 뭐 1시간 달림.
6분 페이스로 1시간 달림.
난 잘 버티는 거 같아.
아이씨 뭘 뭐', NULL, '2026-01-09 13:56:25.618655+00', '2026-01-09 13:56:25.618655+00', false),
	('809277cf-49b0-4712-9296-b9ef1f4181c0', '26e2c9b9-1da8-4d19-92c2-71e863074ce2', '2026-01-17', '주회랑 보드 재밌게 타는 중', '주회랑 보드 재밌게 타는 중', NULL, '2026-01-17 00:26:01.377611+00', '2026-01-17 00:26:01.377611+00', false),
	('f021c5a1-c635-41c2-96b2-310abdb4d4f6', 'fc18429b-a83f-4e84-b85f-21196eef0f1c', '2026-01-17', '스노우보드 12런 최상급 슬로프', '스노우보드 12런 최상급 슬로프', NULL, '2026-01-17 07:56:26.18329+00', '2026-01-17 07:56:26.18329+00', false),
	('c75d0bd2-6094-400b-9547-9dc98b2d3bf5', 'c6752a3e-d1ab-4ae7-835c-dcf85b6783a3', '2026-01-18', '푸쉬업 36
의자올리고 푸쉬업 36
내로우 푸쉬업 36

종류별 크런치 30* 8 set', '푸시업 36
의자올리고 푸시업 36
내로우 푸시업 36

종류별 크런치 30* 8 set', NULL, '2026-01-18 02:31:27.152394+00', '2026-01-18 02:31:27.152394+00', false),
	('b0f4b729-4909-4fef-905d-89919ab69f3d', 'fc18429b-a83f-4e84-b85f-21196eef0f1c', '2026-01-18', '스노보드 최상급 슬로프 8런', '스노보드 최상급 슬로프 8런', NULL, '2026-01-19 02:46:26.376694+00', '2026-01-19 02:46:26.376694+00', false),
	('3e12662c-070b-49d8-b2e2-f7260ec7f969', '869e9ba6-f4b1-496e-9735-a391c7022be8', '2026-01-19', '실내 실내 실내 실내 자전거 실내 자전거 40분 실내 자전거 40분', '실내 실내 실내 실내 사이클 실내 사이클 40분 실내 사이클 40분', NULL, '2026-01-19 14:16:22.45651+00', '2026-01-19 14:16:22.45651+00', false),
	('b16efc71-3045-45f9-89ec-a0547ffd7fbd', '26e2c9b9-1da8-4d19-92c2-71e863074ce2', '2026-01-19', '오늘은 오늘은 오늘은 오늘은 오늘은 오늘은 실내 오늘은 실내 오늘은 실내 오늘은 실내 오늘은 실내 자전거를 오늘은 실내 자전거를 했고 오늘은 실내 자전거를 했고 오늘은 실내 자전거를 했고 오늘은 실내 자전거를 했고 오늘은 실내 자전거를 했고 오늘은 실내 자전거를 했고 시간은 오늘은 실내 자전거를 했고 시간은 오늘은 실내 자전거를 했고 시간은 55분에 오늘은 실내 자전거를 했고 시간은 55분에 오늘은 실내 자전거를 했고 시간은 55분에 오늘은 실내 자전거를 했고 시간은 55분에 오늘은 실내 자전거를 했고 시간은 55분에 오늘은 실내 자전거를 했고 시간은 55분에 오늘은 실내 자전거를 했고 시간은 55분에 심박수 오늘은 실내 자전거를 했고 시간은 55분에 심박수 오늘은 실내 자전거를 했고 시간은 55분에 심박수 오늘은 실내 자전거를 했고 시간은 55분에 심박수 평균 오늘은 실내 자전거를 했고 시간은 55분에 심박수 평균 오늘은 실내 자전거를 했고 시간은 55분에 심박수 평균 오늘은 실내 자전거를 했고 시간은 55분에 심박수 평균 120 오늘은 실내 자전거를 했고 시간은 55분에 심박수 평균 120 오늘은 실내 자전거를 했고 시간은 55분에 심박수 평균 120 오늘은 실내 자전거를 했고 시간은 55분에 심박수 평균 120 정도로 오늘은 실내 자전거를 했고 시간은 55분에 심박수 평균 120 정도로 했어 오늘은 실내 자전거를 했고 시간은 55분에 심박수 평균 120 정도로 했어 오늘은 실내 자전거를 했고 시간은 55분에 심박수 평균 120 정도로 했어 오늘은 실내 자전거를 했고 시간은 55분에 심박수 평균 120 정도로 했어 오늘은 실내 자전거를 했고 시간은 55분에 심박수 평균 120 정도로 했어 오늘은 실내 자전거를 했고 시간은 55분에 심박수 평균 120 정도로 했어 오늘은 실내 자전거를 했고 시간은 55분에 심박수 평균 120 정도로 했어 운동 오늘은 실내 자전거를 했고 시간은 55분에 심박수 평균 120 정도로 했어 운동 강도는 오늘은 실내 자전거를 했고 시간은 55분에 심박수 평균 120 정도로 했어 운동 강도는 오늘은 실내 자전거를 했고 시간은 55분에 심박수 평균 120 정도로 했어 운동 강도는 한 오늘은 실내 자전거를 했고 시간은 55분에 심박수 평균 120 정도로 했어 운동 강도는 한 오늘은 실내 자전거를 했고 시간은 55분에 심박수 평균 120 정도로 했어 운동 강도는 한 오늘은 실내 자전거를 했고 시간은 55분에 심박수 평균 120 정도로 했어 운동 강도는 한 오늘은 실내 자전거를 했고 시간은 55분에 심박수 평균 120 정도로 했어 운동 강도는 한 오늘은 실내 자전거를 했고 시간은 55분에 심박수 평균 120 정도로 했어 운동 강도는 한 오늘은 실내 자전거를 했고 시간은 55분에 심박수 평균 120 정도로 했어 운동 강도는 한 약하다고 오늘은 실내 자전거를 했고 시간은 55분에 심박수 평균 120 정도로 했어 운동 강도는 한 약하다고 생각하는데 오늘은 실내 자전거를 했고 시간은 55분에 심박수 평균 120 정도로 했어 운동 강도는 한 약하다고 생각하는데', '오늘은 오늘은 오늘은 오늘은 오늘은 오늘은 실내 오늘은 실내 오늘은 실내 오늘은 실내 오늘은 실내 사이클를 오늘은 실내 사이클를 했고 오늘은 실내 사이클를 했고 오늘은 실내 사이클를 했고 오늘은 실내 사이클를 했고 오늘은 실내 사이클를 했고 오늘은 실내 사이클를 했고 시간은 오늘은 실내 사이클를 했고 시간은 오늘은 실내 사이클를 했고 시간은 55분에 오늘은 실내 사이클를 했고 시간은 55분에 오늘은 실내 사이클를 했고 시간은 55분에 오늘은 실내 사이클를 했고 시간은 55분에 오늘은 실내 사이클를 했고 시간은 55분에 오늘은 실내 사이클를 했고 시간은 55분에 오늘은 실내 사이클를 했고 시간은 55분에 심박수 오늘은 실내 사이클를 했고 시간은 55분에 심박수 오늘은 실내 사이클를 했고 시간은 55분에 심박수 오늘은 실내 사이클를 했고 시간은 55분에 심박수 평균 오늘은 실내 사이클를 했고 시간은 55분에 심박수 평균 오늘은 실내 사이클를 했고 시간은 55분에 심박수 평균 오늘은 실내 사이클를 했고 시간은 55분에 심박수 평균 120 오늘은 실내 사이클를 했고 시간은 55분에 심박수 평균 120 오늘은 실내 사이클를 했고 시간은 55분에 심박수 평균 120 오늘은 실내 사이클를 했고 시간은 55분에 심박수 평균 120 정도로 오늘은 실내 사이클를 했고 시간은 55분에 심박수 평균 120 정도로 했어 오늘은 실내 사이클를 했고 시간은 55분에 심박수 평균 120 정도로 했어 오늘은 실내 사이클를 했고 시간은 55분에 심박수 평균 120 정도로 했어 오늘은 실내 사이클를 했고 시간은 55분에 심박수 평균 120 정도로 했어 오늘은 실내 사이클를 했고 시간은 55분에 심박수 평균 120 정도로 했어 오늘은 실내 사이클를 했고 시간은 55분에 심박수 평균 120 정도로 했어 오늘은 실내 사이클를 했고 시간은 55분에 심박수 평균 120 정도로 했어 운동 오늘은 실내 사이클를 했고 시간은 55분에 심박수 평균 120 정도로 했어 운동 강도는 오늘은 실내 사이클를 했고 시간은 55분에 심박수 평균 120 정도로 했어 운동 강도는 오늘은 실내 사이클를 했고 시간은 55분에 심박수 평균 120 정도로 했어 운동 강도는 한 오늘은 실내 사이클를 했고 시간은 55분에 심박수 평균 120 정도로 했어 운동 강도는 한 오늘은 실내 사이클를 했고 시간은 55분에 심박수 평균 120 정도로 했어 운동 강도는 한 오늘은 실내 사이클를 했고 시간은 55분에 심박수 평균 120 정도로 했어 운동 강도는 한 오늘은 실내 사이클를 했고 시간은 55분에 심박수 평균 120 정도로 했어 운동 강도는 한 오늘은 실내 사이클를 했고 시간은 55분에 심박수 평균 120 정도로 했어 운동 강도는 한 오늘은 실내 사이클를 했고 시간은 55분에 심박수 평균 120 정도로 했어 운동 강도는 한 약하다고 오늘은 실내 사이클를 했고 시간은 55분에 심박수 평균 120 정도로 했어 운동 강도는 한 약하다고 생각하는데 오늘은 실내 사이클를 했고 시간은 55분에 심박수 평균 120 정도로 했어 운동 강도는 한 약하다고 생각하는데', NULL, '2026-01-19 14:36:38.598193+00', '2026-01-19 14:36:38.598193+00', false),
	('6f31af92-db79-49de-89a7-602ed7cca904', 'fc18429b-a83f-4e84-b85f-21196eef0f1c', '2026-01-19', '데드버그 10회 1세트', '데드버그 10회 1세트', NULL, '2026-01-19 15:20:21.603001+00', '2026-01-19 15:20:21.603001+00', false),
	('ef060779-1a9e-4c3f-9302-0aa4ea8e0191', 'fc18429b-a83f-4e84-b85f-21196eef0f1c', '2026-01-20', '5.3km속도로 4km 빠른걸음.                                                                                                                                                                                                                                                        

                                                                                                                                                                                                                                                                                   

  12kg 케틀벨 들고 고블릿스쿼트 12개 4세트.                                                                                                                                                                                                                                        

                                                                                                                                                                                                                                                                                   

  데드버그 10회 2세트                                                                                                                                                                                                                                                              

  플랭크 40초 2세트', '5.3km속도로 4km 빠른걸음.                                                                                                                                                                                                                                                        

                                                                                                                                                                                                                                                                                   

  12kg 케틀벨 들고 고블릿스쿼트 12개 4세트.                                                                                                                                                                                                                                        

                                                                                                                                                                                                                                                                                   

  데드버그 10회 2세트                                                                                                                                                                                                                                                              

  플랭크 40초 2세트', NULL, '2026-01-20 12:39:45.625896+00', '2026-01-20 12:39:45.625896+00', false),
	('8a69ca25-881e-45d5-babe-9a63cf7a5fc3', 'fc18429b-a83f-4e84-b85f-21196eef0f1c', '2026-01-20', '사이드 플랭크 좌우 각각 40초씩 두 세트', '사이드 플랭크 좌우 각각 40초씩 두 세트', NULL, '2026-01-20 15:30:03.890708+00', '2026-01-20 15:30:03.890708+00', false),
	('5e5a3371-1088-4767-a8a4-e0f4bae1d41f', '91673d9d-eb77-4db3-959e-6d320beb3920', '2026-01-01', '러닝/2.29km/ 8.30km/h', '러닝/2.29km/ 8.30km/h', NULL, '2026-01-21 01:04:07.092004+00', '2026-01-21 01:04:07.092004+00', false),
	('08a7277a-ded8-46ab-a81b-bd693075b065', '869e9ba6-f4b1-496e-9735-a391c7022be8', '2026-01-20', '시속 10km로 15분 띄었고 6km로 15분 걸었다.', '시속 10km로 15분 띄었고 6km로 15분 걸었다.', NULL, '2026-01-21 08:36:54.430828+00', '2026-01-21 08:36:54.430828+00', false),
	('ee7410e9-1ed0-4ad1-bf4d-1bc2feb94720', '869e9ba6-f4b1-496e-9735-a391c7022be8', '2026-01-20', '복싱 30분', '복싱 30분', NULL, '2026-01-21 08:37:34.432098+00', '2026-01-21 08:37:34.432098+00', false),
	('39413a8b-4d54-4835-8d8a-78be2ef8e1a3', 'fc18429b-a83f-4e84-b85f-21196eef0f1c', '2026-01-21', '6키로 속도 트레드밀 실내러닝 5분', '6키로 속도 트레드밀 실내러닝 5분', NULL, '2026-01-21 09:03:42.646543+00', '2026-01-21 09:03:42.646543+00', false),
	('b4203482-4492-4228-a19b-fb146ac9c5e4', 'fc18429b-a83f-4e84-b85f-21196eef0f1c', '2026-01-21', '랫풀다운 15회 20킬로그람 2세트
랫풀다운 15회25킬로그람 2 세트', '랫풀다운 15회 20킬로그람 2세트
랫풀다운 15회25킬로그람 2 세트', NULL, '2026-01-21 09:13:21.214875+00', '2026-01-21 09:13:21.214875+00', false),
	('f162e7f6-1833-48dd-a377-25951def2413', 'fc18429b-a83f-4e84-b85f-21196eef0f1c', '2026-01-21', '일반 플랭크 40초 2회
데드버그 10회 2세트
사이드플랭크 30초 좌우 1회씩', '일반 플랭크 40초 2회
데드버그 10회 2세트
사이드플랭크 30초 좌우 1회씩', NULL, '2026-01-21 10:21:38.869463+00', '2026-01-21 10:21:38.869463+00', false),
	('2d014aa5-2a2c-44d0-828a-3f15f825fa6e', 'fc18429b-a83f-4e84-b85f-21196eef0f1c', '2026-01-21', '클리 머신에서 시티드 로우
시티드 풀리 머신
거기서
시티드 로우 운동을
25kg 놓고
15회 2세트, 시티드 로우 머신을
15kg 넣고
12회 2세트', '클리 머신에서 시티드 로우
시티드 풀리 머신
거기서
시티드 로우 운동을
25kg 놓고
15회 2세트, 시티드 로우 머신을
15kg 넣고
12회 2세트', NULL, '2026-01-21 10:25:26.597295+00', '2026-01-21 10:25:26.597295+00', false),
	('5751c440-7eac-4fca-9404-359eef312e9d', 'ace4c332-f387-41dc-9c74-f5db9fc485a5', '2026-01-21', '사이클 7km 24분 난이도 8', '사이클 7km 24분 난이도 8', NULL, '2026-01-21 11:24:31.616652+00', '2026-01-21 11:24:31.616652+00', false),
	('a1a26e64-74ed-456b-bde1-7bc10cae7f15', 'ace4c332-f387-41dc-9c74-f5db9fc485a5', '2026-01-21', '스쿼트 맨몸 20회 난이도 5', '스쿼트 맨몸 20회 난이도 5', NULL, '2026-01-21 11:25:03.98013+00', '2026-01-21 11:25:03.98013+00', false),
	('fad57b2b-20c0-49e5-aebc-877dd5570d10', 'fc18429b-a83f-4e84-b85f-21196eef0f1c', '2026-01-22', '12kg 케틀벨 고블릿 스쿼트 10회 3세트', '12kg 케틀벨 고블릿 스쿼트 10회 3세트', NULL, '2026-01-22 10:10:52.540359+00', '2026-01-22 10:10:52.540359+00', false),
	('f5be4082-1016-4a06-991b-245f44d19ea8', 'fc18429b-a83f-4e84-b85f-21196eef0f1c', '2026-01-22', '스텝밀 300m / 20분 / 난도 4

4kg 덤벨들고 런지 10개 3세트', '스텝밀 300m / 20분 / 난도 4

4kg 덤벨들고 런지 10개 3세트', NULL, '2026-01-22 10:11:58.176963+00', '2026-01-22 10:11:58.176963+00', false),
	('ffed1f7b-e2b1-47cc-ae1c-b2ef3e875a9f', 'fc18429b-a83f-4e84-b85f-21196eef0f1c', '2026-01-19', '러닝
5.4속도  45분', '러닝
5.4속도  45분', NULL, '2026-01-22 10:31:26.809622+00', '2026-01-22 10:31:26.809622+00', false),
	('384e5fcd-ffd9-4d58-bf9b-04a35daf7640', 'fc18429b-a83f-4e84-b85f-21196eef0f1c', '2026-01-21', '빨리걷기 속도6 20분', '빨리걷기 속도6 20분', NULL, '2026-01-22 12:04:55.712568+00', '2026-01-22 12:04:55.712568+00', false),
	('8df7dbff-67c9-460d-9963-0000a8cba287', 'fc18429b-a83f-4e84-b85f-21196eef0f1c', '2026-01-23', '스쿼트 30키로 들규 16개 4세트', '스쿼트 30키로 들규 16개 4세트', NULL, '2026-01-23 06:12:50.750784+00', '2026-01-23 06:12:50.750784+00', false),
	('2924641c-61e7-4b50-b5f1-3cab9d2abe4e', 'fc18429b-a83f-4e84-b85f-21196eef0f1c', '2026-01-26', '고블릿스쿼트 16키로중량 12개 4세트', '고블릿스쿼트 16키로중량 12개 4세트', NULL, '2026-01-26 09:26:21.845357+00', '2026-01-26 09:26:21.845357+00', false),
	('a0edb988-ca6f-41d1-a53c-9c818ce05d9c', 'fc18429b-a83f-4e84-b85f-21196eef0f1c', '2026-01-26', '얼터네이팅 런지 8키로 덤벨 10회 2세트', '얼터네이팅 런지 8키로 덤벨 10회 2세트', NULL, '2026-01-27 00:40:05.043858+00', '2026-01-27 00:40:05.043858+00', false),
	('411d8a59-ecfe-4c40-b529-975ef17ff620', 'fc18429b-a83f-4e84-b85f-21196eef0f1c', '2026-01-26', '페이스풀 10kg 20개 3세트', '페이스풀 10kg 20개 3세트', NULL, '2026-01-27 00:40:40.371051+00', '2026-01-27 00:40:40.371051+00', false),
	('ee320d4c-6474-404e-9b7e-77dca5e190be', 'fc18429b-a83f-4e84-b85f-21196eef0f1c', '2026-01-26', '플랭크 45초 2회
스텝밀 150m 등반, 10분', '플랭크 45초 2회
스텝밀 150m 등반, 10분', NULL, '2026-01-27 00:41:18.35258+00', '2026-01-27 00:41:18.35258+00', false),
	('766bf49e-de9f-40f1-b28e-3f0dfb03dca7', 'fc18429b-a83f-4e84-b85f-21196eef0f1c', '2026-01-29', '6속도로 30분 트레드밀', '6속도로 30분 트레드밀', NULL, '2026-01-29 08:50:17.10378+00', '2026-01-29 08:50:17.10378+00', false),
	('ded23d0a-4849-4e6c-9406-575b9cbc7e76', 'fc18429b-a83f-4e84-b85f-21196eef0f1c', '2026-01-29', '스텝밀 300m 30분', '스텝밀 300m 30분', NULL, '2026-01-29 09:00:23.855641+00', '2026-01-29 09:00:23.855641+00', false),
	('11081bfd-7a84-4a14-9585-83968c784b1d', 'fc18429b-a83f-4e84-b85f-21196eef0f1c', '2026-01-27', '스텝밀 30분 300m', '스텝밀 30분 300m', NULL, '2026-01-29 09:13:45.924537+00', '2026-01-29 09:13:45.924537+00', false),
	('09348343-51f9-47a1-87f6-554b18278fb7', 'fc18429b-a83f-4e84-b85f-21196eef0f1c', '2026-02-02', '스텝밀 10분, 200m ', '스텝밀 10분, 200m ', NULL, '2026-02-02 12:08:31.726812+00', '2026-02-02 12:08:31.726812+00', false),
	('56a207b6-928e-4707-a559-d04518ecfb92', 'fc18429b-a83f-4e84-b85f-21196eef0f1c', '2026-02-02', '고블릿 스쿼트 16kg  12개 4세트 
시티드 레그프레스 60kg 12개 4세트 
페이스풀 12개 15kg 4세트. 

플랭크 1분 2세트
데드버그 10회 2세트', '고블릿 스쿼트 16kg  12개 4세트 
시티드 레그프레스 60kg 12개 4세트 
페이스풀 12개 15kg 4세트. 

플랭크 1분 2세트
데드버그 10회 2세트', NULL, '2026-02-02 12:09:29.078666+00', '2026-02-02 12:09:29.078666+00', false);


--
-- Data for Name: challenge_participants; Type: TABLE DATA; Schema: public; Owner: postgres
--



--
-- Data for Name: club_feeds; Type: TABLE DATA; Schema: public; Owner: postgres
--

INSERT INTO "public"."club_feeds" ("id", "club_id", "user_id", "workout_log_id", "shared_at") VALUES
	('0bf53228-bf81-409e-9dcb-e5c875ff8348', 'a08ed603-1cc5-4349-a4f0-f8d8654e949d', 'fc18429b-a83f-4e84-b85f-21196eef0f1c', '6f31af92-db79-49de-89a7-602ed7cca904', '2026-01-20 00:45:19.648981+00');


--
-- Data for Name: clubs; Type: TABLE DATA; Schema: public; Owner: postgres
--

INSERT INTO "public"."clubs" ("id", "name", "description", "created_by", "created_at", "mileage_config", "invite_code", "logo_url", "status", "rejection_reason", "approved_at", "approved_by", "enabled_categories", "count_excluded_workouts_in_days") VALUES
	('7a7f0e83-494c-4d38-aee9-b4009e8f00b2', 'h104', 'ㄴㄴㄴ', 'fc18429b-a83f-4e84-b85f-21196eef0f1c', '2026-03-16 10:07:30.654469+00', '{"계단": 20, "수영": 200, "요가-일반": 20, "달리기-러닝": 1, "복싱-스파링": 5, "사이클-실내": 2.5, "사이클-실외": 2.5, "달리기-트레드밀": 1, "복싱-샌드백/미트": 8, "요가-빈야사/아쉬탕가": 15}', 'UVQZZF', NULL, 'active', NULL, NULL, NULL, '["달리기-트레드밀", "달리기-러닝", "사이클-실외", "사이클-실내", "수영", "계단", "복싱-샌드백/미트", "복싱-스파링", "요가-일반", "요가-빈야사/아쉬탕가"]', true),
	('10200221-3c5f-4526-8fac-babc6dc49324', '샘플', '샘플', 'fcc0e2b4-8688-45da-808c-6d2daad458a9', '2026-03-30 08:02:45.551322+00', '{"계단": 1, "수영": 1, "헬스": 1, "요가-일반": 1, "달리기-러닝": 1, "복싱-스파링": 1, "사이클-실내": 1, "사이클-실외": 1, "달리기-트레드밀": 1, "복싱-샌드백/미트": 1, "요가-빈야사/아쉬탕가": 1}', 'GPYVSW', NULL, 'active', NULL, '2026-03-30 08:02:50.659+00', 'fcc0e2b4-8688-45da-808c-6d2daad458a9', '["달리기-트레드밀", "달리기-러닝"]', true),
	('060f6d80-8e5a-472a-b89f-8a72c54f0b9d', '유산소의 모든것', '유산소의 모든것 마일리지 기록용 웹페이지입니다.', 'f0fdb89e-08bc-4679-8ad9-2e0efc11130e', '2026-03-31 05:47:49.934781+00', '{"수영": 200, "헬스": 1, "계단-시간": 6, "계단-층수": 20, "달리기-러닝": 1, "사이클-실내": 5, "사이클-실외": 3, "계단-[object Object]": 1, "달리기-트레드밀": 1, "복싱-[object Object]": 1, "요가-[object Object]": 1, "달리기-[object Object]": 1, "사이클-[object Object]": 1}', '8GQQYP', NULL, 'active', NULL, '2026-03-31 05:56:26.371+00', 'fc18429b-a83f-4e84-b85f-21196eef0f1c', '["달리기-트레드밀", "달리기-러닝", "사이클-실외", "사이클-실내", "수영", "계단-시간", "계단-층수"]', true),
	('d20f1283-5379-4f78-9ec6-7cef09ab1964', '통일로397', '고', 'fc18429b-a83f-4e84-b85f-21196eef0f1c', '2026-03-20 12:38:06.867707+00', '{"계단": 20, "수영": 200, "요가-일반": 3.27, "달리기-러닝": 1, "복싱-스파링": 0.77, "사이클-실내": 5, "사이클-실외": 3, "달리기-트레드밀": 1, "복싱-샌드백/미트": 1.78, "요가-빈야사/아쉬탕가": 2.45}', 'F8HMEL', NULL, 'active', NULL, '2026-03-20 12:38:12.968+00', 'fc18429b-a83f-4e84-b85f-21196eef0f1c', '["달리기-트레드밀", "달리기-러닝"]', true),
	('dd2b8c45-0187-4257-bd1e-18212124b97b', '할배팸', '러닝해라', 'fc18429b-a83f-4e84-b85f-21196eef0f1c', '2026-03-23 01:19:55.226251+00', '{"계단": 20, "수영": 200, "요가-일반": 3.27, "달리기-러닝": 1, "복싱-스파링": 0.77, "사이클-실내": 5, "사이클-실외": 3, "달리기-트레드밀": 1, "복싱-샌드백/미트": 1.78, "요가-빈야사/아쉬탕가": 2.45}', 'XTXFRH', NULL, 'active', NULL, '2026-03-23 01:20:03.995+00', 'fc18429b-a83f-4e84-b85f-21196eef0f1c', '["달리기-트레드밀", "달리기-러닝"]', true),
	('c71fcfd9-35a7-4fb7-a5d3-1885e0e9df45', '테스트 클럽', 'ㅁㅇㄻㄴㅇ', '48941b2d-35ea-4d6a-9cb9-0f9e9421f31f', '2026-03-18 06:54:05.15238+00', '{"계단": 19.9, "수영": 200, "요가-일반": 1, "달리기-러닝": 1, "복싱-스파링": 1, "사이클-실내": 5, "사이클-실외": 3, "달리기-트레드밀": 1, "복싱-샌드백/미트": 1, "요가-빈야사/아쉬탕가": 1}', 'KPA96S', NULL, 'active', NULL, '2026-03-19 13:44:15.873+00', 'fc18429b-a83f-4e84-b85f-21196eef0f1c', '["달리기-트레드밀", "달리기-러닝", "사이클-실외", "사이클-실내", "수영", "계단"]', true),
	('30d9ad61-1395-4824-b2e1-bdd30c70b72d', '기초체력만들어요', '고', 'fcc0e2b4-8688-45da-808c-6d2daad458a9', '2026-03-17 06:25:57.988315+00', '{"계단": 0.05, "수영": 0.005, "달리기-러닝": 1, "사이클-실내": 0.2, "사이클-실외": 0.333, "달리기-트레드밀": 1}', '27RBEG', NULL, 'active', NULL, '2026-03-17 06:27:21.37+00', 'fc18429b-a83f-4e84-b85f-21196eef0f1c', '["달리기-트레드밀", "달리기-러닝"]', true),
	('fbe91eb6-d0bb-46cb-901e-c6c20ccdb0e4', '섭3꿈나무', '테스트공간', 'fc18429b-a83f-4e84-b85f-21196eef0f1c', '2026-03-16 09:57:30.821175+00', '{"계단": 20, "수영": 200, "요가-일반": 1, "달리기-러닝": 1, "복싱-스파링": 1, "사이클-실내": 5, "사이클-실외": 3, "줄넘기-쌩쌩이": 1, "달리기-트레드밀": 1, "줄넘기-뒤로뛰기": 1, "줄넘기-한발뛰기": 1, "복싱-샌드백/미트": 1, "요가-빈야사/아쉬탕가": 1}', 'qZjtWw', 'https://res.cloudinary.com/dhnyr34t1/image/upload/v1773669411/coicrkkvgggtefbd5iiu.jpg', 'active', NULL, NULL, NULL, '["달리기-트레드밀", "달리기-러닝", "사이클-실외", "사이클-실내", "수영", "계단"]', true),
	('97e7a334-0762-4be7-b395-5da2a43e3214', '생애최초풀코스PJ', '[유산소의 모든 것]에서 진행 중인 [생애최초풀코스PJ] 프로젝트원들의 마일리지 관리 클럽', '48941b2d-35ea-4d6a-9cb9-0f9e9421f31f', '2026-03-24 00:54:15.271428+00', '{"계단": 1, "수영": 1, "요가-일반": 1, "달리기-러닝": 1, "복싱-스파링": 1, "사이클-실내": 1, "사이클-실외": 1, "달리기-트레드밀": 1, "복싱-샌드백/미트": 1, "요가-빈야사/아쉬탕가": 1}', 'JG9SPX', NULL, 'active', NULL, '2026-03-24 00:54:57.186+00', 'fc18429b-a83f-4e84-b85f-21196eef0f1c', '["달리기-트레드밀", "달리기-러닝"]', true),
	('9e167825-d313-4a68-821a-b597cdb5d356', '아런', '멘', 'fcc0e2b4-8688-45da-808c-6d2daad458a9', '2026-03-25 03:24:09.635309+00', '{"계단": 20, "수영": 200, "요가-일반": 1, "달리기-러닝": 1, "복싱-스파링": 1, "사이클-실내": 5, "사이클-실외": 3, "달리기-트레드밀": 1, "복싱-샌드백/미트": 1, "요가-빈야사/아쉬탕가": 1}', 'RVCKA6', NULL, 'active', NULL, '2026-03-25 03:24:51.888+00', 'fc18429b-a83f-4e84-b85f-21196eef0f1c', '["달리기-트레드밀", "달리기-러닝", "사이클-실외", "사이클-실내", "수영", "계단"]', true),
	('d7678799-2e08-4ae8-a579-f8151a732b59', '풀코스PJT', '유산소의 모든것 26년 풀코스 프로젝트방입니다.', '48941b2d-35ea-4d6a-9cb9-0f9e9421f31f', '2026-03-24 02:34:58.017309+00', '{"계단": 20, "수영": 200, "요가-일반": 1, "달리기-러닝": 1, "복싱-스파링": 1, "사이클-실내": 5, "사이클-실외": 3, "달리기-트레드밀": 1, "복싱-샌드백/미트": 1, "요가-빈야사/아쉬탕가": 1}', '5JD39J', NULL, 'active', NULL, '2026-03-24 04:00:24.223+00', 'fc18429b-a83f-4e84-b85f-21196eef0f1c', '["달리기-트레드밀", "달리기-러닝", "사이클-실외", "사이클-실내", "수영", "계단"]', true);


--
-- Data for Name: club_members; Type: TABLE DATA; Schema: public; Owner: postgres
--

INSERT INTO "public"."club_members" ("id", "club_id", "user_id", "role", "joined_at", "display_order", "club_nickname", "show_in_feed", "show_mileage", "club_profile_image") VALUES
	('73df4197-717d-4213-8a4e-e4f7fe8bab30', 'c71fcfd9-35a7-4fb7-a5d3-1885e0e9df45', '9a753212-83f1-41d2-84c2-ef6fc6347154', 'member', '2026-03-19 13:43:59.812087+00', 0, '테스터1', true, true, NULL),
	('7d81df50-6ec5-4732-b886-15900d871bea', 'c71fcfd9-35a7-4fb7-a5d3-1885e0e9df45', 'f0f85a33-5198-45d3-ab8a-0a8d5471b4c5', 'member', '2026-03-19 13:43:59.812087+00', 0, '테스터2', true, true, NULL),
	('9f680230-bec8-4a1d-99ba-3e016f38ceb1', 'c71fcfd9-35a7-4fb7-a5d3-1885e0e9df45', '3ae34e39-2f18-4d76-b405-eedb5e2b4ede', 'member', '2026-03-19 13:43:59.812087+00', 0, '테스터3', true, true, NULL),
	('79ad7abc-82fe-4570-a03b-3c5c16895587', 'c71fcfd9-35a7-4fb7-a5d3-1885e0e9df45', '470bb464-4649-45e2-85e8-4e7e71d0b759', 'member', '2026-03-19 13:43:59.812087+00', 0, '테스터4', true, true, NULL),
	('2ea660c6-779c-4ec5-8e9b-bd1744acd8bc', 'fbe91eb6-d0bb-46cb-901e-c6c20ccdb0e4', 'c63c9de7-09b4-424a-9a4e-fb001de9f9a6', 'member', '2026-03-16 13:53:14.335814+00', 0, '박승주', true, true, NULL),
	('0acca922-038a-4324-8402-08aac3a06551', 'c71fcfd9-35a7-4fb7-a5d3-1885e0e9df45', 'dd02cc0a-2d82-4ee3-8c78-bf7048d557e9', 'member', '2026-03-19 13:43:59.812087+00', 0, '테스터5', true, true, NULL),
	('f2870011-3031-49c3-ac17-83c4f64242c2', 'c71fcfd9-35a7-4fb7-a5d3-1885e0e9df45', '41ad2948-1510-4b4b-b6fd-bae587cb3797', 'member', '2026-03-19 13:43:59.812087+00', 0, '테스터6', true, true, NULL),
	('34c1537f-962f-4405-b095-fd482bb1f367', 'fbe91eb6-d0bb-46cb-901e-c6c20ccdb0e4', '8ada6a16-06a2-4668-b46a-d7214b840f92', 'member', '2026-03-16 11:36:49.595349+00', 0, '음파', true, true, NULL),
	('e19cafbf-9d9f-4925-89b1-470ddecc8b90', 'fbe91eb6-d0bb-46cb-901e-c6c20ccdb0e4', '91673d9d-eb77-4db3-959e-6d320beb3920', 'member', '2026-03-16 10:44:06.256563+00', 0, '허접', true, true, NULL),
	('e5f66320-70fa-4e09-b098-43a16b498172', 'c71fcfd9-35a7-4fb7-a5d3-1885e0e9df45', '597b2e1a-6da2-45ba-a0c6-57e0f1a9ea28', 'member', '2026-03-19 13:43:59.812087+00', 0, '테스터7', true, true, NULL),
	('dadc3382-4739-408f-85fd-7689ea466244', 'c71fcfd9-35a7-4fb7-a5d3-1885e0e9df45', '89fc76db-73f7-4233-822a-21900b3ff393', 'member', '2026-03-19 13:43:59.812087+00', 0, '테스터8', true, true, NULL),
	('affad923-d6bb-4555-9190-72a11448dce4', '7a7f0e83-494c-4d38-aee9-b4009e8f00b2', '46375228-6ece-4af9-a20d-79a9c1a29193', 'member', '2026-03-17 00:26:35.31953+00', 0, '슈링', true, true, NULL),
	('3e42451f-1ab8-4d60-bb38-a2bfbe2797b0', '7a7f0e83-494c-4d38-aee9-b4009e8f00b2', '869e9ba6-f4b1-496e-9735-a391c7022be8', 'member', '2026-03-17 01:20:41.781328+00', 0, 'ㅈㅎ', true, true, NULL),
	('ffd267ef-95fd-4c6f-8a91-5c6048005070', 'c71fcfd9-35a7-4fb7-a5d3-1885e0e9df45', 'cd947a9a-c089-4aff-88a0-2d43872cb049', 'member', '2026-03-19 13:43:59.812087+00', 0, '테스터9', true, true, NULL),
	('042f7fb0-8b94-4eef-9851-8fe4e6e9d3cd', '7a7f0e83-494c-4d38-aee9-b4009e8f00b2', 'ace4c332-f387-41dc-9c74-f5db9fc485a5', 'member', '2026-03-17 02:56:39.63547+00', 0, '정훈', true, true, NULL),
	('e6e343b7-65d3-4715-8b01-d2a3bacc9e75', 'c71fcfd9-35a7-4fb7-a5d3-1885e0e9df45', '8da60434-0146-4854-b38f-4908e51f07b2', 'member', '2026-03-19 13:43:59.812087+00', 0, '테스터10', true, true, NULL),
	('46145339-870f-4c80-af34-8489b25fa70c', 'c71fcfd9-35a7-4fb7-a5d3-1885e0e9df45', '505d06c3-9037-4e50-8a03-1fd5b1316bab', 'member', '2026-03-19 13:43:59.812087+00', 0, '테스터11', true, true, NULL),
	('8843822c-c6ca-409b-b545-9c0c8b381380', 'c71fcfd9-35a7-4fb7-a5d3-1885e0e9df45', '8602814d-2415-4834-828b-3f4064338a15', 'member', '2026-03-19 13:43:59.812087+00', 0, '테스터12', true, true, NULL),
	('85e9aaf6-2380-4eb6-9cd8-a0f6cc1fd326', 'c71fcfd9-35a7-4fb7-a5d3-1885e0e9df45', 'bfaaecc8-13ae-46fc-97b2-c27e631936be', 'member', '2026-03-19 13:43:59.812087+00', 0, '테스터13', true, true, NULL),
	('5dbc482c-804a-4820-83ae-27e85eae3b18', 'c71fcfd9-35a7-4fb7-a5d3-1885e0e9df45', 'ce79e6fb-0a9c-4f5a-877e-e6cac15c41a2', 'member', '2026-03-19 13:43:59.812087+00', 0, '테스터14', true, true, NULL),
	('3560fd1a-8ccc-4225-b77d-8397213456c4', 'c71fcfd9-35a7-4fb7-a5d3-1885e0e9df45', 'e715bb97-bb58-42e4-aa82-b8185fdfc025', 'member', '2026-03-19 13:43:59.812087+00', 0, '테스터15', true, true, NULL),
	('9888830c-3ee0-47ea-9bd1-bfac69013dbe', 'fbe91eb6-d0bb-46cb-901e-c6c20ccdb0e4', '8434d442-4fcd-4537-82df-db334e432520', 'member', '2026-03-18 03:54:02.185138+00', 0, 'ss', true, true, NULL),
	('ede797ba-8bc4-4e90-95b1-16fcda85b7dc', 'c71fcfd9-35a7-4fb7-a5d3-1885e0e9df45', '26a1d647-b64f-4b55-beb8-7b5d61e39383', 'member', '2026-03-19 13:43:59.812087+00', 0, '테스터16', true, true, NULL),
	('840b1960-ba26-47a8-b5ea-99b783b67dc1', 'c71fcfd9-35a7-4fb7-a5d3-1885e0e9df45', '984e1ba5-ac0a-4f0b-a04c-2ed6d8099c00', 'member', '2026-03-19 13:43:59.812087+00', 0, '테스터17', true, true, NULL),
	('66cbe6dd-6519-4407-8568-5f2eddd1a210', 'c71fcfd9-35a7-4fb7-a5d3-1885e0e9df45', 'aafe258d-7239-48c7-8435-c988c4f4ae15', 'member', '2026-03-19 13:43:59.812087+00', 0, '테스터18', true, true, NULL),
	('7f569ebe-01d7-42cc-a427-497582af8461', 'c71fcfd9-35a7-4fb7-a5d3-1885e0e9df45', '1a63bbc0-f18b-4f94-8449-0a734d51eda7', 'member', '2026-03-19 13:43:59.812087+00', 0, '테스터19', true, true, NULL),
	('516a569b-6c25-41b5-bba8-3bf6890a1b23', 'c71fcfd9-35a7-4fb7-a5d3-1885e0e9df45', 'aecbae2a-9779-4055-a20b-1970e6a41405', 'member', '2026-03-19 13:43:59.812087+00', 0, '테스터20', true, true, NULL),
	('94139488-aec8-4d0b-bce5-a69333d6ba79', 'c71fcfd9-35a7-4fb7-a5d3-1885e0e9df45', '29c1f164-9a45-4224-8a03-d1bbb0fcb314', 'member', '2026-03-19 13:43:59.812087+00', 0, '테스터21', true, true, NULL),
	('376fe877-167f-4586-a8aa-877a3889fb4e', 'c71fcfd9-35a7-4fb7-a5d3-1885e0e9df45', 'f21bba52-6ca0-452e-aa71-5f13fc3e7f1c', 'member', '2026-03-19 13:43:59.812087+00', 0, '테스터22', true, true, NULL),
	('9abbfdb6-0677-4f04-a070-178d3bf3ecc2', 'c71fcfd9-35a7-4fb7-a5d3-1885e0e9df45', '62c34c3e-b2aa-4361-adc9-38e9fdb9c52b', 'member', '2026-03-19 13:43:59.812087+00', 0, '테스터23', true, true, NULL),
	('ac5a4e28-fe8f-45c2-93df-971d0cb30330', 'fbe91eb6-d0bb-46cb-901e-c6c20ccdb0e4', '75d6e79c-3ef8-4836-873a-113ab67a07f3', 'member', '2026-03-18 12:15:42.013346+00', 0, '뛰어보자팔짝', true, true, NULL),
	('c9149f20-c053-4f30-8011-f2c935c9407d', 'c71fcfd9-35a7-4fb7-a5d3-1885e0e9df45', '591f3c96-5473-46cc-a7fa-67c5650bb679', 'member', '2026-03-19 13:43:59.812087+00', 0, '테스터24', true, true, NULL),
	('b9e8cfaa-6876-4a9d-a34f-b1bfc0113bc4', '30d9ad61-1395-4824-b2e1-bdd30c70b72d', 'fc18429b-a83f-4e84-b85f-21196eef0f1c', 'member', '2026-03-17 06:25:58.151628+00', 1, '양스카이', true, true, NULL),
	('350592ba-b8e7-418f-a49c-a1bb3afc4b57', 'c71fcfd9-35a7-4fb7-a5d3-1885e0e9df45', '1f180ff6-e21a-4933-95d3-ca1f4530c577', 'member', '2026-03-19 13:43:59.812087+00', 0, '테스터25', true, true, NULL),
	('67e66328-77a6-4d4a-9720-8ae6df6f2d78', 'c71fcfd9-35a7-4fb7-a5d3-1885e0e9df45', 'ff26409c-6916-402d-bad6-dafeaf50c063', 'member', '2026-03-19 13:43:59.812087+00', 0, '테스터26', true, true, NULL),
	('3db68277-cd20-49ba-8c3f-643ed93e2f41', 'c71fcfd9-35a7-4fb7-a5d3-1885e0e9df45', '6c4d8ccd-5f6d-4456-ab81-f30d8610752c', 'member', '2026-03-19 13:43:59.812087+00', 0, '테스터27', true, true, NULL),
	('7324c5d5-5649-4c1f-8ced-d6225fb2e20d', 'c71fcfd9-35a7-4fb7-a5d3-1885e0e9df45', '93117f76-9bf0-478c-8b21-c74679ef4076', 'member', '2026-03-19 13:43:59.812087+00', 0, '테스터28', true, true, NULL),
	('2ad3e1ef-8ed3-4c1d-9412-ca967b6216ac', 'c71fcfd9-35a7-4fb7-a5d3-1885e0e9df45', 'adc78491-0dc3-4907-bbdc-226ec1244d07', 'member', '2026-03-19 13:43:59.812087+00', 0, '테스터29', true, true, NULL),
	('5106914b-5bdd-4429-939d-6f294b80f427', 'c71fcfd9-35a7-4fb7-a5d3-1885e0e9df45', '186edc9d-ebbb-4f92-91a2-11cfa831a20a', 'member', '2026-03-19 13:43:59.812087+00', 0, '테스터30', true, true, NULL),
	('594ce50f-56d0-41a6-b072-dbdebe3b01d6', 'c71fcfd9-35a7-4fb7-a5d3-1885e0e9df45', 'fe97c34c-0125-4721-8343-5a6d4e856dff', 'member', '2026-03-19 13:43:59.812087+00', 0, '테스터31', true, true, NULL),
	('d7a6cd6f-cb14-487f-bb68-5545e89020d1', 'c71fcfd9-35a7-4fb7-a5d3-1885e0e9df45', '64d6359e-ac25-4f4c-9eaf-b9fd85f04e04', 'member', '2026-03-19 13:43:59.812087+00', 0, '테스터32', true, true, NULL),
	('c11c7ff0-90db-40db-995b-6e81397933c6', 'c71fcfd9-35a7-4fb7-a5d3-1885e0e9df45', '1fe29bb6-ccdd-43ef-a86e-71e512011ed5', 'member', '2026-03-19 13:43:59.812087+00', 0, '테스터33', true, true, NULL),
	('435d34c4-4ef4-491d-9d20-72f7d2128005', 'c71fcfd9-35a7-4fb7-a5d3-1885e0e9df45', 'f79cfc80-4414-4961-8e27-f751b4d1d5c0', 'member', '2026-03-19 13:43:59.812087+00', 0, '테스터34', true, true, NULL),
	('44b04bf5-f5a4-4803-8d51-220d98efcd15', 'c71fcfd9-35a7-4fb7-a5d3-1885e0e9df45', '0eebf0bd-5921-4626-b0e0-ed3c915958e7', 'member', '2026-03-19 13:43:59.812087+00', 0, '테스터35', true, true, NULL),
	('8c0faf2e-c5a7-456b-9a76-57a020db6c59', 'c71fcfd9-35a7-4fb7-a5d3-1885e0e9df45', 'ae4368e7-f522-4437-898f-9fee3650c268', 'member', '2026-03-19 13:43:59.812087+00', 0, '테스터36', true, true, NULL),
	('2c090347-6b03-4199-9286-1f905418d2e0', 'c71fcfd9-35a7-4fb7-a5d3-1885e0e9df45', '578c6642-a251-46b5-84ad-8db31549f952', 'member', '2026-03-19 13:43:59.812087+00', 0, '테스터37', true, true, NULL),
	('92c34249-a14d-42d3-bd18-a2d22b576bfc', 'c71fcfd9-35a7-4fb7-a5d3-1885e0e9df45', 'bb119355-b608-415a-a00c-dc2de9237564', 'member', '2026-03-19 13:43:59.812087+00', 0, '테스터38', true, true, NULL),
	('c8130c88-171d-4adf-b115-b916a7a63100', 'c71fcfd9-35a7-4fb7-a5d3-1885e0e9df45', '77ea11c1-3a14-43d5-8f81-2459546eb708', 'member', '2026-03-19 13:43:59.812087+00', 0, '테스터39', true, true, NULL),
	('bb0f41b6-3078-4772-9f93-a5f87dd4a058', 'c71fcfd9-35a7-4fb7-a5d3-1885e0e9df45', '69f6b98d-5a6e-4933-9ac6-e8882c40a0b4', 'member', '2026-03-19 13:43:59.812087+00', 0, '테스터40', true, true, NULL),
	('5b9e2a94-5af9-4a6b-8f17-f865ffdb3814', 'c71fcfd9-35a7-4fb7-a5d3-1885e0e9df45', 'c422a546-0c16-4efd-aad8-cfd184cc0463', 'member', '2026-03-19 13:43:59.812087+00', 0, '테스터41', true, true, NULL),
	('5cbec6cb-11b5-491e-b008-4a87c5f708f5', 'c71fcfd9-35a7-4fb7-a5d3-1885e0e9df45', 'cc1c1182-6808-4b6a-b030-c536d2688740', 'member', '2026-03-19 13:43:59.812087+00', 0, '테스터42', true, true, NULL),
	('6222ef85-567e-41c7-b12e-97ecaee552ec', 'c71fcfd9-35a7-4fb7-a5d3-1885e0e9df45', 'db3a6757-498f-44e0-b9d0-861a8ffae000', 'member', '2026-03-19 13:43:59.812087+00', 0, '테스터43', true, true, NULL),
	('afdd68c3-870e-4381-a92f-7c528ad1691b', 'c71fcfd9-35a7-4fb7-a5d3-1885e0e9df45', '23056843-6aa4-4fda-8949-23972cf06223', 'member', '2026-03-19 13:43:59.812087+00', 0, '테스터44', true, true, NULL),
	('981aae49-2497-4646-a8f1-72973631ec80', 'c71fcfd9-35a7-4fb7-a5d3-1885e0e9df45', '90a98033-cb80-4c46-956f-abe5f7671a95', 'member', '2026-03-19 13:43:59.812087+00', 0, '테스터45', true, true, NULL),
	('66fc17ac-3621-48b4-a1f0-e6e9d4639002', 'fbe91eb6-d0bb-46cb-901e-c6c20ccdb0e4', 'fbd7f27f-74fa-4d86-bf06-c908cd28e5d4', 'vice-manager', '2026-03-16 22:14:20.738726+00', 0, '잉효', true, true, NULL),
	('7f21db35-a687-44ae-9dbd-ca8e41d3a85b', 'c71fcfd9-35a7-4fb7-a5d3-1885e0e9df45', '53e7db7f-3ad6-4619-a592-fb3ca6eaeca4', 'member', '2026-03-19 13:43:59.812087+00', 0, '테스터46', true, true, NULL),
	('0655ffba-1f0b-447b-ae8e-eecb23ba0851', 'c71fcfd9-35a7-4fb7-a5d3-1885e0e9df45', 'b7d9b890-661a-4b75-bde5-a396a1e2cb8d', 'member', '2026-03-19 13:43:59.812087+00', 0, '테스터47', true, true, NULL),
	('acc5d6fb-33ce-4565-8324-fd56ae4cc4bf', 'c71fcfd9-35a7-4fb7-a5d3-1885e0e9df45', 'febe6110-c46b-44bd-94bd-4c2f24cef028', 'member', '2026-03-19 13:43:59.812087+00', 0, '테스터48', true, true, NULL),
	('f8c120ef-4ba5-4032-885e-5b0933a7f5ee', 'c71fcfd9-35a7-4fb7-a5d3-1885e0e9df45', 'b60d0bed-dae3-4ed5-bb88-95b9a86c2a43', 'member', '2026-03-19 13:43:59.812087+00', 0, '테스터49', true, true, NULL),
	('8eb91969-dc13-449f-bc5c-a649f5f216df', 'c71fcfd9-35a7-4fb7-a5d3-1885e0e9df45', '16351284-dc64-472f-888e-6d92c00dc8e5', 'member', '2026-03-19 13:43:59.812087+00', 0, '테스터50', true, true, NULL),
	('3a253ade-531c-45dc-8ca3-e30743d5313a', 'd7678799-2e08-4ae8-a579-f8151a732b59', '1e379fe1-ea07-44b2-8915-7bf356b82936', 'member', '2026-03-24 23:31:57.095191+00', 0, '신종하', true, true, 'https://res.cloudinary.com/dhnyr34t1/image/upload/v1774395116/nyucknpbhr5lqctswyrw.jpg'),
	('190a2038-230f-4609-a93f-fbec39681391', 'fbe91eb6-d0bb-46cb-901e-c6c20ccdb0e4', 'fc18429b-a83f-4e84-b85f-21196eef0f1c', 'manager', '2026-03-16 09:57:30.946569+00', 0, '양스카이', true, true, 'default:linear-gradient(135deg, #4FC3F7 0%, #FF6B9D 100%)'),
	('73efad2a-4591-4d22-abbc-43292a114a3c', 'd20f1283-5379-4f78-9ec6-7cef09ab1964', '693068d3-de1a-4397-9f2f-d009acacba2e', 'member', '2026-03-20 12:39:40.149939+00', 0, '다유', true, true, 'default:linear-gradient(135deg, #4FC3F7 0%, #FF6B9D 100%)'),
	('46d3f59e-4eb7-46e6-a127-9300fba80305', 'dd2b8c45-0187-4257-bd1e-18212124b97b', 'adcb3c60-4dfd-4419-8372-388563d05e4c', 'member', '2026-03-23 01:59:34.833837+00', 0, '뚱', true, true, 'default:#3b82f6'),
	('5ce2948e-c533-4524-9d82-353e6d27a79f', 'd7678799-2e08-4ae8-a579-f8151a732b59', 'c56262a3-c472-4fdf-82e7-1c6226957254', 'member', '2026-03-24 23:28:13.731196+00', 0, '신탁사2', true, true, 'https://res.cloudinary.com/dhnyr34t1/image/upload/v1774394891/qoievvkpqclizexd2vth.jpg'),
	('86107d0c-9e6a-434d-acf4-196491a67c35', '7a7f0e83-494c-4d38-aee9-b4009e8f00b2', '682fdcd4-733f-46f9-95ab-6ac0d8d67a9f', 'member', '2026-03-30 01:07:35.08266+00', 0, '으닝', true, true, 'default:#ec4899'),
	('9f3390ec-bdbb-4653-b46d-d06ea2266cb2', 'd7678799-2e08-4ae8-a579-f8151a732b59', 'deef7054-b056-4178-a3fe-05b1d973354a', 'member', '2026-03-24 23:29:02.593608+00', 0, '이진우', true, true, 'http://k.kakaocdn.net/dn/bE4jao/dJMcaih7UVg/JtbuLATXeLTBNZzTgWTEt1/img_640x640.jpg'),
	('6aa556dc-b29e-4262-b848-47f878a45d87', 'd7678799-2e08-4ae8-a579-f8151a732b59', '60058e2c-f681-40e8-b708-580553a07264', 'member', '2026-03-24 23:32:17.538334+00', 0, '채태영', true, true, 'http://k.kakaocdn.net/dn/JwZ3L/dJMcacoFB0S/s9dpTInuKjZi90A9cAjhI1/img_640x640.jpg'),
	('87ad2861-e411-43b1-a7c3-7d97c9a485bd', 'd7678799-2e08-4ae8-a579-f8151a732b59', 'a566d47e-ff8d-4c85-aea1-1cbe54377cca', 'member', '2026-03-24 23:35:58.898825+00', 0, '베카', true, true, 'default:#8b5cf6'),
	('540b83a7-d5ef-4315-8ad8-cde7955713ff', 'd7678799-2e08-4ae8-a579-f8151a732b59', '7fff6df0-f6f9-40b9-a113-442e8c6b28c0', 'member', '2026-03-24 23:50:38.284819+00', 0, '뽀로로', true, true, NULL),
	('57ae93b9-c02c-469a-bdf2-0433887d7811', 'd7678799-2e08-4ae8-a579-f8151a732b59', '8d610a7f-41fa-472c-86f4-f1bf47c4ff43', 'member', '2026-03-25 00:03:27.782162+00', 0, '하늘양양', true, true, 'http://k.kakaocdn.net/dn/baGZAu/btrEc4jBBiq/HNZR5TU3gdDMJF71dc0wJ1/img_640x640.jpg'),
	('377ffd68-0f3d-4bd7-ba2b-f3b78e8270d4', '7a7f0e83-494c-4d38-aee9-b4009e8f00b2', 'fc18429b-a83f-4e84-b85f-21196eef0f1c', 'manager', '2026-03-16 10:07:30.785183+00', 2, '양스카이', true, true, NULL),
	('7ec68b23-3919-442d-90ec-ccd6b9cc1406', '10200221-3c5f-4526-8fac-babc6dc49324', 'fcc0e2b4-8688-45da-808c-6d2daad458a9', 'manager', '2026-03-30 08:02:45.695867+00', 0, '샘플', true, true, 'http://k.kakaocdn.net/dn/matYX/btskSoujegR/k63drZkDvWiLqB9sPKT2Fk/img_640x640.jpg'),
	('f8a8ae0d-ef98-4535-b17e-97c222c01377', 'd20f1283-5379-4f78-9ec6-7cef09ab1964', 'fc18429b-a83f-4e84-b85f-21196eef0f1c', 'manager', '2026-03-20 12:38:07.078865+00', 0, '양스카이', true, true, 'http://k.kakaocdn.net/dn/big36q/dJMcachc94H/yFkUGRHKgyG9tKkAZYhTek/img_640x640.jpg'),
	('08cc6de2-de9f-4695-9fd9-3a3e40667ef3', 'dd2b8c45-0187-4257-bd1e-18212124b97b', 'fc18429b-a83f-4e84-b85f-21196eef0f1c', 'manager', '2026-03-23 01:19:55.371132+00', 0, '곧신혼남', true, true, 'http://k.kakaocdn.net/dn/big36q/dJMcachc94H/yFkUGRHKgyG9tKkAZYhTek/img_640x640.jpg'),
	('de16c932-7f36-4f89-aa08-645c3ad86c97', '30d9ad61-1395-4824-b2e1-bdd30c70b72d', 'fcc0e2b4-8688-45da-808c-6d2daad458a9', 'manager', '2026-03-23 08:19:04.880659+00', 0, 'Rr', true, true, NULL),
	('40a723a9-6327-48c6-9126-034733cddfc6', 'd7678799-2e08-4ae8-a579-f8151a732b59', '1fc15443-a8aa-4653-9e70-802b2b2855ed', 'member', '2026-03-25 00:05:23.321935+00', 0, '김태환', true, true, 'default:linear-gradient(135deg, #4FC3F7 0%, #FF6B9D 100%)'),
	('7d0188d3-c76f-4466-8165-1709bcd6adc8', 'c71fcfd9-35a7-4fb7-a5d3-1885e0e9df45', '48941b2d-35ea-4d6a-9cb9-0f9e9421f31f', 'manager', '2026-03-23 08:29:52.387936+00', 0, '고길동', true, true, 'default:#3b82f6'),
	('e68bfa62-9578-41df-bef0-769e773a1e19', 'c71fcfd9-35a7-4fb7-a5d3-1885e0e9df45', 'fc18429b-a83f-4e84-b85f-21196eef0f1c', 'vice-manager', '2026-03-18 06:54:05.282148+00', 0, '나유', true, true, NULL),
	('11e425b6-bd22-4e4a-a922-04548771a8ca', 'c71fcfd9-35a7-4fb7-a5d3-1885e0e9df45', '8ada6a16-06a2-4668-b46a-d7214b840f92', 'member', '2026-03-24 00:50:55.478824+00', 0, '음파', true, true, 'default:#f43f5e'),
	('0e3f7773-a6c1-46f9-85e9-16198e7bdc2b', 'd7678799-2e08-4ae8-a579-f8151a732b59', '48941b2d-35ea-4d6a-9cb9-0f9e9421f31f', 'manager', '2026-03-24 23:26:01.017011+00', 0, '고길동', true, true, 'default:linear-gradient(135deg, #4FC3F7 0%, #FF6B9D 100%)'),
	('1ced5650-8269-43fb-951b-46805ea17935', 'c71fcfd9-35a7-4fb7-a5d3-1885e0e9df45', 'f0fdb89e-08bc-4679-8ad9-2e0efc11130e', 'member', '2026-03-23 08:16:51.029457+00', 0, '김무준', true, true, NULL),
	('1eeca3ab-ff4d-4c5f-ac02-9dc8fc01a3fd', '060f6d80-8e5a-472a-b89f-8a72c54f0b9d', 'f0fdb89e-08bc-4679-8ad9-2e0efc11130e', 'manager', '2026-03-31 05:47:50.180486+00', 0, '김무준', true, true, 'default:#f97316'),
	('c73e8d52-8de7-4c38-bdc8-120830284446', 'c71fcfd9-35a7-4fb7-a5d3-1885e0e9df45', 'a9bbbbe7-b415-4290-9bcb-31ac341fea45', 'member', '2026-03-31 06:01:53.343662+00', 0, '트라이머니(방장)', true, true, 'https://img.scnd.kr/1774936910265-ye1usa.webp'),
	('99ddd048-6bbb-45cb-9f83-f55571d76a52', '060f6d80-8e5a-472a-b89f-8a72c54f0b9d', 'a9bbbbe7-b415-4290-9bcb-31ac341fea45', 'vice-manager', '2026-03-31 06:03:57.66805+00', 0, '트라이머니(방장)', true, true, 'https://img.scnd.kr/1774937034628-x0rijw.webp'),
	('8b9ba855-64f5-49ea-97a0-62a5dd666cc0', '060f6d80-8e5a-472a-b89f-8a72c54f0b9d', '1d23ce09-72a6-4079-8fca-be09c45e8da7', 'member', '2026-03-31 06:06:41.509878+00', 0, '박경현', true, true, NULL),
	('07bc8dca-d7d0-48d6-a275-4661685f81d6', '9e167825-d313-4a68-821a-b597cdb5d356', 'fcc0e2b4-8688-45da-808c-6d2daad458a9', 'manager', '2026-03-25 03:24:09.812675+00', 0, '아침러너', true, true, NULL),
	('1c1ae517-40e7-4db6-9b19-365529d29fda', '060f6d80-8e5a-472a-b89f-8a72c54f0b9d', 'd9f76084-3377-4f1f-aaa2-e32b387fb416', 'member', '2026-03-31 06:07:44.100759+00', 0, '남상우', true, true, 'http://k.kakaocdn.net/dn/dZbSpM/dJMcacie7zZ/vyVvICctF65KQat9XOu6mK/img_640x640.jpg'),
	('041cd96c-84ba-41b7-b37e-b7143887ec7b', '060f6d80-8e5a-472a-b89f-8a72c54f0b9d', 'd4402a4f-aa0c-489b-9d71-0a568aeef15c', 'member', '2026-03-31 06:08:04.681376+00', 0, '공덕HOPE', true, true, 'http://k.kakaocdn.net/dn/bgKUmR/dJMcaihTTGj/1rhdU6zFLtC0nFyecoviV1/img_640x640.jpg'),
	('e30a09ce-14e0-4b22-b4c0-a55b3ace4ce5', '9e167825-d313-4a68-821a-b597cdb5d356', 'fc18429b-a83f-4e84-b85f-21196eef0f1c', 'vice-manager', '2026-03-25 03:25:40.997137+00', 0, '메메', true, true, NULL),
	('e3ed1d49-101a-41a2-8054-fc66e97e563c', 'c71fcfd9-35a7-4fb7-a5d3-1885e0e9df45', 'fcc0e2b4-8688-45da-808c-6d2daad458a9', 'vice-manager', '2026-03-23 06:37:12.327361+00', 0, '스노보더', true, true, 'default:#22c55e'),
	('c38ec1f3-0b8c-4bba-bbe2-273d24437978', 'd7678799-2e08-4ae8-a579-f8151a732b59', 'a9bbbbe7-b415-4290-9bcb-31ac341fea45', 'vice-manager', '2026-03-24 04:19:17.216787+00', 0, '트라이머니', true, true, 'https://res.cloudinary.com/dhnyr34t1/image/upload/v1774325956/vdmmokijo67qe5wqfj65.jpg'),
	('f203a2de-7dac-4dc8-b6f8-6ca396cfc007', 'd7678799-2e08-4ae8-a579-f8151a732b59', 'f0fdb89e-08bc-4679-8ad9-2e0efc11130e', 'vice-manager', '2026-03-24 02:34:58.216654+00', 0, '김무준', true, true, NULL),
	('54627398-7e2c-4d7a-b821-cd8bc31487c3', '060f6d80-8e5a-472a-b89f-8a72c54f0b9d', '65ffc3ee-1c91-48ee-806a-e4ff68ac2afc', 'member', '2026-03-31 06:08:06.960572+00', 0, '앰지', true, true, 'http://k.kakaocdn.net/dn/wkqzT/btsMmY9PqjJ/0iKBdLC9kNTpEpfstIBPN1/img_640x640.jpg'),
	('0a9f4bdf-e46c-47fe-8bc0-4aea486071c1', 'd7678799-2e08-4ae8-a579-f8151a732b59', 'fc18429b-a83f-4e84-b85f-21196eef0f1c', 'member', '2026-03-24 04:09:49.467823+00', 0, '양스카이', true, true, 'http://k.kakaocdn.net/dn/big36q/dJMcachc94H/yFkUGRHKgyG9tKkAZYhTek/img_640x640.jpg'),
	('7e687261-d714-4834-92e7-e647e0eee06f', 'd7678799-2e08-4ae8-a579-f8151a732b59', '80fd04b7-5c69-432e-aa30-d9a24f03e72b', 'member', '2026-03-25 05:22:14.995777+00', 0, '이선관', true, true, 'http://k.kakaocdn.net/dn/qVVpX/btsObHdyugB/CYTZ6E3KtQp3CykOGaPge0/img_640x640.jpg'),
	('8dd4a3c6-522b-49c7-908b-6d33edc55f4c', '060f6d80-8e5a-472a-b89f-8a72c54f0b9d', 'dca4aaab-b93b-44d5-89cb-b51723049a04', 'member', '2026-03-31 06:11:19.39811+00', 0, '찬이/저축은행', true, true, NULL),
	('6ecc1190-fa9b-4443-adf4-f81a0b0616df', '060f6d80-8e5a-472a-b89f-8a72c54f0b9d', 'f808a338-eb26-4e1c-957f-8c4858dd491a', 'member', '2026-03-31 06:08:42.25952+00', 0, '사가정', true, true, 'default:#14b8a6'),
	('8aace134-1929-4fe8-a1b1-a7132706b2e3', '060f6d80-8e5a-472a-b89f-8a72c54f0b9d', '8ada6a16-06a2-4668-b46a-d7214b840f92', 'member', '2026-03-31 06:10:54.358066+00', 0, '음파', true, true, 'default:#eab308'),
	('0f44f50d-5cb3-4e6a-bf17-9f8b04b99ba1', '060f6d80-8e5a-472a-b89f-8a72c54f0b9d', '91673d9d-eb77-4db3-959e-6d320beb3920', 'member', '2026-03-31 06:11:51.941385+00', 0, '허접', true, true, 'default:linear-gradient(135deg, #4FC3F7 0%, #FF6B9D 100%)'),
	('0d781829-9ac8-417d-ad4c-9c8f179ca43c', '060f6d80-8e5a-472a-b89f-8a72c54f0b9d', '02a4e33d-aaf5-4ea7-8e63-a6168acb33c2', 'member', '2026-03-31 06:12:54.087458+00', 0, '하태수', true, true, 'https://img.scnd.kr/1774937571181-05wng.webp'),
	('a92410ad-8d4b-4e14-b14e-93bd98fa8a62', '060f6d80-8e5a-472a-b89f-8a72c54f0b9d', 'd380f173-c4d2-4709-9d0e-0f9a3daa5cba', 'member', '2026-03-31 06:13:04.291047+00', 0, '러닝가주아', true, true, 'default:#14b8a6'),
	('8c313974-7689-4b04-b88b-63b253f175ac', '060f6d80-8e5a-472a-b89f-8a72c54f0b9d', '8696bebf-1aa3-468b-86c8-568dbcd700ad', 'member', '2026-03-31 06:21:31.311839+00', 0, '이정혁', true, true, 'http://k.kakaocdn.net/dn/dD2YRu/dJMcagYAd3B/SUfI5jsDVTNC1wSRw8W2h1/img_640x640.jpg'),
	('3f692809-0a4d-41e9-84ca-e9375b1618e8', '060f6d80-8e5a-472a-b89f-8a72c54f0b9d', '544dfa2f-3482-43f9-b569-c35508b2ec63', 'member', '2026-03-31 06:29:41.635428+00', 0, '셔니', true, true, 'default:linear-gradient(135deg, #4FC3F7 0%, #FF6B9D 100%)'),
	('2e800d5a-5669-42a6-ac40-5c4831b55e3f', '060f6d80-8e5a-472a-b89f-8a72c54f0b9d', '48c3951d-58ba-48c8-899b-5cbfe67f8420', 'member', '2026-03-31 06:31:05.343445+00', 0, '배창기', true, true, 'default:#f97316'),
	('fa49a50d-e56d-4c2d-9061-b5332f9a064d', '060f6d80-8e5a-472a-b89f-8a72c54f0b9d', '48941b2d-35ea-4d6a-9cb9-0f9e9421f31f', 'vice-manager', '2026-03-31 06:32:01.413277+00', 0, '고길동', true, true, NULL),
	('cd01c7fd-e809-4c0d-a44e-158550acca26', '060f6d80-8e5a-472a-b89f-8a72c54f0b9d', 'fc18429b-a83f-4e84-b85f-21196eef0f1c', 'vice-manager', '2026-03-31 06:07:15.042312+00', 0, '양스카이', true, true, 'http://k.kakaocdn.net/dn/big36q/dJMcachc94H/yFkUGRHKgyG9tKkAZYhTek/img_640x640.jpg'),
	('0e821147-f573-4c9c-a635-36f8f9b98375', '060f6d80-8e5a-472a-b89f-8a72c54f0b9d', '04d4a07c-0683-4e82-a533-eda9ced8b2bb', 'member', '2026-03-31 06:48:08.457335+00', 0, 'Hong', true, true, 'http://k.kakaocdn.net/dn/btLXjz/btsQe80Bqi9/kuTw5Dd8m251igA8HMVwQ0/img_640x640.jpg'),
	('1b9ad6f7-ac35-473d-bb8f-37529f34d72f', '060f6d80-8e5a-472a-b89f-8a72c54f0b9d', '28dfc586-a46a-445a-ba24-e5982357e2e2', 'member', '2026-03-31 06:49:42.363571+00', 0, 'Clavo', true, true, 'http://k.kakaocdn.net/dn/Jy7rQ/btsGqWhNnqv/5Ie5kr7EQR7754gJkrLX10/img_640x640.jpg'),
	('3a61cbe6-9f1c-4dd7-9730-b9a16a1dfee4', '060f6d80-8e5a-472a-b89f-8a72c54f0b9d', '38547d93-9d62-467d-a442-41bedb5171a7', 'member', '2026-03-31 07:07:35.680745+00', 0, 'Ryan 정재원', true, true, 'http://k.kakaocdn.net/dn/onUUt/dJMcabQ3TK3/v8zm8zKR1SCfj9N6xe2CJK/img_640x640.jpg'),
	('bf463ce7-3c76-43ec-9b75-4e6490f3b242', '060f6d80-8e5a-472a-b89f-8a72c54f0b9d', '225d72ff-acbd-4e38-8867-9911d0271582', 'member', '2026-03-31 07:10:02.938706+00', 0, '전동완', true, true, 'https://img.scnd.kr/1774940998500-ps3ocq.webp'),
	('0976593f-a8d4-4e3d-a0e3-f7d4aacade32', '060f6d80-8e5a-472a-b89f-8a72c54f0b9d', '8d610a7f-41fa-472c-86f4-f1bf47c4ff43', 'member', '2026-03-31 07:10:15.636144+00', 0, '하늘양양', true, true, 'http://k.kakaocdn.net/dn/baGZAu/btrEc4jBBiq/HNZR5TU3gdDMJF71dc0wJ1/img_640x640.jpg'),
	('d187183b-e400-46b7-b6f2-555df77d413b', '060f6d80-8e5a-472a-b89f-8a72c54f0b9d', 'e17e83dc-3eab-4c4b-b700-fd6913bbf366', 'member', '2026-03-31 07:10:40.109948+00', 0, '타타', true, true, NULL),
	('490aa2aa-b3c4-4e09-8131-af0bc8ef0cd5', '060f6d80-8e5a-472a-b89f-8a72c54f0b9d', '8715acbd-e590-4d59-9c0f-602a6ae57b85', 'member', '2026-03-31 07:11:38.258802+00', 0, 'saint', true, true, 'https://img.scnd.kr/1774941094695-unrvjc.webp'),
	('a98ce211-791b-407e-942f-55b49dc781f7', '060f6d80-8e5a-472a-b89f-8a72c54f0b9d', '854311ed-37ee-4b87-a020-66df9b3c5a0e', 'member', '2026-03-31 07:13:34.147396+00', 0, '김달콤', true, true, NULL),
	('0656c96b-9189-41a9-b9a8-71ac564edac8', '060f6d80-8e5a-472a-b89f-8a72c54f0b9d', 'a9c41beb-1fef-4741-a610-fd92bfb33398', 'member', '2026-03-31 07:14:58.34017+00', 0, '익프로', true, true, 'https://img.scnd.kr/1774941295711-9qxivg.webp'),
	('9159cb86-c46d-4114-9f11-e03f827a0a9e', '060f6d80-8e5a-472a-b89f-8a72c54f0b9d', '03a2d5c1-2729-4dac-85a2-7f02e4191ccf', 'member', '2026-03-31 07:16:44.364222+00', 0, '토마토', true, true, 'default:#f43f5e'),
	('a7736520-516e-41a1-a256-1a871f7bab35', '060f6d80-8e5a-472a-b89f-8a72c54f0b9d', '634e39b4-4346-4006-941f-a165573b8cfc', 'member', '2026-03-31 07:30:24.762564+00', 0, '서희우', true, true, 'https://img.scnd.kr/1774942220286-315qqe.webp'),
	('db082f4a-f721-4388-a56e-d23586797feb', '060f6d80-8e5a-472a-b89f-8a72c54f0b9d', 'deef7054-b056-4178-a3fe-05b1d973354a', 'member', '2026-03-31 07:35:47.013205+00', 0, '이진우', true, true, 'https://img.scnd.kr/1774942544080-ffocyb.webp'),
	('49fd1d0e-e2df-4ba5-a85d-db1869a193f5', '060f6d80-8e5a-472a-b89f-8a72c54f0b9d', 'cb12920c-b2c4-42cc-9f12-9be4bef14c84', 'member', '2026-03-31 08:10:35.110674+00', 0, '아이언맨', true, true, NULL),
	('1a7a5bdf-f2c3-4576-b70d-4e4be88705e8', '060f6d80-8e5a-472a-b89f-8a72c54f0b9d', 'bc5a68d0-8b29-4d88-9710-8b57efdc9829', 'member', '2026-03-31 08:20:35.783889+00', 0, '보노', true, true, 'http://k.kakaocdn.net/dn/vQx5v/btsMsTtUt9j/0cKSNwWJUCMkt1mZYzBkBK/img_640x640.jpg'),
	('59fa39b1-f869-4f22-9d01-3173459baaa9', '060f6d80-8e5a-472a-b89f-8a72c54f0b9d', 'f88dfca3-096b-439a-97e3-fa14df921165', 'member', '2026-03-31 08:26:51.555173+00', 0, '작심삼일', true, true, 'default:#f43f5e'),
	('f2d793f8-6d10-4110-b75a-89f294df1b3e', '060f6d80-8e5a-472a-b89f-8a72c54f0b9d', '08d243c1-b28c-4b1b-aa91-e2fb96bf1098', 'member', '2026-03-31 10:05:45.576766+00', 0, '얼룩말', true, true, NULL),
	('4a8b0bdb-40cb-499f-8763-66450c6dd910', '060f6d80-8e5a-472a-b89f-8a72c54f0b9d', '808b9197-1a73-4603-9e68-354b97c01ea2', 'member', '2026-03-31 10:14:32.249341+00', 0, '제이드.W', true, true, 'default:#eab308');


--
-- Data for Name: workouts; Type: TABLE DATA; Schema: public; Owner: postgres
--

INSERT INTO "public"."workouts" ("id", "user_id", "category", "sub_type", "value", "unit", "proof_image", "created_at", "intensity", "sub_type_ratios", "workout_time") VALUES
	('f39f0657-6a3a-4acd-89c6-ab11eff3c5fd', 'f0fdb89e-08bc-4679-8ad9-2e0efc11130e', '달리기', '러닝', 3.00, 'km', NULL, '2026-03-23 08:33:01.367598+00', 4, NULL, '2026-03-23 08:32:00+00'),
	('ab848810-deb1-4519-993e-5125d37254dd', '48941b2d-35ea-4d6a-9cb9-0f9e9421f31f', '사이클', '실외', 21.00, 'km', 'https://res.cloudinary.com/dhnyr34t1/image/upload/v1774257626/t7x5k1qrank5cyoac7tz.jpg', '2026-03-23 09:20:27.782719+00', 4, NULL, '2026-03-22 03:54:00+00'),
	('5ef1fbf3-e3e2-4aab-a9aa-c0e1cd10e13f', '9a753212-83f1-41d2-84c2-ef6fc6347154', '달리기', '러닝', 5.00, 'km', NULL, '2026-03-02 00:00:00+00', 4, NULL, '2026-03-02 00:00:00+00'),
	('894c947e-ae31-45c9-9ef4-1d175b2e040a', 'f0f85a33-5198-45d3-ab8a-0a8d5471b4c5', '달리기', '러닝', 5.00, 'km', NULL, '2026-03-03 00:00:00+00', 4, NULL, '2026-03-03 00:00:00+00'),
	('d0fa32f5-e41e-4d71-97b9-5768529b65b6', '3ae34e39-2f18-4d76-b405-eedb5e2b4ede', '달리기', '러닝', 5.00, 'km', NULL, '2026-03-04 00:00:00+00', 4, NULL, '2026-03-04 00:00:00+00'),
	('d2d397e0-2bfd-42ce-b104-a828e6a9e811', '470bb464-4649-45e2-85e8-4e7e71d0b759', '달리기', '러닝', 5.00, 'km', NULL, '2026-03-05 00:00:00+00', 4, NULL, '2026-03-05 00:00:00+00'),
	('0461ada2-627f-485c-9208-ca2d731f1c02', '8ada6a16-06a2-4668-b46a-d7214b840f92', '수영', NULL, 1150.00, 'm', 'https://res.cloudinary.com/dhnyr34t1/image/upload/v1774303674/abomo8oq0d9sxcxfokwr.jpg', '2026-03-23 22:07:55.15419+00', 4, NULL, '2026-03-23 22:07:00+00'),
	('80b98be8-4d2c-4122-9893-ee733112dc9b', 'a9bbbbe7-b415-4290-9bcb-31ac341fea45', '수영', NULL, 2150.00, 'm', 'https://res.cloudinary.com/dhnyr34t1/image/upload/v1774309167/we8bpl69iu9ymgd7r7iy.png', '2026-03-23 23:39:28.05891+00', 8, NULL, '2026-03-23 23:38:00+00'),
	('a77b787f-f82f-4a99-a62a-10fcad71839c', 'ace4c332-f387-41dc-9c74-f5db9fc485a5', '사이클', '실내', 3.08, 'km', NULL, '2026-03-24 08:51:16.225015+00', 4, NULL, '2026-03-24 08:35:00+00'),
	('3df27338-f90f-43a4-a668-c4463a47d1ed', 'a9bbbbe7-b415-4290-9bcb-31ac341fea45', '달리기', '러닝', 10.20, 'km', 'https://res.cloudinary.com/dhnyr34t1/image/upload/v1774397508/vu8an6shinmxxojm1vdj.png', '2026-03-25 00:11:49.069726+00', 4, NULL, '2026-03-23 21:11:00+00'),
	('53603903-4add-4adc-818b-c5e1ce2fbf8c', '80fd04b7-5c69-432e-aa30-d9a24f03e72b', '달리기', '러닝', 6.08, 'km', 'https://res.cloudinary.com/dhnyr34t1/image/upload/v1774416184/iogrma1dmccrsyhwtyua.jpg', '2026-03-25 05:23:05.173481+00', 4, NULL, '2026-03-24 12:00:00+00'),
	('a5c82210-b6ee-49db-9f61-abc728fa16d3', '46375228-6ece-4af9-a20d-79a9c1a29193', '요가', '빈야사/아쉬탕가', 90.00, '분', NULL, '2026-03-25 15:16:41.745984+00', 8, NULL, '2026-03-25 10:30:00+00'),
	('f3402f96-6482-4905-b156-62cfc92b7334', 'a9bbbbe7-b415-4290-9bcb-31ac341fea45', '수영', NULL, 1200.00, 'm', 'https://res.cloudinary.com/dhnyr34t1/image/upload/v1774482593/as9gf35jnsy249xi8g0r.png', '2026-03-25 23:49:54.577274+00', 4, NULL, '2026-03-25 21:40:00+00'),
	('40833697-8ac4-4934-a5cf-41a5056cc4bd', 'ace4c332-f387-41dc-9c74-f5db9fc485a5', '사이클', '실내', 5.25, 'km', NULL, '2026-03-26 11:25:14.567689+00', 6, NULL, '2026-03-26 10:24:00+00'),
	('cca37bf5-9b47-4891-85d6-1cef759999a6', 'a9bbbbe7-b415-4290-9bcb-31ac341fea45', '달리기', '트레드밀', 2.00, 'km', 'https://res.cloudinary.com/dhnyr34t1/image/upload/v1774614156/ajot10kthc0eg3ofzfcc.png', '2026-03-27 12:22:37.819628+00', 4, NULL, '2026-03-27 11:22:00+00'),
	('e781ecc9-8737-4575-b569-467ef5f7ceaf', '8ada6a16-06a2-4668-b46a-d7214b840f92', '수영', NULL, 1200.00, 'm', 'https://res.cloudinary.com/dhnyr34t1/image/upload/v1774663964/syldyygxkckdicdzeuns.jpg', '2026-03-28 02:12:45.240135+00', 4, NULL, '2026-03-28 02:12:00+00'),
	('94bc074a-c00d-41fd-b5d2-7c98676d478e', '8d610a7f-41fa-472c-86f4-f1bf47c4ff43', '달리기', '러닝', 4.60, 'km', 'https://res.cloudinary.com/dhnyr34t1/image/upload/v1774741226/muyqrukzi9itunrjb2rw.jpg', '2026-03-28 23:40:27.096528+00', 2, NULL, '2026-03-28 01:57:00+00'),
	('c450300c-47a6-44b8-8f98-c177945f6af3', '8d610a7f-41fa-472c-86f4-f1bf47c4ff43', '사이클', '실외', 7.30, 'km', 'https://res.cloudinary.com/dhnyr34t1/image/upload/v1774741392/r8cbdynbf1ijyc82c60j.jpg', '2026-03-28 23:43:13.582271+00', 4, NULL, '2026-03-28 05:40:00+00'),
	('f9294e44-dbe4-450d-9a5d-82a1f418527c', '869e9ba6-f4b1-496e-9735-a391c7022be8', '달리기', '러닝', 3.50, 'km', NULL, '2026-03-18 10:33:00+00', 4, NULL, '2026-03-18 10:33:00+00'),
	('02c11232-e2a6-47b6-9806-e72d73a1ceb8', 'a9bbbbe7-b415-4290-9bcb-31ac341fea45', '수영', NULL, 4950.00, 'm', 'https://res.cloudinary.com/dhnyr34t1/image/upload/v1774743242/athsyyjspqstypbhtgq9.png', '2026-03-29 00:14:03.041463+00', 8, NULL, '2026-03-28 08:50:00+00'),
	('2127c8a1-06bd-4404-a313-0b4c190b8e75', '869e9ba6-f4b1-496e-9735-a391c7022be8', '달리기', '러닝', 3.50, 'km', NULL, '2026-03-19 11:35:00+00', 4, NULL, '2026-03-19 11:35:00+00'),
	('c7129479-ecd3-4ca0-b5bd-fe719c04f557', 'fbd7f27f-74fa-4d86-bf06-c908cd28e5d4', '달리기', '러닝', 4.00, 'km', 'https://res.cloudinary.com/dhnyr34t1/image/upload/v1774759709/qj4h3fnlgbhlhig2znyx.jpg', '2026-03-29 04:48:30.087074+00', 8, NULL, '2026-03-29 04:48:00+00'),
	('ec0bc282-207b-4d40-badd-1f85c2739000', '91673d9d-eb77-4db3-959e-6d320beb3920', '달리기', '러닝', 5.22, 'km', 'https://res.cloudinary.com/dhnyr34t1/image/upload/v1773925082/emxtb1qqbudtlva55yjk.jpg', '2026-03-19 12:57:00+00', 4, NULL, '2026-03-19 12:57:00+00'),
	('c17ec94c-6c58-43e7-9267-9c739a41fda6', '1fc15443-a8aa-4653-9e70-802b2b2855ed', '달리기', '러닝', 11.20, 'km', NULL, '2026-03-29 08:24:04.027178+00', 4, NULL, '2026-03-28 08:23:00+00'),
	('86f778e0-52a4-43df-81f9-b1c648c8fe8b', '1fc15443-a8aa-4653-9e70-802b2b2855ed', '달리기', '러닝', 4.90, 'km', 'https://res.cloudinary.com/dhnyr34t1/image/upload/v1774772883/mbiw5scq5mex9npuqozz.jpg', '2026-03-29 08:28:04.081659+00', 4, NULL, '2026-03-24 08:27:00+00'),
	('4b1ce837-7600-4d03-9681-5cb98e4141b7', 'a9c41beb-1fef-4741-a610-fd92bfb33398', '수영', NULL, 1125.00, 'm', 'https://img.scnd.kr/1774941366001-xmzmua.webp', '2026-03-31 07:16:08.492185+00', 4, NULL, '2026-03-31 01:00:00+00'),
	('9bd16077-c7bf-4966-8afc-1a98fc120e0c', '693068d3-de1a-4397-9f2f-d009acacba2e', '달리기', '러닝', 4.51, 'km', 'https://res.cloudinary.com/dhnyr34t1/image/upload/v1774789064/djhzu9lehf44bu4gsxhf.png', '2026-03-29 12:57:45.600679+00', 2, NULL, '2026-03-29 12:57:00+00'),
	('623013b2-ea8c-4895-8253-02caf6bf4a4f', 'a9c41beb-1fef-4741-a610-fd92bfb33398', '헬스', NULL, 45.00, '분', 'https://img.scnd.kr/1774941430022-9cm45j.webp', '2026-03-31 07:17:13.023291+00', 6, NULL, '2026-03-31 00:00:00+00'),
	('1b1b23e4-34ef-457d-b944-655c0c1bba0e', '225d72ff-acbd-4e38-8867-9911d0271582', '헬스', NULL, 47.00, '분', 'https://img.scnd.kr/1774941896892-d0nc4a.webp', '2026-03-31 07:25:00.972923+00', 6, NULL, '2026-03-31 07:24:00+00'),
	('d3a7c4b6-3667-4f2b-bbd0-e4c6f1642e21', 'a9bbbbe7-b415-4290-9bcb-31ac341fea45', '수영', NULL, 1500.00, 'm', 'https://res.cloudinary.com/dhnyr34t1/image/upload/v1774830352/xpqsomhlpmvg4lhzyfnx.png', '2026-03-30 00:25:53.34843+00', 6, NULL, '2026-03-29 21:47:00+00'),
	('c9016a4c-c94e-449a-b136-dd54bcd95ccb', 'ace4c332-f387-41dc-9c74-f5db9fc485a5', '사이클', '실내', 3.00, 'km', NULL, '2026-03-30 00:46:23.587737+00', 4, NULL, '2026-03-27 01:00:00+00'),
	('dc9052db-86ba-4e07-9204-3873f6937255', '693068d3-de1a-4397-9f2f-d009acacba2e', '달리기', '트레드밀', 3.00, 'km', 'https://img.scnd.kr/1774876022993-hxxjlh.webp', '2026-03-30 13:07:05.672258+00', 4, NULL, '2026-03-30 13:06:00+00'),
	('0ef1e789-e0ee-4080-801a-a4745237b455', '8ada6a16-06a2-4668-b46a-d7214b840f92', '수영', NULL, 1400.00, 'm', 'https://img.scnd.kr/1774908246594-y3lrg7.webp', '2026-03-30 22:04:10.034524+00', 6, NULL, '2026-03-30 22:03:00+00'),
	('e840ccd6-6158-4c91-abe0-7150ae3cbe60', '1fc15443-a8aa-4653-9e70-802b2b2855ed', '달리기', '러닝', 1.00, 'km', 'https://img.scnd.kr/1774918431010-ma5c2j.webp', '2026-03-31 00:53:58.47095+00', 4, NULL, '2026-03-31 00:53:00+00'),
	('753b473d-fbf1-43f9-bd23-6f02a21864d1', '04d4a07c-0683-4e82-a533-eda9ced8b2bb', '달리기', '트레드밀', 2.00, 'km', 'https://img.scnd.kr/1774944128550-yio4d.webp', '2026-03-31 08:02:17.776507+00', 6, NULL, '2026-03-31 07:30:00+00'),
	('8d93a806-5626-4460-a6f9-1754fa2a8915', 'deef7054-b056-4178-a3fe-05b1d973354a', '달리기', '러닝', 9.60, 'km', 'https://img.scnd.kr/1774946783898-cq1oxv.webp', '2026-03-31 08:46:26.307345+00', 4, NULL, '2026-03-31 08:45:00+00'),
	('c3d5b8f3-27c7-4e45-b14d-ac2b97f91ab9', 'fc18429b-a83f-4e84-b85f-21196eef0f1c', '달리기', '러닝', 5.07, 'km', 'https://img.scnd.kr/1774950854197-03g43n.webp', '2026-03-31 09:54:16.402176+00', 4, NULL, '2026-03-31 09:53:00+00'),
	('ac0e7490-0516-4787-80e7-67d8313a798e', 'fcc0e2b4-8688-45da-808c-6d2daad458a9', '달리기', '트레드밀', 3.00, 'km', NULL, '2026-03-23 06:37:27.343442+00', 4, NULL, '2026-03-23 06:37:00+00'),
	('99596581-742f-4947-83bf-a0eb2beb64f2', '48941b2d-35ea-4d6a-9cb9-0f9e9421f31f', '달리기', '러닝', 20.00, 'km', 'https://res.cloudinary.com/dhnyr34t1/image/upload/v1774256265/lfvjo2yxpzgwme8q9b1n.jpg', '2026-03-23 08:57:46.805105+00', 4, NULL, '2026-03-22 01:33:00+00'),
	('5a8bde0a-a21c-48ff-87f8-e89a0725bc24', 'dd02cc0a-2d82-4ee3-8c78-bf7048d557e9', '달리기', '러닝', 5.00, 'km', NULL, '2026-03-06 00:00:00+00', 4, NULL, '2026-03-06 00:00:00+00'),
	('fc1f34af-e307-40aa-af25-338a4e022372', '41ad2948-1510-4b4b-b6fd-bae587cb3797', '달리기', '러닝', 5.00, 'km', NULL, '2026-03-07 00:00:00+00', 4, NULL, '2026-03-07 00:00:00+00'),
	('1248ce65-768b-4e7f-86de-98d0c890b505', '597b2e1a-6da2-45ba-a0c6-57e0f1a9ea28', '달리기', '러닝', 5.00, 'km', NULL, '2026-03-08 00:00:00+00', 4, NULL, '2026-03-08 00:00:00+00'),
	('31375b88-984b-4a19-a245-c7d7f48bfadb', '89fc76db-73f7-4233-822a-21900b3ff393', '달리기', '러닝', 5.00, 'km', NULL, '2026-03-09 00:00:00+00', 4, NULL, '2026-03-09 00:00:00+00'),
	('e80a9074-ab35-43b7-935e-3bc0cc3454c4', 'cd947a9a-c089-4aff-88a0-2d43872cb049', '달리기', '러닝', 5.00, 'km', NULL, '2026-03-10 00:00:00+00', 4, NULL, '2026-03-10 00:00:00+00'),
	('d3ba7dc0-bbf8-4cf2-84cc-a4fce0d1df7b', '8da60434-0146-4854-b38f-4908e51f07b2', '달리기', '러닝', 5.00, 'km', NULL, '2026-03-11 00:00:00+00', 4, NULL, '2026-03-11 00:00:00+00'),
	('c2c7040e-16a4-4da2-95c0-a7d8c7c62649', '505d06c3-9037-4e50-8a03-1fd5b1316bab', '달리기', '러닝', 5.00, 'km', NULL, '2026-03-12 00:00:00+00', 4, NULL, '2026-03-12 00:00:00+00'),
	('071301c7-4d45-419f-9be6-97069ad6cdab', 'fc18429b-a83f-4e84-b85f-21196eef0f1c', '달리기', '러닝', 7.31, 'km', 'https://res.cloudinary.com/dhnyr34t1/image/upload/v1774779173/tbfvo7vosoxjqrdw2eus.png', '2026-03-29 10:12:54.447045+00', 6, NULL, '2026-03-29 10:12:00+00'),
	('720d758a-ca25-4ee9-a44b-f6c1d31fd71c', 'bfaaecc8-13ae-46fc-97b2-c27e631936be', '달리기', '러닝', 5.00, 'km', NULL, '2026-03-14 00:00:00+00', 4, NULL, '2026-03-14 00:00:00+00'),
	('e864af32-b05d-4e91-9637-f0e75c1236c9', 'ce79e6fb-0a9c-4f5a-877e-e6cac15c41a2', '달리기', '러닝', 5.00, 'km', NULL, '2026-03-15 00:00:00+00', 4, NULL, '2026-03-15 00:00:00+00'),
	('eafd6876-9a6a-4d34-9f7f-2c0b2cc24f12', '29c1f164-9a45-4224-8a03-d1bbb0fcb314', '달리기', '러닝', 5.00, 'km', NULL, '2026-03-22 00:00:00+00', 4, NULL, '2026-03-22 00:00:00+00'),
	('8ef71b75-dae8-4811-a02d-6e7f30cae793', 'f21bba52-6ca0-452e-aa71-5f13fc3e7f1c', '달리기', '러닝', 5.00, 'km', NULL, '2026-03-23 00:00:00+00', 4, NULL, '2026-03-23 00:00:00+00'),
	('00746062-63c5-4d59-87ca-9e21d3f03460', '62c34c3e-b2aa-4361-adc9-38e9fdb9c52b', '달리기', '러닝', 5.00, 'km', NULL, '2026-03-24 00:00:00+00', 4, NULL, '2026-03-24 00:00:00+00'),
	('9cb0f06e-d20a-483b-8338-8f449bb53fa5', '8602814d-2415-4834-828b-3f4064338a15', '달리기', '러닝', 51.00, 'km', NULL, '2026-03-13 00:00:00+00', 4, NULL, '2026-03-13 00:00:00+00'),
	('160f6fee-b99d-4ea6-b73f-2389770264ce', 'fc18429b-a83f-4e84-b85f-21196eef0f1c', '달리기', '러닝', 5.79, 'km', 'https://res.cloudinary.com/dhnyr34t1/image/upload/v1774272129/t6t5bsvek64sb3axucub.png', '2026-03-23 13:22:10.652539+00', 6, NULL, '2026-03-23 04:21:00+00'),
	('91b433d1-acf9-4352-b360-fbc1602e8f8f', '48941b2d-35ea-4d6a-9cb9-0f9e9421f31f', '달리기', '트레드밀', 5.00, 'km', 'https://res.cloudinary.com/dhnyr34t1/image/upload/v1774305665/pgsnphdnz92p6svwhy2a.jpg', '2026-03-23 22:41:06.568221+00', 4, NULL, '2026-03-23 21:23:00+00'),
	('673ab0f8-8416-40b6-b165-c79e49d3d5c2', 'c56262a3-c472-4fdf-82e7-1c6226957254', '달리기', '러닝', 5.70, 'km', NULL, '2026-03-24 23:31:23.734905+00', 2, NULL, '2026-03-24 20:30:00+00'),
	('5208d9d4-e196-4f9c-a88b-8658af58cc93', 'a9bbbbe7-b415-4290-9bcb-31ac341fea45', '사이클', '실외', 23.70, 'km', 'https://res.cloudinary.com/dhnyr34t1/image/upload/v1774397564/fzfpid89skpwwyumfuqi.png', '2026-03-25 00:12:45.417759+00', 4, NULL, '2026-03-25 00:12:00+00'),
	('66ef271c-2d47-43de-bcd2-ce46c8e1ead5', 'a566d47e-ff8d-4c85-aea1-1cbe54377cca', '달리기', '러닝', 8.05, 'km', 'https://res.cloudinary.com/dhnyr34t1/image/upload/v1774435587/hepe4vpzfzqhws4hiomw.png', '2026-03-25 10:46:28.029891+00', 3, NULL, '2026-03-25 10:45:00+00'),
	('d4614edc-f0b5-4f0a-9261-d4f1b01e8d34', 'a9bbbbe7-b415-4290-9bcb-31ac341fea45', '사이클', '실외', 23.60, 'km', 'https://res.cloudinary.com/dhnyr34t1/image/upload/v1774482565/keex0jvaultfkpbjciay.png', '2026-03-25 23:49:25.965602+00', 4, NULL, '2026-03-25 09:20:00+00'),
	('92424e4b-080c-4d49-8fd7-34826014eb84', 'a9bbbbe7-b415-4290-9bcb-31ac341fea45', '달리기', '트레드밀', 6.50, 'km', 'https://res.cloudinary.com/dhnyr34t1/image/upload/v1774502786/e0ai5jngxn2x65rtldvp.png', '2026-03-26 05:26:27.726711+00', 6, NULL, '2026-03-26 04:20:00+00'),
	('d41fc0cf-e6ee-4203-a01a-58b6d89053dd', '1e379fe1-ea07-44b2-8915-7bf356b82936', '달리기', '러닝', 15.01, 'km', 'https://res.cloudinary.com/dhnyr34t1/image/upload/v1774576577/gf2o6xhs7sf7mhivbbm0.jpg', '2026-03-27 01:56:19.444706+00', 4, NULL, '2026-03-26 10:49:00+00'),
	('7229d9d2-fab6-4205-89ab-3ae77c2c8aa0', '91673d9d-eb77-4db3-959e-6d320beb3920', '달리기', '러닝', 2.44, 'km', 'https://res.cloudinary.com/dhnyr34t1/image/upload/v1774615947/dcqr77yjueqswvn4nwr4.jpg', '2026-03-27 12:52:28.627374+00', 2, NULL, '2026-03-27 12:52:00+00'),
	('5aab4ac6-bd6e-47e1-ac65-db95bdcec7b2', 'fbd7f27f-74fa-4d86-bf06-c908cd28e5d4', '달리기', '러닝', 10.00, 'km', 'https://res.cloudinary.com/dhnyr34t1/image/upload/v1774667993/ftrlnfxclnohyjopyjas.jpg', '2026-03-28 03:19:54.359815+00', 6, NULL, '2026-03-28 03:19:00+00'),
	('3bd230b8-dca9-4e0b-81c4-4162b0112a14', '8d610a7f-41fa-472c-86f4-f1bf47c4ff43', '수영', NULL, 1300.00, 'm', 'https://res.cloudinary.com/dhnyr34t1/image/upload/v1774741313/ucyfrjuyxn8dbcjqoxlx.jpg', '2026-03-28 23:41:55.82267+00', 4, NULL, '2026-03-28 07:56:00+00'),
	('c4fd2c6f-9e02-4942-8514-a212c05684a3', 'a9bbbbe7-b415-4290-9bcb-31ac341fea45', '사이클', '실외', 35.70, 'km', 'https://res.cloudinary.com/dhnyr34t1/image/upload/v1774743190/jt0qxy86uk8sq6gbl8ld.png', '2026-03-29 00:13:11.22721+00', 4, NULL, '2026-03-29 00:12:00+00'),
	('decc81fc-c82f-4785-a427-6ffa0ab62b57', '91673d9d-eb77-4db3-959e-6d320beb3920', '달리기', '러닝', 21.10, 'km', 'https://res.cloudinary.com/dhnyr34t1/image/upload/v1774753828/jmivvf9hugomo9ljq84j.jpg', '2026-03-29 03:10:29.601054+00', 8, NULL, '2026-03-29 03:09:00+00'),
	('c90f8ef1-00e6-44e3-afd4-58b25dd21ff5', '1fc15443-a8aa-4653-9e70-802b2b2855ed', '달리기', '러닝', 15.20, 'km', 'https://res.cloudinary.com/dhnyr34t1/image/upload/v1774772750/tf7lxnmkaev8onyi56sj.jpg', '2026-03-29 08:23:45.809711+00', 4, NULL, '2026-03-28 23:23:00+00'),
	('8db5b51e-4eec-4876-9fe3-9f31eacf2ba3', '1fc15443-a8aa-4653-9e70-802b2b2855ed', '달리기', '러닝', 3.20, 'km', 'https://res.cloudinary.com/dhnyr34t1/image/upload/v1774772829/d7bioi909a3l1nuab39i.jpg', '2026-03-29 08:27:10.116431+00', 4, NULL, '2026-03-26 08:26:00+00'),
	('6bd9a466-59c4-43aa-ba32-18d2e27e912a', '46375228-6ece-4af9-a20d-79a9c1a29193', '요가', '일반', 60.00, '분', NULL, '2026-03-29 13:37:47.664561+00', 4, NULL, '2026-03-29 10:30:00+00'),
	('0d69e1dc-c433-4a54-9c81-62f4198a6c87', '48941b2d-35ea-4d6a-9cb9-0f9e9421f31f', '달리기', '러닝', 22.60, 'km', 'https://res.cloudinary.com/dhnyr34t1/image/upload/v1774831336/fomtblmy4oinfovcltxj.jpg', '2026-03-30 00:42:17.544258+00', 8, NULL, '2026-03-28 22:00:00+00'),
	('efb7de25-2b93-488c-8e42-f70d89e38b54', 'ace4c332-f387-41dc-9c74-f5db9fc485a5', '사이클', '실내', 6.32, 'km', 'https://res.cloudinary.com/dhnyr34t1/image/upload/v1774845253/oayjjyvfi6wbchf4lfo1.jpg', '2026-03-30 04:34:14.123467+00', 6, NULL, '2026-03-30 04:33:00+00'),
	('0caa8fb0-e2cc-4c14-b210-79710691466f', '48941b2d-35ea-4d6a-9cb9-0f9e9421f31f', '달리기', '러닝', 10.00, 'km', 'https://img.scnd.kr/1774903675070-mqf6u.webp', '2026-03-30 20:47:58.633338+00', 4, NULL, '2026-03-30 09:40:00+00'),
	('733764e8-8589-45a7-9162-4f385554c8b6', '1fc15443-a8aa-4653-9e70-802b2b2855ed', '달리기', '러닝', 10.20, 'km', 'https://img.scnd.kr/1774918028882-booi2.webp', '2026-03-31 00:47:11.829749+00', 4, NULL, '2026-03-30 00:46:00+00'),
	('fd48bcb1-d3b8-4c00-8773-2a1a97708e87', 'a9bbbbe7-b415-4290-9bcb-31ac341fea45', '달리기', '러닝', 10.00, 'km', 'https://img.scnd.kr/1774929787360-1op5r.webp', '2026-03-31 04:03:09.918+00', 4, NULL, '2026-03-30 10:37:00+00'),
	('4035b8df-6f41-4bee-9a30-1ab3b1ade04d', '48c3951d-58ba-48c8-899b-5cbfe67f8420', '달리기', '러닝', 10.00, 'km', 'https://img.scnd.kr/1774941080271-bo79j.webp', '2026-03-31 07:11:22.650555+00', 8, NULL, '2026-03-30 20:50:00+00'),
	('95890fc4-9f81-4921-95d6-5afc61c728f1', '03a2d5c1-2729-4dac-85a2-7f02e4191ccf', '달리기', '트레드밀', 5.00, 'km', 'https://img.scnd.kr/1774941497633-mzk2y.webp', '2026-03-31 07:18:26.521201+00', 4, NULL, '2026-03-31 04:00:00+00'),
	('ea07a136-b2a2-489e-a19b-fe59e91bc221', '1e379fe1-ea07-44b2-8915-7bf356b82936', '달리기', '러닝', 10.10, 'km', 'https://img.scnd.kr/1774942146681-wtjebh.webp', '2026-03-31 07:29:09.006495+00', 4, NULL, '2026-03-30 09:30:00+00'),
	('5c16c410-42b2-476a-8cd2-fa1d8e41c833', '04d4a07c-0683-4e82-a533-eda9ced8b2bb', '달리기', '트레드밀', 5.00, 'km', NULL, '2026-03-31 08:04:02.142084+00', 6, NULL, '2026-03-31 08:03:00+00'),
	('71b5ad86-6222-42ab-bdf1-dcc09e78f91a', 'fbd7f27f-74fa-4d86-bf06-c908cd28e5d4', '달리기', '트레드밀', 3.00, 'km', 'https://img.scnd.kr/1774950161469-9w2omh.webp', '2026-03-31 09:42:43.817377+00', 4, NULL, '2026-03-30 09:42:00+00'),
	('1ad98855-e18f-4e22-a27e-5ea2013177f3', 'a9bbbbe7-b415-4290-9bcb-31ac341fea45', '달리기', '러닝', 4.60, 'km', 'https://img.scnd.kr/1774952033035-v33pli.webp', '2026-03-31 10:13:56.034149+00', 4, NULL, '2026-03-31 10:13:00+00'),
	('c1df0d45-fa2d-480b-ac66-5e7b08848b14', '91673d9d-eb77-4db3-959e-6d320beb3920', '달리기', '러닝', 5.30, 'km', 'https://res.cloudinary.com/dhnyr34t1/image/upload/v1773658097/et1tslu6dbkt1wjoxsau.jpg', '2026-03-14 01:48:00+00', 4, NULL, '2026-03-14 01:48:00+00'),
	('627c8419-9e9f-40e3-b9d9-128dcea7eaab', '8ada6a16-06a2-4668-b46a-d7214b840f92', '수영', NULL, 1175.00, 'm', NULL, '2026-03-18 23:03:00+00', 6, NULL, '2026-03-18 23:03:00+00'),
	('1a7ceb0f-afeb-4d9b-a324-58e827d37066', '91673d9d-eb77-4db3-959e-6d320beb3920', '달리기', '러닝', 8.50, 'km', 'https://res.cloudinary.com/dhnyr34t1/image/upload/v1773658065/kkhakea9ioqn1j2eynr4.jpg', '2026-03-16 10:47:46.671596+00', 4, NULL, '2026-03-16 10:47:46.671596+00'),
	('dbd6c0d1-9d7a-440b-9c36-1d48fd60a907', '91673d9d-eb77-4db3-959e-6d320beb3920', '달리기', '러닝', 5.00, 'km', 'https://res.cloudinary.com/dhnyr34t1/image/upload/v1773658149/e6ydrofbh1loofsbpgcf.jpg', '2026-03-06 12:16:00+00', 4, NULL, '2026-03-06 12:16:00+00'),
	('0874878c-8e86-46cf-b37f-20a3ba96fe68', 'fbd7f27f-74fa-4d86-bf06-c908cd28e5d4', '달리기', '러닝', 21.00, 'km', 'https://res.cloudinary.com/dhnyr34t1/image/upload/v1773699564/jboqk8qqmvllyxmholv2.jpg', '2026-03-08 13:19:00+00', 4, NULL, '2026-03-08 13:19:00+00'),
	('d40bb2af-7ab5-48f2-9dac-79d1df016c70', '8ada6a16-06a2-4668-b46a-d7214b840f92', '수영', NULL, 1300.00, 'm', 'https://res.cloudinary.com/dhnyr34t1/image/upload/v1773661372/pejrgc5nqtzzhkqeo1gz.jpg', '2026-03-14 02:42:00+00', 4, NULL, '2026-03-14 02:42:00+00'),
	('4beec015-3923-4604-baa0-3f1411ea3b1c', 'fbd7f27f-74fa-4d86-bf06-c908cd28e5d4', '달리기', '러닝', 15.00, 'km', 'https://res.cloudinary.com/dhnyr34t1/image/upload/v1773699406/ls8uxwyy4gjvhygyo8tt.jpg', '2026-03-14 13:16:00+00', 4, NULL, '2026-03-14 13:16:00+00'),
	('145b0ec0-b949-4784-94ea-8944807a889b', '91673d9d-eb77-4db3-959e-6d320beb3920', '달리기', '러닝', 7.40, 'km', 'https://res.cloudinary.com/dhnyr34t1/image/upload/v1773658127/zrfkalbpbx5inb1ymlgo.jpg', '2026-03-08 07:24:00+00', 4, NULL, '2026-03-08 07:24:00+00'),
	('97a93141-fa2e-45b4-a940-a752adc919a4', 'fbd7f27f-74fa-4d86-bf06-c908cd28e5d4', '달리기', '러닝', 5.00, 'km', 'https://res.cloudinary.com/dhnyr34t1/image/upload/v1773699505/jmolzzzldita8lznagi1.jpg', '2026-03-12 13:18:00+00', 4, NULL, '2026-03-12 13:18:00+00'),
	('92ac3b70-a084-4c95-8933-18bb4af71326', '8ada6a16-06a2-4668-b46a-d7214b840f92', '수영', NULL, 1200.00, 'm', 'https://res.cloudinary.com/dhnyr34t1/image/upload/v1773698852/rqg17txp4hdfsvixlzte.jpg', '2026-03-16 22:07:33.362155+00', 4, NULL, '2026-03-16 22:07:33.362155+00'),
	('3a27b090-43ad-4065-b164-31b770c9517b', 'fbd7f27f-74fa-4d86-bf06-c908cd28e5d4', '달리기', '러닝', 5.00, 'km', 'https://res.cloudinary.com/dhnyr34t1/image/upload/v1773699610/emne9pxyxj4eb2ee03od.jpg', '2026-03-03 13:20:00+00', 4, NULL, '2026-03-03 13:20:00+00'),
	('5141a117-00b7-4ddb-8672-c49d1761671b', '91673d9d-eb77-4db3-959e-6d320beb3920', '달리기', '러닝', 6.00, 'km', 'https://res.cloudinary.com/dhnyr34t1/image/upload/v1773657938/mfw8pcakhzkpitmn5jcn.jpg', '2026-03-10 13:12:00+00', 4, NULL, '2026-03-10 13:12:00+00'),
	('fecaed2f-7264-4430-baf1-76774912361a', 'fbd7f27f-74fa-4d86-bf06-c908cd28e5d4', '달리기', '러닝', 15.00, 'km', 'https://res.cloudinary.com/dhnyr34t1/image/upload/v1773699651/xqybtlzexz4cowda7ip1.jpg', '2026-03-01 13:20:00+00', 4, NULL, '2026-03-01 13:20:00+00'),
	('407e0a98-3839-4a8f-aa05-e25bf20d91cb', '91673d9d-eb77-4db3-959e-6d320beb3920', '달리기', '러닝', 5.00, 'km', 'https://res.cloudinary.com/dhnyr34t1/image/upload/v1773754540/z1dafmpoxnpqvolyivh6.jpg', '2026-03-17 13:35:00+00', 8, NULL, '2026-03-17 13:35:00+00'),
	('d51c3631-65f4-4199-9369-b516d4681be2', 'fc18429b-a83f-4e84-b85f-21196eef0f1c', '달리기', '트레드밀', 3.06, 'km', 'https://res.cloudinary.com/dhnyr34t1/image/upload/v1773878556/nwoo9ogswoddxkcyo9ds.png', '2026-03-11 08:01:00+00', 4, NULL, '2026-03-11 08:01:00+00'),
	('34aeaaa1-863b-4efa-b56c-236bd03c8d50', 'fc18429b-a83f-4e84-b85f-21196eef0f1c', '달리기', '트레드밀', 1.64, 'km', 'https://res.cloudinary.com/dhnyr34t1/image/upload/v1773878647/q8u1i7tkllbaupescdcx.png', '2026-03-10 09:03:00+00', 2, NULL, '2026-03-10 09:03:00+00'),
	('6e13a77c-5055-420e-b547-56275ac733de', 'fc18429b-a83f-4e84-b85f-21196eef0f1c', '달리기', '트레드밀', 4.00, 'km', 'https://res.cloudinary.com/dhnyr34t1/image/upload/v1773878775/pnznnfuyzyhyq7syx3yv.jpg', '2026-03-03 00:05:00+00', 2, NULL, '2026-03-03 00:05:00+00'),
	('7aa80045-2116-4d0b-a304-7a7c4a621e3f', 'fc18429b-a83f-4e84-b85f-21196eef0f1c', '달리기', '러닝', 4.03, 'km', 'https://res.cloudinary.com/dhnyr34t1/image/upload/v1773657316/j7zvh1vdoxqncrjj6poj.png', '2026-03-12 16:35:00+00', 4, NULL, '2026-03-12 16:35:00+00'),
	('19e203c3-b2f9-49e4-8e50-2423cac0c9d2', 'fc18429b-a83f-4e84-b85f-21196eef0f1c', '달리기', '러닝', 5.63, 'km', 'https://res.cloudinary.com/dhnyr34t1/image/upload/v1773836528/pxq3lyaffeedjo46vnyu.jpg', '2026-03-18 12:21:00+00', 6, NULL, '2026-03-18 12:21:00+00'),
	('b6ef99fb-d160-45dc-9346-c0afe263baa4', 'fc18429b-a83f-4e84-b85f-21196eef0f1c', '달리기', '러닝', 4.02, 'km', 'https://res.cloudinary.com/dhnyr34t1/image/upload/v1773656393/h05poscsgvgbkr4whafx.png', '2026-03-14 16:39:00+00', 4, NULL, '2026-03-14 16:39:00+00'),
	('22325c33-2ee2-47d2-a493-eb96a4635d88', 'fc18429b-a83f-4e84-b85f-21196eef0f1c', '달리기', '러닝', 5.24, 'km', 'https://res.cloudinary.com/dhnyr34t1/image/upload/v1773667854/wfufeamvwqjarsxv4z1y.png', '2026-03-15 19:30:00+00', 5, NULL, '2026-03-15 19:30:00+00'),
	('da2b2f21-1372-496c-8640-dddded37c875', '46375228-6ece-4af9-a20d-79a9c1a29193', '요가', '일반', 90.00, '분', NULL, '2026-03-13 10:30:00+00', 4, '{"일반": 1.0}', '2026-03-13 10:30:00+00'),
	('082af697-9769-4f42-b086-aadd303696ec', '46375228-6ece-4af9-a20d-79a9c1a29193', '요가', '일반', 30.00, '분', NULL, '2026-03-16 14:00:00+00', 4, '{"일반": 1.0}', '2026-03-16 14:00:00+00'),
	('06aea29e-14b1-4aad-ad0b-dadc4062ae92', '46375228-6ece-4af9-a20d-79a9c1a29193', '요가', '일반', 30.00, '분', NULL, '2026-03-10 02:30:00+00', 4, '{"일반": 1.0}', '2026-03-10 02:30:00+00'),
	('06ea106f-ddf4-4961-b884-9d5fde0db862', '46375228-6ece-4af9-a20d-79a9c1a29193', '요가', '일반', 60.00, '분', NULL, '2026-03-09 12:40:00+00', 4, '{"일반": 1.0}', '2026-03-09 12:40:00+00'),
	('32491ee1-ffde-4a57-86b3-7b01b6218359', '46375228-6ece-4af9-a20d-79a9c1a29193', '요가', '일반', 90.00, '분', NULL, '2026-03-11 10:30:00+00', 4, '{"일반": 1.0}', '2026-03-11 10:30:00+00'),
	('4857e638-26a9-4d06-afc4-9945a69edd8e', '46375228-6ece-4af9-a20d-79a9c1a29193', '요가', '일반', 30.00, '분', NULL, '2026-03-11 23:20:00+00', 4, '{"일반": 1.0}', '2026-03-11 23:20:00+00'),
	('517fa9ca-eb9c-4ee5-a5dc-96fe88992876', '869e9ba6-f4b1-496e-9735-a391c7022be8', '복싱', '샌드백/미트', 45.00, '분', NULL, '2026-03-17 01:52:00+00', 8, '{"샌드백/미트": 1.0}', '2026-03-17 01:52:00+00'),
	('005f251b-3350-424e-a13f-7512ff120a78', 'fc18429b-a83f-4e84-b85f-21196eef0f1c', '달리기', '러닝', 4.31, 'km', 'https://res.cloudinary.com/dhnyr34t1/image/upload/v1774013006/hxsyzt9lapdbhqhghkad.png', '2026-03-20 13:22:00+00', 4, NULL, '2026-03-20 13:22:00+00'),
	('a7affb21-004f-4e21-869f-fc1dc0c6ad50', '91673d9d-eb77-4db3-959e-6d320beb3920', '달리기', '트레드밀', 3.40, 'km', 'https://res.cloudinary.com/dhnyr34t1/image/upload/v1774014735/wuy5vpa0lrrw94bj8if2.jpg', '2026-03-20 13:51:00+00', 2, NULL, '2026-03-20 13:51:00+00'),
	('84468941-ad3f-45c8-b380-de6e38a52551', '8ada6a16-06a2-4668-b46a-d7214b840f92', '수영', NULL, 2500.00, 'm', 'https://res.cloudinary.com/dhnyr34t1/image/upload/v1774053330/u8mqxz6dx8jbkitl2vuq.jpg', '2026-03-21 00:35:00+00', 8, NULL, '2026-03-21 00:35:00+00'),
	('d2e6aad1-8177-45dc-a2b0-a696d5849738', 'fbd7f27f-74fa-4d86-bf06-c908cd28e5d4', '달리기', '러닝', 5.50, 'km', 'https://res.cloudinary.com/dhnyr34t1/image/upload/v1774059136/xz4wfm2jy4daak0hsizo.jpg', '2026-03-21 01:00:00+00', 4, NULL, '2026-03-21 01:00:00+00'),
	('12af2361-1d72-430f-9ab4-d0bf7d6f8c80', '91673d9d-eb77-4db3-959e-6d320beb3920', '달리기', '러닝', 10.01, 'km', 'https://res.cloudinary.com/dhnyr34t1/image/upload/v1774098284/onw9bgcsejxcd7ownmxz.jpg', '2026-03-21 13:04:00+00', 6, NULL, '2026-03-21 13:04:00+00'),
	('565f6497-67ec-4c1f-97df-1fa84b7f545f', '91673d9d-eb77-4db3-959e-6d320beb3920', '달리기', '러닝', 5.20, 'km', 'https://res.cloudinary.com/dhnyr34t1/image/upload/v1774153870/jzbobzg1sj5svxzjjc7m.jpg', '2026-03-22 04:30:00+00', 2, NULL, '2026-03-22 04:30:00+00'),
	('5832721d-ab91-45ab-b6f8-40d3ca1c4a39', '46375228-6ece-4af9-a20d-79a9c1a29193', '요가', '일반', 90.00, '분', NULL, '2026-03-20 10:30:00+00', 7, '{"일반": 0.2, "빈야사/아쉬탕가": 0.8}', '2026-03-20 10:30:00+00'),
	('279fa62c-aab5-420a-9c5a-71fa55e9be81', '46375228-6ece-4af9-a20d-79a9c1a29193', '요가', '일반', 30.00, '분', NULL, '2026-03-16 22:50:00+00', 6, NULL, '2026-03-16 22:50:00+00'),
	('1398af29-681c-4b78-a3f0-50a40d5fdac7', '46375228-6ece-4af9-a20d-79a9c1a29193', '요가', '빈야사/아쉬탕가', 90.00, '분', NULL, '2026-03-18 10:30:00+00', 8, NULL, '2026-03-18 10:30:00+00'),
	('d9da428a-9645-4f43-aa43-0750d56d889a', '46375228-6ece-4af9-a20d-79a9c1a29193', '요가', '일반', 30.00, '분', NULL, '2026-03-19 13:45:00+00', 6, NULL, '2026-03-19 13:45:00+00'),
	('5384c50b-bb67-4eaf-97d9-bd15d2f43bb6', 'f0fdb89e-08bc-4679-8ad9-2e0efc11130e', '달리기', '러닝', 10.00, 'km', 'https://res.cloudinary.com/dhnyr34t1/image/upload/v1774254202/xnlfpmuj677qgv3lmzak.jpg', '2026-03-23 08:23:00.316086+00', 4, NULL, '2026-03-22 23:22:00+00'),
	('962a64e9-f6d2-4166-98e5-b3c42d937e57', 'e715bb97-bb58-42e4-aa82-b8185fdfc025', '달리기', '러닝', 5.00, 'km', NULL, '2026-03-16 00:00:00+00', 4, NULL, '2026-03-16 00:00:00+00'),
	('6db3ee70-0b3a-4fe0-a15e-edc66aa2efec', '26a1d647-b64f-4b55-beb8-7b5d61e39383', '달리기', '러닝', 5.00, 'km', NULL, '2026-03-17 00:00:00+00', 4, NULL, '2026-03-17 00:00:00+00'),
	('f6aefaa0-7635-4fc8-acc2-270fdc3b9576', '984e1ba5-ac0a-4f0b-a04c-2ed6d8099c00', '달리기', '러닝', 5.00, 'km', NULL, '2026-03-18 00:00:00+00', 4, NULL, '2026-03-18 00:00:00+00'),
	('6620d673-ba5a-419c-9216-c0d8ab330cb4', 'aafe258d-7239-48c7-8435-c988c4f4ae15', '달리기', '러닝', 5.00, 'km', NULL, '2026-03-19 00:00:00+00', 4, NULL, '2026-03-19 00:00:00+00'),
	('0ec86b7c-e7e3-4bad-8bd3-0421fd2960f8', '1a63bbc0-f18b-4f94-8449-0a734d51eda7', '달리기', '러닝', 5.00, 'km', NULL, '2026-03-20 00:00:00+00', 4, NULL, '2026-03-20 00:00:00+00'),
	('c1ae8483-ea3a-427f-ae7a-0c8bc4dab6a1', 'aecbae2a-9779-4055-a20b-1970e6a41405', '달리기', '러닝', 5.00, 'km', NULL, '2026-03-21 00:00:00+00', 4, NULL, '2026-03-21 00:00:00+00'),
	('89715985-a6f1-4504-a97c-43ec4fced910', '591f3c96-5473-46cc-a7fa-67c5650bb679', '달리기', '러닝', 5.00, 'km', NULL, '2026-03-25 00:00:00+00', 4, NULL, '2026-03-25 00:00:00+00'),
	('2832a5e6-b00d-46e2-9af4-37b186bcb465', '1f180ff6-e21a-4933-95d3-ca1f4530c577', '달리기', '러닝', 5.00, 'km', NULL, '2026-03-26 00:00:00+00', 4, NULL, '2026-03-26 00:00:00+00'),
	('3b347c6f-fc47-4048-b80f-394e1e7ac12e', 'ff26409c-6916-402d-bad6-dafeaf50c063', '달리기', '러닝', 5.00, 'km', NULL, '2026-03-27 00:00:00+00', 4, NULL, '2026-03-27 00:00:00+00'),
	('b38da9f2-545c-4f44-be8b-6797f1ee907f', '6c4d8ccd-5f6d-4456-ab81-f30d8610752c', '달리기', '러닝', 5.00, 'km', NULL, '2026-03-28 00:00:00+00', 4, NULL, '2026-03-28 00:00:00+00'),
	('5c88ea1b-f1f6-40e0-86dc-49e57da4b0d8', '93117f76-9bf0-478c-8b21-c74679ef4076', '달리기', '러닝', 5.00, 'km', NULL, '2026-03-01 00:00:00+00', 4, NULL, '2026-03-01 00:00:00+00'),
	('99627434-db9d-4695-89a9-b8925f9fc204', 'adc78491-0dc3-4907-bbdc-226ec1244d07', '달리기', '러닝', 5.00, 'km', NULL, '2026-03-02 00:00:00+00', 4, NULL, '2026-03-02 00:00:00+00'),
	('81b94e5c-6019-4053-82b4-3d8c0020eb59', '186edc9d-ebbb-4f92-91a2-11cfa831a20a', '달리기', '러닝', 5.00, 'km', NULL, '2026-03-03 00:00:00+00', 4, NULL, '2026-03-03 00:00:00+00'),
	('33306c54-5775-4528-9cb5-4d6229c1d2a7', 'fe97c34c-0125-4721-8343-5a6d4e856dff', '달리기', '러닝', 5.00, 'km', NULL, '2026-03-04 00:00:00+00', 4, NULL, '2026-03-04 00:00:00+00'),
	('642ef27a-eae4-4e3d-b5fa-8b620193882f', '64d6359e-ac25-4f4c-9eaf-b9fd85f04e04', '달리기', '러닝', 5.00, 'km', NULL, '2026-03-05 00:00:00+00', 4, NULL, '2026-03-05 00:00:00+00'),
	('abb96c3f-6b54-4cab-8171-146a65f1672a', '1fe29bb6-ccdd-43ef-a86e-71e512011ed5', '달리기', '러닝', 5.00, 'km', NULL, '2026-03-06 00:00:00+00', 4, NULL, '2026-03-06 00:00:00+00'),
	('633a8f1e-e2c1-4cfe-8ae2-d077321f0e29', 'f79cfc80-4414-4961-8e27-f751b4d1d5c0', '달리기', '러닝', 5.00, 'km', NULL, '2026-03-07 00:00:00+00', 4, NULL, '2026-03-07 00:00:00+00'),
	('c87e4d42-748c-4214-abeb-631642b3bd65', '0eebf0bd-5921-4626-b0e0-ed3c915958e7', '달리기', '러닝', 5.00, 'km', NULL, '2026-03-08 00:00:00+00', 4, NULL, '2026-03-08 00:00:00+00'),
	('7390af7f-c387-43a9-938c-a20c7abb2c22', 'ae4368e7-f522-4437-898f-9fee3650c268', '달리기', '러닝', 5.00, 'km', NULL, '2026-03-09 00:00:00+00', 4, NULL, '2026-03-09 00:00:00+00'),
	('25b8c7b8-4ed8-4074-b008-31691f4ade69', '578c6642-a251-46b5-84ad-8db31549f952', '달리기', '러닝', 5.00, 'km', NULL, '2026-03-10 00:00:00+00', 4, NULL, '2026-03-10 00:00:00+00'),
	('b69fcc24-b92f-4744-9f84-73fae3cfa49b', 'bb119355-b608-415a-a00c-dc2de9237564', '달리기', '러닝', 5.00, 'km', NULL, '2026-03-11 00:00:00+00', 4, NULL, '2026-03-11 00:00:00+00'),
	('4086e3d4-8b04-49e3-8fb7-d8f362c4cb41', '77ea11c1-3a14-43d5-8f81-2459546eb708', '달리기', '러닝', 5.00, 'km', NULL, '2026-03-12 00:00:00+00', 4, NULL, '2026-03-12 00:00:00+00'),
	('28872053-a2e2-416a-bf32-6f700e2f0bb6', '69f6b98d-5a6e-4933-9ac6-e8882c40a0b4', '달리기', '러닝', 5.00, 'km', NULL, '2026-03-13 00:00:00+00', 4, NULL, '2026-03-13 00:00:00+00'),
	('91e57f46-b121-4070-aa5d-2faaf9def2e8', 'c422a546-0c16-4efd-aad8-cfd184cc0463', '달리기', '러닝', 5.00, 'km', NULL, '2026-03-14 00:00:00+00', 4, NULL, '2026-03-14 00:00:00+00'),
	('dde72c0a-8f09-41ea-af54-13f668031a32', 'cc1c1182-6808-4b6a-b030-c536d2688740', '달리기', '러닝', 5.00, 'km', NULL, '2026-03-15 00:00:00+00', 4, NULL, '2026-03-15 00:00:00+00'),
	('f55be63e-b423-4a0e-9e5e-60892d84c000', 'db3a6757-498f-44e0-b9d0-861a8ffae000', '달리기', '러닝', 5.00, 'km', NULL, '2026-03-16 00:00:00+00', 4, NULL, '2026-03-16 00:00:00+00'),
	('ce211746-f9a2-4d37-bdcd-a739df73c4a5', '23056843-6aa4-4fda-8949-23972cf06223', '달리기', '러닝', 5.00, 'km', NULL, '2026-03-17 00:00:00+00', 4, NULL, '2026-03-17 00:00:00+00'),
	('c6ef5a32-d7b4-487e-9501-d25d1552c653', '90a98033-cb80-4c46-956f-abe5f7671a95', '달리기', '러닝', 5.00, 'km', NULL, '2026-03-18 00:00:00+00', 4, NULL, '2026-03-18 00:00:00+00'),
	('86153b3d-7cec-4e25-bd97-a6223c3cf211', '53e7db7f-3ad6-4619-a592-fb3ca6eaeca4', '달리기', '러닝', 5.00, 'km', NULL, '2026-03-19 00:00:00+00', 4, NULL, '2026-03-19 00:00:00+00'),
	('e3fbd4db-6a87-4881-81c5-9fc766ab24c1', 'b7d9b890-661a-4b75-bde5-a396a1e2cb8d', '달리기', '러닝', 5.00, 'km', NULL, '2026-03-20 00:00:00+00', 4, NULL, '2026-03-20 00:00:00+00'),
	('6f4de4ff-5764-4252-b04d-0f6aa6002129', 'b60d0bed-dae3-4ed5-bb88-95b9a86c2a43', '달리기', '러닝', 5.00, 'km', NULL, '2026-03-22 00:00:00+00', 4, NULL, '2026-03-22 00:00:00+00'),
	('f91b6375-d843-48b8-9ca2-2f62d8e01421', '16351284-dc64-472f-888e-6d92c00dc8e5', '달리기', '러닝', 5.00, 'km', NULL, '2026-03-23 00:00:00+00', 4, NULL, '2026-03-23 00:00:00+00'),
	('7cc3aaac-8e5d-4b72-9b05-e6fc2cc73e56', 'febe6110-c46b-44bd-94bd-4c2f24cef028', '달리기', '러닝', 50.00, 'km', NULL, '2026-03-21 00:00:00+00', 4, NULL, '2026-03-21 00:00:00+00'),
	('5c67fcc7-8d94-4faa-b010-ae46a49fa5e7', 'f0fdb89e-08bc-4679-8ad9-2e0efc11130e', '수영', NULL, 1050.00, 'm', NULL, '2026-03-23 23:34:44.953546+00', 6, NULL, '2026-03-23 22:00:00+00'),
	('deb4e708-9862-4773-9080-891fd739d308', '46375228-6ece-4af9-a20d-79a9c1a29193', '요가', '빈야사/아쉬탕가', 50.00, '분', NULL, '2026-03-24 01:42:59.443785+00', 6, NULL, '2026-03-23 22:41:00+00'),
	('c07e4835-b265-4e9f-b386-db980a1c4576', '7fff6df0-f6f9-40b9-a113-442e8c6b28c0', '달리기', '러닝', 7.20, 'km', 'https://res.cloudinary.com/dhnyr34t1/image/upload/v1774396278/vyoeyiwgyt55ooeehjlz.jpg', '2026-03-24 23:51:19.675599+00', 4, NULL, '2026-03-24 21:50:00+00'),
	('2ad4e41b-98a7-4cf7-8ee7-ddfc3ee3f366', 'deef7054-b056-4178-a3fe-05b1d973354a', '달리기', '트레드밀', 6.50, 'km', 'https://res.cloudinary.com/dhnyr34t1/image/upload/v1774411142/cjnwlafzvn8op9g73gvu.jpg', '2026-03-25 03:59:03.467274+00', 4, NULL, '2026-03-25 02:50:00+00'),
	('30561494-bdf6-4b02-8c84-7e489fbd8c01', '91673d9d-eb77-4db3-959e-6d320beb3920', '달리기', '러닝', 6.38, 'km', 'https://res.cloudinary.com/dhnyr34t1/image/upload/v1774445389/acfqqu5asq0putpvagqm.jpg', '2026-03-25 13:29:50.337682+00', 4, NULL, '2026-03-25 13:29:00+00');


--
-- Data for Name: club_workout_mileage; Type: TABLE DATA; Schema: public; Owner: postgres
--

INSERT INTO "public"."club_workout_mileage" ("id", "club_id", "workout_id", "user_id", "mileage", "year", "month", "calculated_at", "mileage_config_snapshot", "workout_date") VALUES
	('b15f2c18-539b-4e77-b230-5bad889537ac', 'fbe91eb6-d0bb-46cb-901e-c6c20ccdb0e4', '071301c7-4d45-419f-9be6-97069ad6cdab', 'fc18429b-a83f-4e84-b85f-21196eef0f1c', 7.31, 2026, 3, '2026-03-29 10:12:55.670192+00', '{"계단": 20, "수영": 200, "요가-일반": 1, "달리기-러닝": 1, "복싱-스파링": 1, "사이클-실내": 5, "사이클-실외": 3, "줄넘기-쌩쌩이": 1, "달리기-트레드밀": 1, "줄넘기-뒤로뛰기": 1, "줄넘기-한발뛰기": 1, "복싱-샌드백/미트": 1, "요가-빈야사/아쉬탕가": 1}', NULL),
	('311d8b8d-c3fc-49a1-82ba-af0afc3c7c2c', 'd20f1283-5379-4f78-9ec6-7cef09ab1964', 'dc9052db-86ba-4e07-9204-3873f6937255', '693068d3-de1a-4397-9f2f-d009acacba2e', 3, 2026, 3, '2026-03-30 13:07:06.310526+00', '{"계단": 20, "수영": 200, "헬스": 1, "요가-일반": 3.27, "달리기-러닝": 1, "복싱-스파링": 0.77, "사이클-실내": 5, "사이클-실외": 3, "계단-[object Object]": 1, "달리기-트레드밀": 1, "복싱-[object Object]": 1, "요가-[object Object]": 1, "복싱-샌드백/미트": 1.78, "달리기-[object Object]": 1, "사이클-[object Object]": 1, "요가-빈야사/아쉬탕가": 2.45}', NULL),
	('30d63f4c-e038-4497-adc3-00e1751fa16c', 'd7678799-2e08-4ae8-a579-f8151a732b59', 'f39f0657-6a3a-4acd-89c6-ab11eff3c5fd', 'f0fdb89e-08bc-4679-8ad9-2e0efc11130e', 3, 2026, 3, '2026-03-24 02:35:22.593554+00', '{"계단": 20, "수영": 200, "요가-일반": 1, "달리기-러닝": 1, "복싱-스파링": 1, "사이클-실내": 5, "사이클-실외": 3, "달리기-트레드밀": 1, "복싱-샌드백/미트": 1, "요가-빈야사/아쉬탕가": 1}', '2026-03-23'),
	('2bdd121d-f225-4a10-ad84-bc0ad9e9e856', 'd7678799-2e08-4ae8-a579-f8151a732b59', '66ef271c-2d47-43de-bcd2-ce46c8e1ead5', 'a566d47e-ff8d-4c85-aea1-1cbe54377cca', 8.05, 2026, 3, '2026-03-25 10:46:28.512492+00', '{"계단": 20, "수영": 200, "요가-일반": 1, "달리기-러닝": 1, "복싱-스파링": 1, "사이클-실내": 5, "사이클-실외": 3, "달리기-트레드밀": 1, "복싱-샌드백/미트": 1, "요가-빈야사/아쉬탕가": 1}', NULL),
	('7c934e9a-2ba9-4945-bfef-76f5f1c595da', '7a7f0e83-494c-4d38-aee9-b4009e8f00b2', '160f6fee-b99d-4ea6-b73f-2389770264ce', 'fc18429b-a83f-4e84-b85f-21196eef0f1c', 5.79, 2026, 3, '2026-03-23 13:22:11.302411+00', '{"계단": 20, "수영": 200, "요가-일반": 20, "달리기-러닝": 1, "복싱-스파링": 5, "사이클-실내": 2.5, "사이클-실외": 2.5, "달리기-트레드밀": 1, "복싱-샌드백/미트": 8, "요가-빈야사/아쉬탕가": 15}', '2026-03-23'),
	('a661b592-cf96-4e89-b208-cf7dd61a43cd', 'fbe91eb6-d0bb-46cb-901e-c6c20ccdb0e4', '407e0a98-3839-4a8f-aa05-e25bf20d91cb', '91673d9d-eb77-4db3-959e-6d320beb3920', 5, 2026, 3, '2026-03-19 16:14:32.322824+00', '{"계단": 20, "수영": 200, "요가-일반": 1, "달리기-러닝": 1, "복싱-스파링": 1, "사이클-실내": 5, "사이클-실외": 3, "줄넘기-쌩쌩이": 1, "달리기-트레드밀": 1, "줄넘기-뒤로뛰기": 1, "줄넘기-한발뛰기": 1, "복싱-샌드백/미트": 1, "요가-빈야사/아쉬탕가": 1}', '2026-03-17'),
	('8114390e-0b83-4f86-bef6-5ac66a127107', 'fbe91eb6-d0bb-46cb-901e-c6c20ccdb0e4', '5141a117-00b7-4ddb-8672-c49d1761671b', '91673d9d-eb77-4db3-959e-6d320beb3920', 6, 2026, 3, '2026-03-19 16:14:32.365732+00', '{"계단": 20, "수영": 200, "요가-일반": 1, "달리기-러닝": 1, "복싱-스파링": 1, "사이클-실내": 5, "사이클-실외": 3, "줄넘기-쌩쌩이": 1, "달리기-트레드밀": 1, "줄넘기-뒤로뛰기": 1, "줄넘기-한발뛰기": 1, "복싱-샌드백/미트": 1, "요가-빈야사/아쉬탕가": 1}', '2026-03-10'),
	('462fb37a-30ce-4d4d-a897-4ea8f73ac442', 'fbe91eb6-d0bb-46cb-901e-c6c20ccdb0e4', '92ac3b70-a084-4c95-8933-18bb4af71326', '8ada6a16-06a2-4668-b46a-d7214b840f92', 6, 2026, 3, '2026-03-19 16:14:32.34441+00', '{"계단": 20, "수영": 200, "요가-일반": 1, "달리기-러닝": 1, "복싱-스파링": 1, "사이클-실내": 5, "사이클-실외": 3, "줄넘기-쌩쌩이": 1, "달리기-트레드밀": 1, "줄넘기-뒤로뛰기": 1, "줄넘기-한발뛰기": 1, "복싱-샌드백/미트": 1, "요가-빈야사/아쉬탕가": 1}', '2026-03-16'),
	('ebd6d2ac-6622-4796-94f8-8f95f20e3a42', 'c71fcfd9-35a7-4fb7-a5d3-1885e0e9df45', 'fc1f34af-e307-40aa-af25-338a4e022372', '41ad2948-1510-4b4b-b6fd-bae587cb3797', 5, 2026, 3, '2026-03-19 16:30:25.868521+00', '{"계단": 19.9, "수영": 200, "요가-일반": 1, "달리기-러닝": 1, "복싱-스파링": 1, "사이클-실내": 5, "사이클-실외": 3, "달리기-트레드밀": 1, "복싱-샌드백/미트": 1, "요가-빈야사/아쉬탕가": 1}', '2026-03-07'),
	('e78907c5-3b84-4900-b6f6-f0d9b784ffb2', 'fbe91eb6-d0bb-46cb-901e-c6c20ccdb0e4', '1a7ceb0f-afeb-4d9b-a324-58e827d37066', '91673d9d-eb77-4db3-959e-6d320beb3920', 8.5, 2026, 3, '2026-03-19 16:14:32.342483+00', '{"계단": 20, "수영": 200, "요가-일반": 1, "달리기-러닝": 1, "복싱-스파링": 1, "사이클-실내": 5, "사이클-실외": 3, "줄넘기-쌩쌩이": 1, "달리기-트레드밀": 1, "줄넘기-뒤로뛰기": 1, "줄넘기-한발뛰기": 1, "복싱-샌드백/미트": 1, "요가-빈야사/아쉬탕가": 1}', '2026-03-16'),
	('58e6fe63-caa7-454d-96b8-6b3dd4296791', 'fbe91eb6-d0bb-46cb-901e-c6c20ccdb0e4', 'dbd6c0d1-9d7a-440b-9c36-1d48fd60a907', '91673d9d-eb77-4db3-959e-6d320beb3920', 5, 2026, 3, '2026-03-19 16:14:32.317959+00', '{"계단": 20, "수영": 200, "요가-일반": 1, "달리기-러닝": 1, "복싱-스파링": 1, "사이클-실내": 5, "사이클-실외": 3, "줄넘기-쌩쌩이": 1, "달리기-트레드밀": 1, "줄넘기-뒤로뛰기": 1, "줄넘기-한발뛰기": 1, "복싱-샌드백/미트": 1, "요가-빈야사/아쉬탕가": 1}', '2026-03-06'),
	('c5ed5129-2f6a-4a3f-a004-77e07afdba5d', 'fbe91eb6-d0bb-46cb-901e-c6c20ccdb0e4', '19e203c3-b2f9-49e4-8e50-2423cac0c9d2', 'fc18429b-a83f-4e84-b85f-21196eef0f1c', 5.63, 2026, 3, '2026-03-19 16:14:32.36494+00', '{"계단": 20, "수영": 200, "요가-일반": 1, "달리기-러닝": 1, "복싱-스파링": 1, "사이클-실내": 5, "사이클-실외": 3, "줄넘기-쌩쌩이": 1, "달리기-트레드밀": 1, "줄넘기-뒤로뛰기": 1, "줄넘기-한발뛰기": 1, "복싱-샌드백/미트": 1, "요가-빈야사/아쉬탕가": 1}', '2026-03-18'),
	('e74ff2e1-628c-4387-a64f-fbf0c7f65057', 'fbe91eb6-d0bb-46cb-901e-c6c20ccdb0e4', 'c1df0d45-fa2d-480b-ac66-5e7b08848b14', '91673d9d-eb77-4db3-959e-6d320beb3920', 5.3, 2026, 3, '2026-03-19 16:14:32.165671+00', '{"계단": 20, "수영": 200, "요가-일반": 1, "달리기-러닝": 1, "복싱-스파링": 1, "사이클-실내": 5, "사이클-실외": 3, "줄넘기-쌩쌩이": 1, "달리기-트레드밀": 1, "줄넘기-뒤로뛰기": 1, "줄넘기-한발뛰기": 1, "복싱-샌드백/미트": 1, "요가-빈야사/아쉬탕가": 1}', '2026-03-14'),
	('f6d01e68-d015-41db-a88a-4bb26ff64c17', 'fbe91eb6-d0bb-46cb-901e-c6c20ccdb0e4', '627c8419-9e9f-40e3-b9d9-128dcea7eaab', '8ada6a16-06a2-4668-b46a-d7214b840f92', 5.875, 2026, 3, '2026-03-19 16:14:32.197687+00', '{"계단": 20, "수영": 200, "요가-일반": 1, "달리기-러닝": 1, "복싱-스파링": 1, "사이클-실내": 5, "사이클-실외": 3, "줄넘기-쌩쌩이": 1, "달리기-트레드밀": 1, "줄넘기-뒤로뛰기": 1, "줄넘기-한발뛰기": 1, "복싱-샌드백/미트": 1, "요가-빈야사/아쉬탕가": 1}', '2026-03-18'),
	('897a369e-ba46-48ab-a069-31bf791659b2', 'd20f1283-5379-4f78-9ec6-7cef09ab1964', '160f6fee-b99d-4ea6-b73f-2389770264ce', 'fc18429b-a83f-4e84-b85f-21196eef0f1c', 5.79, 2026, 3, '2026-03-23 13:22:11.249986+00', '{}', NULL),
	('fcc6fd02-dcb2-468d-a97a-a3aff040da7d', '30d9ad61-1395-4824-b2e1-bdd30c70b72d', '160f6fee-b99d-4ea6-b73f-2389770264ce', 'fc18429b-a83f-4e84-b85f-21196eef0f1c', 5.79, 2026, 3, '2026-03-23 13:22:11.309696+00', '{}', NULL),
	('a673a9b2-9fc6-4fbe-b60e-4a05daef4acf', 'd7678799-2e08-4ae8-a579-f8151a732b59', '0caa8fb0-e2cc-4c14-b210-79710691466f', '48941b2d-35ea-4d6a-9cb9-0f9e9421f31f', 10, 2026, 3, '2026-03-30 20:47:59.253149+00', '{"계단": 20, "수영": 200, "헬스": 1, "요가-일반": 1, "달리기-러닝": 1, "복싱-스파링": 1, "사이클-실내": 5, "사이클-실외": 3, "계단-[object Object]": 1, "달리기-트레드밀": 1, "복싱-[object Object]": 1, "요가-[object Object]": 1, "복싱-샌드백/미트": 1, "달리기-[object Object]": 1, "사이클-[object Object]": 1, "요가-빈야사/아쉬탕가": 1}', NULL),
	('da078be6-1cc4-4de1-b01d-d36bd313120e', 'd7678799-2e08-4ae8-a579-f8151a732b59', '5c67fcc7-8d94-4faa-b010-ae46a49fa5e7', 'f0fdb89e-08bc-4679-8ad9-2e0efc11130e', 5.25, 2026, 3, '2026-03-24 02:35:22.626701+00', '{"계단": 20, "수영": 200, "요가-일반": 1, "달리기-러닝": 1, "복싱-스파링": 1, "사이클-실내": 5, "사이클-실외": 3, "달리기-트레드밀": 1, "복싱-샌드백/미트": 1, "요가-빈야사/아쉬탕가": 1}', '2026-03-23'),
	('5891db00-0086-4c6c-ab95-50fbbb5688b2', 'fbe91eb6-d0bb-46cb-901e-c6c20ccdb0e4', '0874878c-8e86-46cf-b37f-20a3ba96fe68', 'fbd7f27f-74fa-4d86-bf06-c908cd28e5d4', 21, 2026, 3, '2026-03-19 16:14:32.184404+00', '{"계단": 20, "수영": 200, "요가-일반": 1, "달리기-러닝": 1, "복싱-스파링": 1, "사이클-실내": 5, "사이클-실외": 3, "줄넘기-쌩쌩이": 1, "달리기-트레드밀": 1, "줄넘기-뒤로뛰기": 1, "줄넘기-한발뛰기": 1, "복싱-샌드백/미트": 1, "요가-빈야사/아쉬탕가": 1}', '2026-03-08'),
	('df1c4766-72d9-454a-93e5-4b38b9b86ee6', 'fbe91eb6-d0bb-46cb-901e-c6c20ccdb0e4', 'd40bb2af-7ab5-48f2-9dac-79d1df016c70', '8ada6a16-06a2-4668-b46a-d7214b840f92', 6.5, 2026, 3, '2026-03-19 16:14:32.310655+00', '{"계단": 20, "수영": 200, "요가-일반": 1, "달리기-러닝": 1, "복싱-스파링": 1, "사이클-실내": 5, "사이클-실외": 3, "줄넘기-쌩쌩이": 1, "달리기-트레드밀": 1, "줄넘기-뒤로뛰기": 1, "줄넘기-한발뛰기": 1, "복싱-샌드백/미트": 1, "요가-빈야사/아쉬탕가": 1}', '2026-03-14'),
	('865397e8-afd2-4215-89d4-78cd58cfc5f3', 'c71fcfd9-35a7-4fb7-a5d3-1885e0e9df45', 'c2c7040e-16a4-4da2-95c0-a7d8c7c62649', '505d06c3-9037-4e50-8a03-1fd5b1316bab', 5, 2026, 3, '2026-03-19 16:30:25.703506+00', '{"계단": 19.9, "수영": 200, "요가-일반": 1, "달리기-러닝": 1, "복싱-스파링": 1, "사이클-실내": 5, "사이클-실외": 3, "달리기-트레드밀": 1, "복싱-샌드백/미트": 1, "요가-빈야사/아쉬탕가": 1}', '2026-03-12'),
	('f538a6cb-a60e-48cb-b70c-ab8e8ac097ce', 'fbe91eb6-d0bb-46cb-901e-c6c20ccdb0e4', '30561494-bdf6-4b02-8c84-7e489fbd8c01', '91673d9d-eb77-4db3-959e-6d320beb3920', 6.38, 2026, 3, '2026-03-25 13:29:51.140536+00', '{"계단": 20, "수영": 200, "요가-일반": 1, "달리기-러닝": 1, "복싱-스파링": 1, "사이클-실내": 5, "사이클-실외": 3, "줄넘기-쌩쌩이": 1, "달리기-트레드밀": 1, "줄넘기-뒤로뛰기": 1, "줄넘기-한발뛰기": 1, "복싱-샌드백/미트": 1, "요가-빈야사/아쉬탕가": 1}', NULL),
	('8297a94f-c874-49ef-8271-24f575bf37e5', 'c71fcfd9-35a7-4fb7-a5d3-1885e0e9df45', '00746062-63c5-4d59-87ca-9e21d3f03460', '62c34c3e-b2aa-4361-adc9-38e9fdb9c52b', 5, 2026, 3, '2026-03-19 16:30:25.859874+00', '{"계단": 19.9, "수영": 200, "요가-일반": 1, "달리기-러닝": 1, "복싱-스파링": 1, "사이클-실내": 5, "사이클-실외": 3, "달리기-트레드밀": 1, "복싱-샌드백/미트": 1, "요가-빈야사/아쉬탕가": 1}', '2026-03-24'),
	('e87966d1-d99a-44e0-9aec-418dfaefc090', 'c71fcfd9-35a7-4fb7-a5d3-1885e0e9df45', 'd51c3631-65f4-4199-9369-b516d4681be2', 'fc18429b-a83f-4e84-b85f-21196eef0f1c', 3.06, 2026, 3, '2026-03-19 16:30:25.724121+00', '{"계단": 19.9, "수영": 200, "요가-일반": 1, "달리기-러닝": 1, "복싱-스파링": 1, "사이클-실내": 5, "사이클-실외": 3, "달리기-트레드밀": 1, "복싱-샌드백/미트": 1, "요가-빈야사/아쉬탕가": 1}', '2026-03-11'),
	('a183da25-0a6c-4489-8bf6-4b92391ec695', 'd20f1283-5379-4f78-9ec6-7cef09ab1964', '071301c7-4d45-419f-9be6-97069ad6cdab', 'fc18429b-a83f-4e84-b85f-21196eef0f1c', 7.31, 2026, 3, '2026-03-29 10:12:55.717718+00', '{"계단": 20, "수영": 200, "요가-일반": 3.27, "달리기-러닝": 1, "복싱-스파링": 0.77, "사이클-실내": 5, "사이클-실외": 3, "달리기-트레드밀": 1, "복싱-샌드백/미트": 1.78, "요가-빈야사/아쉬탕가": 2.45}', NULL),
	('ae7c2fb1-7af1-4be1-8106-6b1b2f8c9069', '060f6d80-8e5a-472a-b89f-8a72c54f0b9d', 'ab848810-deb1-4519-993e-5125d37254dd', '48941b2d-35ea-4d6a-9cb9-0f9e9421f31f', 7, 2026, 3, '2026-03-31 06:35:09.35782+00', '{"수영": 200, "헬스": 1, "계단-시간": 6, "계단-층수": 20, "달리기-러닝": 1, "사이클-실내": 5, "사이클-실외": 3, "계단-[object Object]": 1, "달리기-트레드밀": 1, "복싱-[object Object]": 1, "요가-[object Object]": 1, "달리기-[object Object]": 1, "사이클-[object Object]": 1}', '2026-03-22'),
	('6140f1fa-93f6-4cc2-a2a7-591631d02b62', '060f6d80-8e5a-472a-b89f-8a72c54f0b9d', 'dbd6c0d1-9d7a-440b-9c36-1d48fd60a907', '91673d9d-eb77-4db3-959e-6d320beb3920', 5, 2026, 3, '2026-03-31 06:35:09.67162+00', '{"수영": 200, "헬스": 1, "계단-시간": 6, "계단-층수": 20, "달리기-러닝": 1, "사이클-실내": 5, "사이클-실외": 3, "계단-[object Object]": 1, "달리기-트레드밀": 1, "복싱-[object Object]": 1, "요가-[object Object]": 1, "달리기-[object Object]": 1, "사이클-[object Object]": 1}', '2026-03-06'),
	('ef07f73e-f8dd-44ea-b9f3-1e7b190ef8d2', '060f6d80-8e5a-472a-b89f-8a72c54f0b9d', 'd51c3631-65f4-4199-9369-b516d4681be2', 'fc18429b-a83f-4e84-b85f-21196eef0f1c', 3.06, 2026, 3, '2026-03-31 06:35:09.628568+00', '{"수영": 200, "헬스": 1, "계단-시간": 6, "계단-층수": 20, "달리기-러닝": 1, "사이클-실내": 5, "사이클-실외": 3, "계단-[object Object]": 1, "달리기-트레드밀": 1, "복싱-[object Object]": 1, "요가-[object Object]": 1, "달리기-[object Object]": 1, "사이클-[object Object]": 1}', '2026-03-11'),
	('ad8689fa-192f-4b0b-a93c-291a148a5b46', 'fbe91eb6-d0bb-46cb-901e-c6c20ccdb0e4', '6e13a77c-5055-420e-b547-56275ac733de', 'fc18429b-a83f-4e84-b85f-21196eef0f1c', 4, 2026, 3, '2026-03-19 16:14:32.350177+00', '{"계단": 20, "수영": 200, "요가-일반": 1, "달리기-러닝": 1, "복싱-스파링": 1, "사이클-실내": 5, "사이클-실외": 3, "줄넘기-쌩쌩이": 1, "달리기-트레드밀": 1, "줄넘기-뒤로뛰기": 1, "줄넘기-한발뛰기": 1, "복싱-샌드백/미트": 1, "요가-빈야사/아쉬탕가": 1}', '2026-03-03'),
	('c9901122-8600-420a-9fe9-624111141fee', 'dd2b8c45-0187-4257-bd1e-18212124b97b', '160f6fee-b99d-4ea6-b73f-2389770264ce', 'fc18429b-a83f-4e84-b85f-21196eef0f1c', 5.79, 2026, 3, '2026-03-23 13:22:11.275433+00', '{}', NULL),
	('89d077a5-9e63-4991-b21a-5f1901ae7af4', 'c71fcfd9-35a7-4fb7-a5d3-1885e0e9df45', '0caa8fb0-e2cc-4c14-b210-79710691466f', '48941b2d-35ea-4d6a-9cb9-0f9e9421f31f', 10, 2026, 3, '2026-03-30 20:47:59.34399+00', '{"계단": 19.9, "수영": 200, "헬스": 1, "요가-일반": 1, "달리기-러닝": 1, "복싱-스파링": 1, "사이클-실내": 5, "사이클-실외": 3, "계단-[object Object]": 1, "달리기-트레드밀": 1, "복싱-[object Object]": 1, "요가-[object Object]": 1, "복싱-샌드백/미트": 1, "달리기-[object Object]": 1, "사이클-[object Object]": 1, "요가-빈야사/아쉬탕가": 1}', NULL),
	('8402fd8b-5360-473e-b1ab-ed5e29bb5781', 'c71fcfd9-35a7-4fb7-a5d3-1885e0e9df45', '22325c33-2ee2-47d2-a493-eb96a4635d88', 'fc18429b-a83f-4e84-b85f-21196eef0f1c', 5.24, 2026, 3, '2026-03-19 16:30:25.936286+00', '{"계단": 19.9, "수영": 200, "요가-일반": 1, "달리기-러닝": 1, "복싱-스파링": 1, "사이클-실내": 5, "사이클-실외": 3, "달리기-트레드밀": 1, "복싱-샌드백/미트": 1, "요가-빈야사/아쉬탕가": 1}', '2026-03-15'),
	('f56eaf05-5052-4f5b-9a88-ca7335045997', 'd7678799-2e08-4ae8-a579-f8151a732b59', '5384c50b-bb67-4eaf-97d9-bd15d2f43bb6', 'f0fdb89e-08bc-4679-8ad9-2e0efc11130e', 10, 2026, 3, '2026-03-24 02:35:22.626751+00', '{"계단": 20, "수영": 200, "요가-일반": 1, "달리기-러닝": 1, "복싱-스파링": 1, "사이클-실내": 5, "사이클-실외": 3, "달리기-트레드밀": 1, "복싱-샌드백/미트": 1, "요가-빈야사/아쉬탕가": 1}', '2026-03-22'),
	('0d68968f-1243-4eee-b415-5a17c6a80739', '7a7f0e83-494c-4d38-aee9-b4009e8f00b2', 'a5c82210-b6ee-49db-9f61-abc728fa16d3', '46375228-6ece-4af9-a20d-79a9c1a29193', 6, 2026, 3, '2026-03-25 15:16:42.280471+00', '{"계단": 20, "수영": 200, "요가-일반": 20, "달리기-러닝": 1, "복싱-스파링": 5, "사이클-실내": 2.5, "사이클-실외": 2.5, "달리기-트레드밀": 1, "복싱-샌드백/미트": 8, "요가-빈야사/아쉬탕가": 15}', '2026-03-25'),
	('4fc6d46a-2c6e-4f6f-87fe-c0c15d1676e2', 'd7678799-2e08-4ae8-a579-f8151a732b59', '071301c7-4d45-419f-9be6-97069ad6cdab', 'fc18429b-a83f-4e84-b85f-21196eef0f1c', 7.31, 2026, 3, '2026-03-29 10:12:55.718402+00', '{"계단": 20, "수영": 200, "요가-일반": 1, "달리기-러닝": 1, "복싱-스파링": 1, "사이클-실내": 5, "사이클-실외": 3, "달리기-트레드밀": 1, "복싱-샌드백/미트": 1, "요가-빈야사/아쉬탕가": 1}', NULL),
	('2db0b132-4919-4732-a0ab-a8005c5789c8', '060f6d80-8e5a-472a-b89f-8a72c54f0b9d', '94bc074a-c00d-41fd-b5d2-7c98676d478e', '8d610a7f-41fa-472c-86f4-f1bf47c4ff43', 4.6, 2026, 3, '2026-03-31 10:08:37.610264+00', '{"수영": 200, "헬스": 1, "계단-시간": 6, "계단-층수": 20, "달리기-러닝": 1, "사이클-실내": 5, "사이클-실외": 3, "계단-[object Object]": 1, "달리기-트레드밀": 1, "복싱-[object Object]": 1, "요가-[object Object]": 1, "달리기-[object Object]": 1, "사이클-[object Object]": 1}', '2026-03-28'),
	('4d82c3e7-2ee1-450b-895e-a3b3315eef1e', 'fbe91eb6-d0bb-46cb-901e-c6c20ccdb0e4', 'd51c3631-65f4-4199-9369-b516d4681be2', 'fc18429b-a83f-4e84-b85f-21196eef0f1c', 3.06, 2026, 3, '2026-03-19 16:14:32.33619+00', '{"계단": 20, "수영": 200, "요가-일반": 1, "달리기-러닝": 1, "복싱-스파링": 1, "사이클-실내": 5, "사이클-실외": 3, "줄넘기-쌩쌩이": 1, "달리기-트레드밀": 1, "줄넘기-뒤로뛰기": 1, "줄넘기-한발뛰기": 1, "복싱-샌드백/미트": 1, "요가-빈야사/아쉬탕가": 1}', '2026-03-11'),
	('22f8e68c-3e52-4b07-b70e-e087dd82f5d0', 'fbe91eb6-d0bb-46cb-901e-c6c20ccdb0e4', 'ec0bc282-207b-4d40-badd-1f85c2739000', '91673d9d-eb77-4db3-959e-6d320beb3920', 5.22, 2026, 3, '2026-03-19 16:14:32.271208+00', '{"계단": 20, "수영": 200, "요가-일반": 1, "달리기-러닝": 1, "복싱-스파링": 1, "사이클-실내": 5, "사이클-실외": 3, "줄넘기-쌩쌩이": 1, "달리기-트레드밀": 1, "줄넘기-뒤로뛰기": 1, "줄넘기-한발뛰기": 1, "복싱-샌드백/미트": 1, "요가-빈야사/아쉬탕가": 1}', '2026-03-19'),
	('8efd0bbd-d0dd-4ccd-a854-5cd35b957339', 'fbe91eb6-d0bb-46cb-901e-c6c20ccdb0e4', 'fecaed2f-7264-4430-baf1-76774912361a', 'fbd7f27f-74fa-4d86-bf06-c908cd28e5d4', 15, 2026, 3, '2026-03-19 16:14:32.366079+00', '{"계단": 20, "수영": 200, "요가-일반": 1, "달리기-러닝": 1, "복싱-스파링": 1, "사이클-실내": 5, "사이클-실외": 3, "줄넘기-쌩쌩이": 1, "달리기-트레드밀": 1, "줄넘기-뒤로뛰기": 1, "줄넘기-한발뛰기": 1, "복싱-샌드백/미트": 1, "요가-빈야사/아쉬탕가": 1}', '2026-03-01'),
	('49a624fe-33e9-4813-95c4-86e72752d2e7', 'fbe91eb6-d0bb-46cb-901e-c6c20ccdb0e4', '160f6fee-b99d-4ea6-b73f-2389770264ce', 'fc18429b-a83f-4e84-b85f-21196eef0f1c', 5.79, 2026, 3, '2026-03-23 13:22:11.302673+00', '{"계단": 20, "수영": 200, "요가-일반": 1, "달리기-러닝": 1, "복싱-스파링": 1, "사이클-실내": 5, "사이클-실외": 3, "줄넘기-쌩쌩이": 1, "달리기-트레드밀": 1, "줄넘기-뒤로뛰기": 1, "줄넘기-한발뛰기": 1, "복싱-샌드백/미트": 1, "요가-빈야사/아쉬탕가": 1}', '2026-03-23'),
	('52d9d38a-9aa5-4ec9-91f4-2a65dc31c6e7', 'fbe91eb6-d0bb-46cb-901e-c6c20ccdb0e4', '97a93141-fa2e-45b4-a940-a752adc919a4', 'fbd7f27f-74fa-4d86-bf06-c908cd28e5d4', 5, 2026, 3, '2026-03-19 16:14:32.245148+00', '{"계단": 20, "수영": 200, "요가-일반": 1, "달리기-러닝": 1, "복싱-스파링": 1, "사이클-실내": 5, "사이클-실외": 3, "줄넘기-쌩쌩이": 1, "달리기-트레드밀": 1, "줄넘기-뒤로뛰기": 1, "줄넘기-한발뛰기": 1, "복싱-샌드백/미트": 1, "요가-빈야사/아쉬탕가": 1}', '2026-03-12'),
	('a605d9d2-6b66-43fb-b094-1c187b731b54', 'fbe91eb6-d0bb-46cb-901e-c6c20ccdb0e4', '3a27b090-43ad-4065-b164-31b770c9517b', 'fbd7f27f-74fa-4d86-bf06-c908cd28e5d4', 5, 2026, 3, '2026-03-19 16:14:32.196919+00', '{"계단": 20, "수영": 200, "요가-일반": 1, "달리기-러닝": 1, "복싱-스파링": 1, "사이클-실내": 5, "사이클-실외": 3, "줄넘기-쌩쌩이": 1, "달리기-트레드밀": 1, "줄넘기-뒤로뛰기": 1, "줄넘기-한발뛰기": 1, "복싱-샌드백/미트": 1, "요가-빈야사/아쉬탕가": 1}', '2026-03-03'),
	('3aae7f0f-67d0-4f13-8a87-88e292558593', 'fbe91eb6-d0bb-46cb-901e-c6c20ccdb0e4', '0ef1e789-e0ee-4080-801a-a4745237b455', '8ada6a16-06a2-4668-b46a-d7214b840f92', 7, 2026, 3, '2026-03-30 22:04:10.771489+00', '{"계단": 20, "수영": 200, "헬스": 1, "요가-일반": 1, "달리기-러닝": 1, "복싱-스파링": 1, "사이클-실내": 5, "사이클-실외": 3, "줄넘기-쌩쌩이": 1, "계단-[object Object]": 1, "달리기-트레드밀": 1, "복싱-[object Object]": 1, "요가-[object Object]": 1, "줄넘기-뒤로뛰기": 1, "줄넘기-한발뛰기": 1, "복싱-샌드백/미트": 1, "달리기-[object Object]": 1, "사이클-[object Object]": 1, "요가-빈야사/아쉬탕가": 1}', NULL),
	('a4f5744e-bfdb-43cb-b7e6-946b41d2bbbd', 'c71fcfd9-35a7-4fb7-a5d3-1885e0e9df45', '160f6fee-b99d-4ea6-b73f-2389770264ce', 'fc18429b-a83f-4e84-b85f-21196eef0f1c', 5.79, 2026, 3, '2026-03-23 13:22:11.297759+00', '{"계단": 19.9, "수영": 200, "요가-일반": 1, "달리기-러닝": 1, "복싱-스파링": 1, "사이클-실내": 5, "사이클-실외": 3, "달리기-트레드밀": 1, "복싱-샌드백/미트": 1, "요가-빈야사/아쉬탕가": 1}', '2026-03-23'),
	('d7b0f627-d230-4608-ae6b-507c3547871c', 'd20f1283-5379-4f78-9ec6-7cef09ab1964', '9bd16077-c7bf-4966-8afc-1a98fc120e0c', '693068d3-de1a-4397-9f2f-d009acacba2e', 4.51, 2026, 3, '2026-03-29 12:57:46.651703+00', '{"계단": 20, "수영": 200, "요가-일반": 3.27, "달리기-러닝": 1, "복싱-스파링": 0.77, "사이클-실내": 5, "사이클-실외": 3, "달리기-트레드밀": 1, "복싱-샌드백/미트": 1.78, "요가-빈야사/아쉬탕가": 2.45}', NULL),
	('ee2228f3-eb2d-4710-831a-1f1c6a97b06f', '060f6d80-8e5a-472a-b89f-8a72c54f0b9d', '3df27338-f90f-43a4-a668-c4463a47d1ed', 'a9bbbbe7-b415-4290-9bcb-31ac341fea45', 10.2, 2026, 3, '2026-03-31 06:35:09.659291+00', '{"수영": 200, "헬스": 1, "계단-시간": 6, "계단-층수": 20, "달리기-러닝": 1, "사이클-실내": 5, "사이클-실외": 3, "계단-[object Object]": 1, "달리기-트레드밀": 1, "복싱-[object Object]": 1, "요가-[object Object]": 1, "달리기-[object Object]": 1, "사이클-[object Object]": 1}', '2026-03-23'),
	('8b28eddd-ede4-47e5-84fb-5b7edce3f0e1', 'd20f1283-5379-4f78-9ec6-7cef09ab1964', '005f251b-3350-424e-a13f-7512ff120a78', 'fc18429b-a83f-4e84-b85f-21196eef0f1c', 4.31, 2026, 3, '2026-03-20 13:23:27.378979+00', '{"계단": 20, "수영": 200, "요가-일반": 3.27, "달리기-러닝": 1, "복싱-스파링": 0.77, "사이클-실내": 5, "사이클-실외": 3, "달리기-트레드밀": 1, "복싱-샌드백/미트": 1.78, "요가-빈야사/아쉬탕가": 2.45}', '2026-03-20'),
	('2b785b1a-13d3-4b26-88d8-05001c1d608d', 'd7678799-2e08-4ae8-a579-f8151a732b59', 'd4614edc-f0b5-4f0a-9261-d4f1b01e8d34', 'a9bbbbe7-b415-4290-9bcb-31ac341fea45', 7.866666666666667, 2026, 3, '2026-03-25 23:49:26.525061+00', '{"계단": 20, "수영": 200, "요가-일반": 1, "달리기-러닝": 1, "복싱-스파링": 1, "사이클-실내": 5, "사이클-실외": 3, "달리기-트레드밀": 1, "복싱-샌드백/미트": 1, "요가-빈야사/아쉬탕가": 1}', NULL),
	('f3dfa41c-7583-455f-9664-ddeaec33c223', '7a7f0e83-494c-4d38-aee9-b4009e8f00b2', 'a77b787f-f82f-4a99-a62a-10fcad71839c', 'ace4c332-f387-41dc-9c74-f5db9fc485a5', 1.232, 2026, 3, '2026-03-24 08:51:17.17529+00', '{"계단": 20, "수영": 200, "요가-일반": 20, "달리기-러닝": 1, "복싱-스파링": 5, "사이클-실내": 2.5, "사이클-실외": 2.5, "달리기-트레드밀": 1, "복싱-샌드백/미트": 8, "요가-빈야사/아쉬탕가": 15}', '2026-03-24'),
	('2b3707e6-dba2-40a6-b030-e3680c63c88c', '7a7f0e83-494c-4d38-aee9-b4009e8f00b2', '32491ee1-ffde-4a57-86b3-7b01b6218359', '46375228-6ece-4af9-a20d-79a9c1a29193', 4.5, 2026, 3, '2026-03-19 16:14:57.877502+00', '{"계단": 20, "수영": 200, "요가-일반": 20, "달리기-러닝": 1, "복싱-스파링": 5, "사이클-실내": 2.5, "사이클-실외": 2.5, "달리기-트레드밀": 1, "복싱-샌드백/미트": 8, "요가-빈야사/아쉬탕가": 15}', '2026-03-11'),
	('a0f63e23-fc33-42ce-8d6c-d8c99a846613', '7a7f0e83-494c-4d38-aee9-b4009e8f00b2', '005f251b-3350-424e-a13f-7512ff120a78', 'fc18429b-a83f-4e84-b85f-21196eef0f1c', 4.31, 2026, 3, '2026-03-20 13:23:27.570112+00', '{"계단": 20, "수영": 200, "요가-일반": 20, "달리기-러닝": 1, "복싱-스파링": 5, "사이클-실내": 2.5, "사이클-실외": 2.5, "달리기-트레드밀": 1, "복싱-샌드백/미트": 8, "요가-빈야사/아쉬탕가": 15}', '2026-03-20'),
	('94498abf-680b-439d-8277-a70afaa796a4', '7a7f0e83-494c-4d38-aee9-b4009e8f00b2', '34aeaaa1-863b-4efa-b56c-236bd03c8d50', 'fc18429b-a83f-4e84-b85f-21196eef0f1c', 1.64, 2026, 3, '2026-03-19 16:14:57.866468+00', '{"계단": 20, "수영": 200, "요가-일반": 20, "달리기-러닝": 1, "복싱-스파링": 5, "사이클-실내": 2.5, "사이클-실외": 2.5, "달리기-트레드밀": 1, "복싱-샌드백/미트": 8, "요가-빈야사/아쉬탕가": 15}', '2026-03-10'),
	('4c5fe074-e8f6-4725-a03a-ba36433aab65', '7a7f0e83-494c-4d38-aee9-b4009e8f00b2', 'b6ef99fb-d160-45dc-9346-c0afe263baa4', 'fc18429b-a83f-4e84-b85f-21196eef0f1c', 4.02, 2026, 3, '2026-03-19 16:14:57.886129+00', '{"계단": 20, "수영": 200, "요가-일반": 20, "달리기-러닝": 1, "복싱-스파링": 5, "사이클-실내": 2.5, "사이클-실외": 2.5, "달리기-트레드밀": 1, "복싱-샌드백/미트": 8, "요가-빈야사/아쉬탕가": 15}', '2026-03-14'),
	('bec44964-9449-4d9b-95be-069b9b63adc6', 'fbe91eb6-d0bb-46cb-901e-c6c20ccdb0e4', '84468941-ad3f-45c8-b380-de6e38a52551', '8ada6a16-06a2-4668-b46a-d7214b840f92', 12.5, 2026, 3, '2026-03-21 00:35:31.995303+00', '{"계단": 20, "수영": 200, "요가-일반": 1, "달리기-러닝": 1, "복싱-스파링": 1, "사이클-실내": 5, "사이클-실외": 3, "줄넘기-쌩쌩이": 1, "달리기-트레드밀": 1, "줄넘기-뒤로뛰기": 1, "줄넘기-한발뛰기": 1, "복싱-샌드백/미트": 1, "요가-빈야사/아쉬탕가": 1}', '2026-03-21'),
	('87cb2d82-e4ef-4986-9729-471ff5fac951', 'c71fcfd9-35a7-4fb7-a5d3-1885e0e9df45', '92ac3b70-a084-4c95-8933-18bb4af71326', '8ada6a16-06a2-4668-b46a-d7214b840f92', 6, 2026, 3, '2026-03-24 01:44:53.186354+00', '{"계단": 19.9, "수영": 200, "요가-일반": 1, "달리기-러닝": 1, "복싱-스파링": 1, "사이클-실내": 5, "사이클-실외": 3, "달리기-트레드밀": 1, "복싱-샌드백/미트": 1, "요가-빈야사/아쉬탕가": 1}', '2026-03-16'),
	('3be3a05c-99e4-4730-a784-fe5e16d303c8', 'fbe91eb6-d0bb-46cb-901e-c6c20ccdb0e4', '005f251b-3350-424e-a13f-7512ff120a78', 'fc18429b-a83f-4e84-b85f-21196eef0f1c', 4.31, 2026, 3, '2026-03-20 13:23:27.548854+00', '{"계단": 20, "수영": 200, "요가-일반": 1, "달리기-러닝": 1, "복싱-스파링": 1, "사이클-실내": 5, "사이클-실외": 3, "줄넘기-쌩쌩이": 1, "달리기-트레드밀": 1, "줄넘기-뒤로뛰기": 1, "줄넘기-한발뛰기": 1, "복싱-샌드백/미트": 1, "요가-빈야사/아쉬탕가": 1}', '2026-03-20'),
	('6b351eb2-e0eb-449c-9205-7a0f7b39984a', 'c71fcfd9-35a7-4fb7-a5d3-1885e0e9df45', '0ef1e789-e0ee-4080-801a-a4745237b455', '8ada6a16-06a2-4668-b46a-d7214b840f92', 7, 2026, 3, '2026-03-30 22:04:10.803522+00', '{"계단": 19.9, "수영": 200, "헬스": 1, "요가-일반": 1, "달리기-러닝": 1, "복싱-스파링": 1, "사이클-실내": 5, "사이클-실외": 3, "계단-[object Object]": 1, "달리기-트레드밀": 1, "복싱-[object Object]": 1, "요가-[object Object]": 1, "복싱-샌드백/미트": 1, "달리기-[object Object]": 1, "사이클-[object Object]": 1, "요가-빈야사/아쉬탕가": 1}', NULL),
	('1cfe3115-bec8-4c44-bfa3-19ea01ba8ae0', 'fbe91eb6-d0bb-46cb-901e-c6c20ccdb0e4', '565f6497-67ec-4c1f-97df-1fa84b7f545f', '91673d9d-eb77-4db3-959e-6d320beb3920', 5.2, 2026, 3, '2026-03-22 04:31:12.745352+00', '{"계단": 20, "수영": 200, "요가-일반": 1, "달리기-러닝": 1, "복싱-스파링": 1, "사이클-실내": 5, "사이클-실외": 3, "줄넘기-쌩쌩이": 1, "달리기-트레드밀": 1, "줄넘기-뒤로뛰기": 1, "줄넘기-한발뛰기": 1, "복싱-샌드백/미트": 1, "요가-빈야사/아쉬탕가": 1}', '2026-03-22'),
	('07fd74f7-a2db-4749-aa3a-772a6a70d865', 'd7678799-2e08-4ae8-a579-f8151a732b59', '673ab0f8-8416-40b6-b165-c79e49d3d5c2', 'c56262a3-c472-4fdf-82e7-1c6226957254', 5.7, 2026, 3, '2026-03-24 23:31:24.404075+00', '{"계단": 20, "수영": 200, "요가-일반": 1, "달리기-러닝": 1, "복싱-스파링": 1, "사이클-실내": 5, "사이클-실외": 3, "달리기-트레드밀": 1, "복싱-샌드백/미트": 1, "요가-빈야사/아쉬탕가": 1}', '2026-03-24'),
	('302aa3db-984d-45e3-8e84-906a179cc79b', 'c71fcfd9-35a7-4fb7-a5d3-1885e0e9df45', '99596581-742f-4947-83bf-a0eb2beb64f2', '48941b2d-35ea-4d6a-9cb9-0f9e9421f31f', 20, 2026, 3, '2026-03-23 08:57:47.752648+00', '{"계단": 19.9, "수영": 200, "요가-일반": 1, "달리기-러닝": 1, "복싱-스파링": 1, "사이클-실내": 5, "사이클-실외": 3, "달리기-트레드밀": 1, "복싱-샌드백/미트": 1, "요가-빈야사/아쉬탕가": 1}', '2026-03-22'),
	('6c1ae22a-2c65-4090-9751-21422d43c254', '7a7f0e83-494c-4d38-aee9-b4009e8f00b2', '6bd9a466-59c4-43aa-ba32-18d2e27e912a', '46375228-6ece-4af9-a20d-79a9c1a29193', 3, 2026, 3, '2026-03-29 13:37:48.165393+00', '{"계단": 20, "수영": 200, "요가-일반": 20, "달리기-러닝": 1, "복싱-스파링": 5, "사이클-실내": 2.5, "사이클-실외": 2.5, "달리기-트레드밀": 1, "복싱-샌드백/미트": 8, "요가-빈야사/아쉬탕가": 15}', NULL),
	('aa43b115-420c-43e8-8364-e569278533c7', 'd7678799-2e08-4ae8-a579-f8151a732b59', 'f3402f96-6482-4905-b156-62cfc92b7334', 'a9bbbbe7-b415-4290-9bcb-31ac341fea45', 6, 2026, 3, '2026-03-25 23:49:55.071697+00', '{"계단": 20, "수영": 200, "요가-일반": 1, "달리기-러닝": 1, "복싱-스파링": 1, "사이클-실내": 5, "사이클-실외": 3, "달리기-트레드밀": 1, "복싱-샌드백/미트": 1, "요가-빈야사/아쉬탕가": 1}', NULL),
	('5080182f-b0a0-4fa7-a1fb-4a7878561167', 'dd2b8c45-0187-4257-bd1e-18212124b97b', '7aa80045-2116-4d0b-a304-7a7c4a621e3f', 'fc18429b-a83f-4e84-b85f-21196eef0f1c', 4.03, 2026, 3, '2026-03-23 01:20:10.231859+00', '{"계단": 20, "수영": 200, "요가-일반": 3.27, "달리기-러닝": 1, "복싱-스파링": 0.77, "사이클-실내": 5, "사이클-실외": 3, "달리기-트레드밀": 1, "복싱-샌드백/미트": 1.78, "요가-빈야사/아쉬탕가": 2.45}', '2026-03-12'),
	('a22cbbcd-fce3-4dbd-8e72-86c108d2423c', 'dd2b8c45-0187-4257-bd1e-18212124b97b', 'd51c3631-65f4-4199-9369-b516d4681be2', 'fc18429b-a83f-4e84-b85f-21196eef0f1c', 3.06, 2026, 3, '2026-03-23 01:20:10.231602+00', '{"계단": 20, "수영": 200, "요가-일반": 3.27, "달리기-러닝": 1, "복싱-스파링": 0.77, "사이클-실내": 5, "사이클-실외": 3, "달리기-트레드밀": 1, "복싱-샌드백/미트": 1.78, "요가-빈야사/아쉬탕가": 2.45}', '2026-03-11'),
	('afd8af59-c0fd-4444-98a9-fcc8e2431388', 'dd2b8c45-0187-4257-bd1e-18212124b97b', '34aeaaa1-863b-4efa-b56c-236bd03c8d50', 'fc18429b-a83f-4e84-b85f-21196eef0f1c', 1.64, 2026, 3, '2026-03-23 01:20:10.249229+00', '{"계단": 20, "수영": 200, "요가-일반": 3.27, "달리기-러닝": 1, "복싱-스파링": 0.77, "사이클-실내": 5, "사이클-실외": 3, "달리기-트레드밀": 1, "복싱-샌드백/미트": 1.78, "요가-빈야사/아쉬탕가": 2.45}', '2026-03-10'),
	('8c2d4fe1-c068-41e1-bd2a-271261b30ea8', 'c71fcfd9-35a7-4fb7-a5d3-1885e0e9df45', '4086e3d4-8b04-49e3-8fb7-d8f362c4cb41', '77ea11c1-3a14-43d5-8f81-2459546eb708', 5, 2026, 3, '2026-03-19 16:30:25.878155+00', '{"계단": 19.9, "수영": 200, "요가-일반": 1, "달리기-러닝": 1, "복싱-스파링": 1, "사이클-실내": 5, "사이클-실외": 3, "달리기-트레드밀": 1, "복싱-샌드백/미트": 1, "요가-빈야사/아쉬탕가": 1}', '2026-03-12'),
	('7903b09a-61f5-4a9a-a9bc-efd74a8b18f1', '7a7f0e83-494c-4d38-aee9-b4009e8f00b2', 'f9294e44-dbe4-450d-9a5d-82a1f418527c', '869e9ba6-f4b1-496e-9735-a391c7022be8', 3.5, 2026, 3, '2026-03-19 16:14:57.861437+00', '{"계단": 20, "수영": 200, "요가-일반": 20, "달리기-러닝": 1, "복싱-스파링": 5, "사이클-실내": 2.5, "사이클-실외": 2.5, "달리기-트레드밀": 1, "복싱-샌드백/미트": 8, "요가-빈야사/아쉬탕가": 15}', '2026-03-18'),
	('72dedb08-03e9-4f7c-8f66-05f7daffe6eb', '7a7f0e83-494c-4d38-aee9-b4009e8f00b2', '19e203c3-b2f9-49e4-8e50-2423cac0c9d2', 'fc18429b-a83f-4e84-b85f-21196eef0f1c', 5.63, 2026, 3, '2026-03-19 16:14:57.872049+00', '{"계단": 20, "수영": 200, "요가-일반": 20, "달리기-러닝": 1, "복싱-스파링": 5, "사이클-실내": 2.5, "사이클-실외": 2.5, "달리기-트레드밀": 1, "복싱-샌드백/미트": 8, "요가-빈야사/아쉬탕가": 15}', '2026-03-18'),
	('ff01b7ad-743a-4072-88f3-6b7bdb60254c', 'fbe91eb6-d0bb-46cb-901e-c6c20ccdb0e4', '12af2361-1d72-430f-9ab4-d0bf7d6f8c80', '91673d9d-eb77-4db3-959e-6d320beb3920', 10.01, 2026, 3, '2026-03-21 13:04:46.20421+00', '{"계단": 20, "수영": 200, "요가-일반": 1, "달리기-러닝": 1, "복싱-스파링": 1, "사이클-실내": 5, "사이클-실외": 3, "줄넘기-쌩쌩이": 1, "달리기-트레드밀": 1, "줄넘기-뒤로뛰기": 1, "줄넘기-한발뛰기": 1, "복싱-샌드백/미트": 1, "요가-빈야사/아쉬탕가": 1}', '2026-03-21'),
	('3dede9fb-7b00-4faa-a4c6-452217b69a53', 'fbe91eb6-d0bb-46cb-901e-c6c20ccdb0e4', 'd2e6aad1-8177-45dc-a2b0-a696d5849738', 'fbd7f27f-74fa-4d86-bf06-c908cd28e5d4', 5.5, 2026, 3, '2026-03-21 02:12:17.205251+00', '{"계단": 20, "수영": 200, "요가-일반": 1, "달리기-러닝": 1, "복싱-스파링": 1, "사이클-실내": 5, "사이클-실외": 3, "줄넘기-쌩쌩이": 1, "달리기-트레드밀": 1, "줄넘기-뒤로뛰기": 1, "줄넘기-한발뛰기": 1, "복싱-샌드백/미트": 1, "요가-빈야사/아쉬탕가": 1}', '2026-03-21'),
	('f2705360-f919-481c-a001-4bebb13f31a6', 'fbe91eb6-d0bb-46cb-901e-c6c20ccdb0e4', '145b0ec0-b949-4784-94ea-8944807a889b', '91673d9d-eb77-4db3-959e-6d320beb3920', 7.4, 2026, 3, '2026-03-19 16:14:32.245054+00', '{"계단": 20, "수영": 200, "요가-일반": 1, "달리기-러닝": 1, "복싱-스파링": 1, "사이클-실내": 5, "사이클-실외": 3, "줄넘기-쌩쌩이": 1, "달리기-트레드밀": 1, "줄넘기-뒤로뛰기": 1, "줄넘기-한발뛰기": 1, "복싱-샌드백/미트": 1, "요가-빈야사/아쉬탕가": 1}', '2026-03-08'),
	('cd9bbad1-7ec8-40b0-8756-7303710827f3', 'd7678799-2e08-4ae8-a579-f8151a732b59', '733764e8-8589-45a7-9162-4f385554c8b6', '1fc15443-a8aa-4653-9e70-802b2b2855ed', 10.2, 2026, 3, '2026-03-31 00:47:12.598211+00', '{"계단": 20, "수영": 200, "헬스": 1, "요가-일반": 1, "달리기-러닝": 1, "복싱-스파링": 1, "사이클-실내": 5, "사이클-실외": 3, "계단-[object Object]": 1, "달리기-트레드밀": 1, "복싱-[object Object]": 1, "요가-[object Object]": 1, "복싱-샌드백/미트": 1, "달리기-[object Object]": 1, "사이클-[object Object]": 1, "요가-빈야사/아쉬탕가": 1}', NULL),
	('d6311c2b-7c91-4597-b3bf-b17627c24ccb', 'd7678799-2e08-4ae8-a579-f8151a732b59', 'c07e4835-b265-4e9f-b386-db980a1c4576', '7fff6df0-f6f9-40b9-a113-442e8c6b28c0', 7.2, 2026, 3, '2026-03-24 23:51:20.550826+00', '{"계단": 20, "수영": 200, "요가-일반": 1, "달리기-러닝": 1, "복싱-스파링": 1, "사이클-실내": 5, "사이클-실외": 3, "달리기-트레드밀": 1, "복싱-샌드백/미트": 1, "요가-빈야사/아쉬탕가": 1}', '2026-03-24'),
	('74967689-8104-48bd-a222-41e4eb01dd5f', 'd7678799-2e08-4ae8-a579-f8151a732b59', '92424e4b-080c-4d49-8fd7-34826014eb84', 'a9bbbbe7-b415-4290-9bcb-31ac341fea45', 6.5, 2026, 3, '2026-03-26 05:26:28.259438+00', '{"계단": 20, "수영": 200, "요가-일반": 1, "달리기-러닝": 1, "복싱-스파링": 1, "사이클-실내": 5, "사이클-실외": 3, "달리기-트레드밀": 1, "복싱-샌드백/미트": 1, "요가-빈야사/아쉬탕가": 1}', NULL),
	('4ee6c7f3-24a3-433c-88a0-780e46f49f03', '7a7f0e83-494c-4d38-aee9-b4009e8f00b2', '06aea29e-14b1-4aad-ad0b-dadc4062ae92', '46375228-6ece-4af9-a20d-79a9c1a29193', 1.5, 2026, 3, '2026-03-19 16:14:57.879642+00', '{"계단": 20, "수영": 200, "요가-일반": 20, "달리기-러닝": 1, "복싱-스파링": 5, "사이클-실내": 2.5, "사이클-실외": 2.5, "달리기-트레드밀": 1, "복싱-샌드백/미트": 8, "요가-빈야사/아쉬탕가": 15}', '2026-03-10'),
	('1bc88ee4-9dad-47c3-9d24-4979f68f7b4c', 'd7678799-2e08-4ae8-a579-f8151a732b59', 'd3a7c4b6-3667-4f2b-bbd0-e4c6f1642e21', 'a9bbbbe7-b415-4290-9bcb-31ac341fea45', 7.5, 2026, 3, '2026-03-30 00:25:53.88761+00', '{"계단": 20, "수영": 200, "헬스": 1, "요가-일반": 1, "달리기-러닝": 1, "복싱-스파링": 1, "사이클-실내": 5, "사이클-실외": 3, "달리기-트레드밀": 1, "복싱-샌드백/미트": 1, "요가-빈야사/아쉬탕가": 1}', NULL),
	('867ee265-00a1-4efe-9516-7a4636535598', '060f6d80-8e5a-472a-b89f-8a72c54f0b9d', '623013b2-ea8c-4895-8253-02caf6bf4a4f', 'a9c41beb-1fef-4741-a610-fd92bfb33398', 45, 2026, 3, '2026-03-31 07:17:13.593183+00', '{"수영": 200, "헬스": 1, "계단-시간": 6, "계단-층수": 20, "달리기-러닝": 1, "사이클-실내": 5, "사이클-실외": 3, "계단-[object Object]": 1, "달리기-트레드밀": 1, "복싱-[object Object]": 1, "요가-[object Object]": 1, "달리기-[object Object]": 1, "사이클-[object Object]": 1}', '2026-03-31'),
	('d4a0b4f9-9fab-47f5-9f4f-6429b295a7ea', '060f6d80-8e5a-472a-b89f-8a72c54f0b9d', 'e781ecc9-8737-4575-b569-467ef5f7ceaf', '8ada6a16-06a2-4668-b46a-d7214b840f92', 6, 2026, 3, '2026-03-31 06:35:09.495232+00', '{"수영": 200, "헬스": 1, "계단-시간": 6, "계단-층수": 20, "달리기-러닝": 1, "사이클-실내": 5, "사이클-실외": 3, "계단-[object Object]": 1, "달리기-트레드밀": 1, "복싱-[object Object]": 1, "요가-[object Object]": 1, "달리기-[object Object]": 1, "사이클-[object Object]": 1}', '2026-03-28'),
	('3e6acf54-9e41-47b3-aabd-515b9d7da5f5', '060f6d80-8e5a-472a-b89f-8a72c54f0b9d', '4b1ce837-7600-4d03-9681-5cb98e4141b7', 'a9c41beb-1fef-4741-a610-fd92bfb33398', 5.625, 2026, 3, '2026-03-31 07:16:09.354526+00', '{"수영": 200, "헬스": 1, "계단-시간": 6, "계단-층수": 20, "달리기-러닝": 1, "사이클-실내": 5, "사이클-실외": 3, "계단-[object Object]": 1, "달리기-트레드밀": 1, "복싱-[object Object]": 1, "요가-[object Object]": 1, "달리기-[object Object]": 1, "사이클-[object Object]": 1}', '2026-03-31'),
	('313c0164-b99b-4014-b42b-27f3fc14d0a6', '060f6d80-8e5a-472a-b89f-8a72c54f0b9d', '4035b8df-6f41-4bee-9a30-1ab3b1ade04d', '48c3951d-58ba-48c8-899b-5cbfe67f8420', 10, 2026, 3, '2026-03-31 07:11:23.30789+00', '{"수영": 200, "헬스": 1, "계단-시간": 6, "계단-층수": 20, "달리기-러닝": 1, "사이클-실내": 5, "사이클-실외": 3, "계단-[object Object]": 1, "달리기-트레드밀": 1, "복싱-[object Object]": 1, "요가-[object Object]": 1, "달리기-[object Object]": 1, "사이클-[object Object]": 1}', '2026-03-30'),
	('6f612d83-ee4b-4c9c-9918-a8d88dd6bab1', '060f6d80-8e5a-472a-b89f-8a72c54f0b9d', '3bd230b8-dca9-4e0b-81c4-4162b0112a14', '8d610a7f-41fa-472c-86f4-f1bf47c4ff43', 6.5, 2026, 3, '2026-03-31 10:08:38.055413+00', '{"수영": 200, "헬스": 1, "계단-시간": 6, "계단-층수": 20, "달리기-러닝": 1, "사이클-실내": 5, "사이클-실외": 3, "계단-[object Object]": 1, "달리기-트레드밀": 1, "복싱-[object Object]": 1, "요가-[object Object]": 1, "달리기-[object Object]": 1, "사이클-[object Object]": 1}', '2026-03-28'),
	('d4d580ed-5c72-4806-961f-7c2c63628153', 'd7678799-2e08-4ae8-a579-f8151a732b59', 'e840ccd6-6158-4c91-abe0-7150ae3cbe60', '1fc15443-a8aa-4653-9e70-802b2b2855ed', 1, 2026, 3, '2026-03-31 00:53:58.948934+00', '{"계단": 20, "수영": 200, "헬스": 1, "요가-일반": 1, "달리기-러닝": 1, "복싱-스파링": 1, "사이클-실내": 5, "사이클-실외": 3, "계단-[object Object]": 1, "달리기-트레드밀": 1, "복싱-[object Object]": 1, "요가-[object Object]": 1, "복싱-샌드백/미트": 1, "달리기-[object Object]": 1, "사이클-[object Object]": 1, "요가-빈야사/아쉬탕가": 1}', NULL),
	('8c09ab0a-66c6-46ff-b3ae-058a03228a67', '060f6d80-8e5a-472a-b89f-8a72c54f0b9d', 'c450300c-47a6-44b8-8f98-c177945f6af3', '8d610a7f-41fa-472c-86f4-f1bf47c4ff43', 2.433333333333333, 2026, 3, '2026-03-31 10:08:37.905066+00', '{"수영": 200, "헬스": 1, "계단-시간": 6, "계단-층수": 20, "달리기-러닝": 1, "사이클-실내": 5, "사이클-실외": 3, "계단-[object Object]": 1, "달리기-트레드밀": 1, "복싱-[object Object]": 1, "요가-[object Object]": 1, "달리기-[object Object]": 1, "사이클-[object Object]": 1}', '2026-03-28'),
	('f32039ae-2456-45a3-a833-f433ca212e1c', '060f6d80-8e5a-472a-b89f-8a72c54f0b9d', '95890fc4-9f81-4921-95d6-5afc61c728f1', '03a2d5c1-2729-4dac-85a2-7f02e4191ccf', 5, 2026, 3, '2026-03-31 07:18:27.208606+00', '{"수영": 200, "헬스": 1, "계단-시간": 6, "계단-층수": 20, "달리기-러닝": 1, "사이클-실내": 5, "사이클-실외": 3, "계단-[object Object]": 1, "달리기-트레드밀": 1, "복싱-[object Object]": 1, "요가-[object Object]": 1, "달리기-[object Object]": 1, "사이클-[object Object]": 1}', '2026-03-31'),
	('a3cf2e76-cb72-4851-aeb1-f1874b0fda81', 'c71fcfd9-35a7-4fb7-a5d3-1885e0e9df45', '894c947e-ae31-45c9-9ef4-1d175b2e040a', 'f0f85a33-5198-45d3-ab8a-0a8d5471b4c5', 5, 2026, 3, '2026-03-19 16:30:25.656005+00', '{"계단": 19.9, "수영": 200, "요가-일반": 1, "달리기-러닝": 1, "복싱-스파링": 1, "사이클-실내": 5, "사이클-실외": 3, "달리기-트레드밀": 1, "복싱-샌드백/미트": 1, "요가-빈야사/아쉬탕가": 1}', '2026-03-03'),
	('0628417d-ddd9-4d0b-92f3-3f3525580ea7', 'c71fcfd9-35a7-4fb7-a5d3-1885e0e9df45', 'e80a9074-ab35-43b7-935e-3bc0cc3454c4', 'cd947a9a-c089-4aff-88a0-2d43872cb049', 5, 2026, 3, '2026-03-19 16:30:25.657821+00', '{"계단": 19.9, "수영": 200, "요가-일반": 1, "달리기-러닝": 1, "복싱-스파링": 1, "사이클-실내": 5, "사이클-실외": 3, "달리기-트레드밀": 1, "복싱-샌드백/미트": 1, "요가-빈야사/아쉬탕가": 1}', '2026-03-10'),
	('27bfecf8-7007-45fc-9c9f-5f85fcf1a9a2', 'c71fcfd9-35a7-4fb7-a5d3-1885e0e9df45', 'e864af32-b05d-4e91-9637-f0e75c1236c9', 'ce79e6fb-0a9c-4f5a-877e-e6cac15c41a2', 5, 2026, 3, '2026-03-19 16:30:25.662962+00', '{"계단": 19.9, "수영": 200, "요가-일반": 1, "달리기-러닝": 1, "복싱-스파링": 1, "사이클-실내": 5, "사이클-실외": 3, "달리기-트레드밀": 1, "복싱-샌드백/미트": 1, "요가-빈야사/아쉬탕가": 1}', '2026-03-15'),
	('d13a4ea3-d1b8-4d45-8510-a7e025a01a95', 'd7678799-2e08-4ae8-a579-f8151a732b59', '3df27338-f90f-43a4-a668-c4463a47d1ed', 'a9bbbbe7-b415-4290-9bcb-31ac341fea45', 10.2, 2026, 3, '2026-03-25 00:11:49.614537+00', '{"계단": 20, "수영": 200, "요가-일반": 1, "달리기-러닝": 1, "복싱-스파링": 1, "사이클-실내": 5, "사이클-실외": 3, "달리기-트레드밀": 1, "복싱-샌드백/미트": 1, "요가-빈야사/아쉬탕가": 1}', '2026-03-23'),
	('fc5675a8-36d4-4778-9847-adf1c1b2360c', '7a7f0e83-494c-4d38-aee9-b4009e8f00b2', '06ea106f-ddf4-4961-b884-9d5fde0db862', '46375228-6ece-4af9-a20d-79a9c1a29193', 3, 2026, 3, '2026-03-19 16:14:57.883062+00', '{"계단": 20, "수영": 200, "요가-일반": 20, "달리기-러닝": 1, "복싱-스파링": 5, "사이클-실내": 2.5, "사이클-실외": 2.5, "달리기-트레드밀": 1, "복싱-샌드백/미트": 8, "요가-빈야사/아쉬탕가": 15}', '2026-03-09'),
	('d879a0d2-56fa-4147-b944-07dedc59dc76', '7a7f0e83-494c-4d38-aee9-b4009e8f00b2', '517fa9ca-eb9c-4ee5-a5dc-96fe88992876', '869e9ba6-f4b1-496e-9735-a391c7022be8', 5.625, 2026, 3, '2026-03-19 16:14:57.928773+00', '{"계단": 20, "수영": 200, "요가-일반": 20, "달리기-러닝": 1, "복싱-스파링": 5, "사이클-실내": 2.5, "사이클-실외": 2.5, "달리기-트레드밀": 1, "복싱-샌드백/미트": 8, "요가-빈야사/아쉬탕가": 15}', '2026-03-17'),
	('12638ffa-7fe8-4653-ab3f-dd08fff5366b', '7a7f0e83-494c-4d38-aee9-b4009e8f00b2', '40833697-8ac4-4934-a5cf-41a5056cc4bd', 'ace4c332-f387-41dc-9c74-f5db9fc485a5', 2.1, 2026, 3, '2026-03-26 11:25:15.652269+00', '{"계단": 20, "수영": 200, "요가-일반": 20, "달리기-러닝": 1, "복싱-스파링": 5, "사이클-실내": 2.5, "사이클-실외": 2.5, "달리기-트레드밀": 1, "복싱-샌드백/미트": 8, "요가-빈야사/아쉬탕가": 15}', '2026-03-26'),
	('7e0ba634-60b9-477f-9baa-9791c26c153b', '7a7f0e83-494c-4d38-aee9-b4009e8f00b2', '4857e638-26a9-4d06-afc4-9945a69edd8e', '46375228-6ece-4af9-a20d-79a9c1a29193', 1.5, 2026, 3, '2026-03-19 16:14:57.907646+00', '{"계단": 20, "수영": 200, "요가-일반": 20, "달리기-러닝": 1, "복싱-스파링": 5, "사이클-실내": 2.5, "사이클-실외": 2.5, "달리기-트레드밀": 1, "복싱-샌드백/미트": 8, "요가-빈야사/아쉬탕가": 15}', '2026-03-11'),
	('11f1a630-03ef-40c1-89d4-263f35ff1c77', 'c71fcfd9-35a7-4fb7-a5d3-1885e0e9df45', '0d69e1dc-c433-4a54-9c81-62f4198a6c87', '48941b2d-35ea-4d6a-9cb9-0f9e9421f31f', 22.6, 2026, 3, '2026-03-30 00:42:18.458904+00', '{"계단": 19.9, "수영": 200, "헬스": 1, "요가-일반": 1, "달리기-러닝": 1, "복싱-스파링": 1, "사이클-실내": 5, "사이클-실외": 3, "달리기-트레드밀": 1, "복싱-샌드백/미트": 1, "요가-빈야사/아쉬탕가": 1}', NULL),
	('ebbcf9a4-95b7-4b60-9b83-11ea0a6eff10', 'd7678799-2e08-4ae8-a579-f8151a732b59', 'fd48bcb1-d3b8-4c00-8773-2a1a97708e87', 'a9bbbbe7-b415-4290-9bcb-31ac341fea45', 10, 2026, 3, '2026-03-31 04:03:10.514527+00', '{"계단": 20, "수영": 200, "헬스": 1, "요가-일반": 1, "달리기-러닝": 1, "복싱-스파링": 1, "사이클-실내": 5, "사이클-실외": 3, "계단-[object Object]": 1, "달리기-트레드밀": 1, "복싱-[object Object]": 1, "요가-[object Object]": 1, "복싱-샌드백/미트": 1, "달리기-[object Object]": 1, "사이클-[object Object]": 1, "요가-빈야사/아쉬탕가": 1}', NULL),
	('8cf3187d-255e-4eb7-88b0-15c6b88542f5', 'c71fcfd9-35a7-4fb7-a5d3-1885e0e9df45', '6f4de4ff-5764-4252-b04d-0f6aa6002129', 'b60d0bed-dae3-4ed5-bb88-95b9a86c2a43', 5, 2026, 3, '2026-03-19 16:30:25.913573+00', '{"계단": 19.9, "수영": 200, "요가-일반": 1, "달리기-러닝": 1, "복싱-스파링": 1, "사이클-실내": 5, "사이클-실외": 3, "달리기-트레드밀": 1, "복싱-샌드백/미트": 1, "요가-빈야사/아쉬탕가": 1}', '2026-03-22'),
	('ec2fe77d-e91d-4a28-98ff-fa4eb5fd04ae', 'c71fcfd9-35a7-4fb7-a5d3-1885e0e9df45', '6e13a77c-5055-420e-b547-56275ac733de', 'fc18429b-a83f-4e84-b85f-21196eef0f1c', 4, 2026, 3, '2026-03-19 16:30:25.813203+00', '{"계단": 19.9, "수영": 200, "요가-일반": 1, "달리기-러닝": 1, "복싱-스파링": 1, "사이클-실내": 5, "사이클-실외": 3, "달리기-트레드밀": 1, "복싱-샌드백/미트": 1, "요가-빈야사/아쉬탕가": 1}', '2026-03-03'),
	('cd89f4b1-e196-4b95-bff4-f7151dd5f8f2', 'c71fcfd9-35a7-4fb7-a5d3-1885e0e9df45', 'b6ef99fb-d160-45dc-9346-c0afe263baa4', 'fc18429b-a83f-4e84-b85f-21196eef0f1c', 4.02, 2026, 3, '2026-03-19 16:30:25.82762+00', '{"계단": 19.9, "수영": 200, "요가-일반": 1, "달리기-러닝": 1, "복싱-스파링": 1, "사이클-실내": 5, "사이클-실외": 3, "달리기-트레드밀": 1, "복싱-샌드백/미트": 1, "요가-빈야사/아쉬탕가": 1}', '2026-03-14'),
	('2add6858-555f-4785-a859-9a3421acc55c', 'c71fcfd9-35a7-4fb7-a5d3-1885e0e9df45', '633a8f1e-e2c1-4cfe-8ae2-d077321f0e29', 'f79cfc80-4414-4961-8e27-f751b4d1d5c0', 5, 2026, 3, '2026-03-19 16:30:25.935259+00', '{"계단": 19.9, "수영": 200, "요가-일반": 1, "달리기-러닝": 1, "복싱-스파링": 1, "사이클-실내": 5, "사이클-실외": 3, "달리기-트레드밀": 1, "복싱-샌드백/미트": 1, "요가-빈야사/아쉬탕가": 1}', '2026-03-07'),
	('d34814bb-8d24-4dd3-885b-6153f9729a91', 'd7678799-2e08-4ae8-a579-f8151a732b59', '5208d9d4-e196-4f9c-a88b-8658af58cc93', 'a9bbbbe7-b415-4290-9bcb-31ac341fea45', 7.8999999999999995, 2026, 3, '2026-03-25 00:12:46.249109+00', '{"계단": 20, "수영": 200, "요가-일반": 1, "달리기-러닝": 1, "복싱-스파링": 1, "사이클-실내": 5, "사이클-실외": 3, "달리기-트레드밀": 1, "복싱-샌드백/미트": 1, "요가-빈야사/아쉬탕가": 1}', '2026-03-25'),
	('20c6badb-3363-4595-a080-77ed7aa5565a', 'd7678799-2e08-4ae8-a579-f8151a732b59', 'd41fc0cf-e6ee-4203-a01a-58b6d89053dd', '1e379fe1-ea07-44b2-8915-7bf356b82936', 15.01, 2026, 3, '2026-03-27 01:56:20.555377+00', '{"계단": 20, "수영": 200, "요가-일반": 1, "달리기-러닝": 1, "복싱-스파링": 1, "사이클-실내": 5, "사이클-실외": 3, "달리기-트레드밀": 1, "복싱-샌드백/미트": 1, "요가-빈야사/아쉬탕가": 1}', NULL),
	('53808fd9-6eac-4f18-b2ca-5a0396bd0403', 'd7678799-2e08-4ae8-a579-f8151a732b59', '0d69e1dc-c433-4a54-9c81-62f4198a6c87', '48941b2d-35ea-4d6a-9cb9-0f9e9421f31f', 22.6, 2026, 3, '2026-03-30 00:42:18.552282+00', '{"계단": 20, "수영": 200, "헬스": 1, "요가-일반": 1, "달리기-러닝": 1, "복싱-스파링": 1, "사이클-실내": 5, "사이클-실외": 3, "달리기-트레드밀": 1, "복싱-샌드백/미트": 1, "요가-빈야사/아쉬탕가": 1}', NULL),
	('adc708b9-d736-487f-8bda-35ca61195126', '060f6d80-8e5a-472a-b89f-8a72c54f0b9d', '1b1b23e4-34ef-457d-b944-655c0c1bba0e', '225d72ff-acbd-4e38-8867-9911d0271582', 47, 2026, 3, '2026-03-31 07:25:01.939445+00', '{"수영": 200, "헬스": 1, "계단-시간": 6, "계단-층수": 20, "달리기-러닝": 1, "사이클-실내": 5, "사이클-실외": 3, "계단-[object Object]": 1, "달리기-트레드밀": 1, "복싱-[object Object]": 1, "요가-[object Object]": 1, "달리기-[object Object]": 1, "사이클-[object Object]": 1}', '2026-03-31'),
	('2d92f478-4f37-4fb8-9542-b3171c06ec13', '060f6d80-8e5a-472a-b89f-8a72c54f0b9d', '0caa8fb0-e2cc-4c14-b210-79710691466f', '48941b2d-35ea-4d6a-9cb9-0f9e9421f31f', 10, 2026, 3, '2026-03-31 06:35:09.638069+00', '{"수영": 200, "헬스": 1, "계단-시간": 6, "계단-층수": 20, "달리기-러닝": 1, "사이클-실내": 5, "사이클-실외": 3, "계단-[object Object]": 1, "달리기-트레드밀": 1, "복싱-[object Object]": 1, "요가-[object Object]": 1, "달리기-[object Object]": 1, "사이클-[object Object]": 1}', '2026-03-30'),
	('efcf94e5-a1b2-47d6-abb3-baf808bc38c6', '060f6d80-8e5a-472a-b89f-8a72c54f0b9d', '5c16c410-42b2-476a-8cd2-fa1d8e41c833', '04d4a07c-0683-4e82-a533-eda9ced8b2bb', 5, 2026, 3, '2026-03-31 08:04:03.385788+00', '{"수영": 200, "헬스": 1, "계단-시간": 6, "계단-층수": 20, "달리기-러닝": 1, "사이클-실내": 5, "사이클-실외": 3, "계단-[object Object]": 1, "달리기-트레드밀": 1, "복싱-[object Object]": 1, "요가-[object Object]": 1, "달리기-[object Object]": 1, "사이클-[object Object]": 1}', '2026-03-31'),
	('50b7e283-baca-435d-8285-e48f56493257', 'c71fcfd9-35a7-4fb7-a5d3-1885e0e9df45', '81b94e5c-6019-4053-82b4-3d8c0020eb59', '186edc9d-ebbb-4f92-91a2-11cfa831a20a', 5, 2026, 3, '2026-03-19 16:30:25.863441+00', '{"계단": 19.9, "수영": 200, "요가-일반": 1, "달리기-러닝": 1, "복싱-스파링": 1, "사이클-실내": 5, "사이클-실외": 3, "달리기-트레드밀": 1, "복싱-샌드백/미트": 1, "요가-빈야사/아쉬탕가": 1}', '2026-03-03'),
	('7fa0f0c5-9453-40ad-af27-8d02d475bce8', '9e167825-d313-4a68-821a-b597cdb5d356', 'ac0e7490-0516-4787-80e7-67d8313a798e', 'fcc0e2b4-8688-45da-808c-6d2daad458a9', 3, 2026, 3, '2026-03-25 03:25:06.989318+00', '{"계단": 20, "수영": 200, "요가-일반": 1, "달리기-러닝": 1, "복싱-스파링": 1, "사이클-실내": 5, "사이클-실외": 3, "달리기-트레드밀": 1, "복싱-샌드백/미트": 1, "요가-빈야사/아쉬탕가": 1}', '2026-03-23'),
	('18f88fdd-0a46-4bf0-b59c-e8a857cbb498', 'c71fcfd9-35a7-4fb7-a5d3-1885e0e9df45', '34aeaaa1-863b-4efa-b56c-236bd03c8d50', 'fc18429b-a83f-4e84-b85f-21196eef0f1c', 1.64, 2026, 3, '2026-03-19 16:30:25.846263+00', '{"계단": 19.9, "수영": 200, "요가-일반": 1, "달리기-러닝": 1, "복싱-스파링": 1, "사이클-실내": 5, "사이클-실외": 3, "달리기-트레드밀": 1, "복싱-샌드백/미트": 1, "요가-빈야사/아쉬탕가": 1}', '2026-03-10'),
	('b887d445-fc23-466b-bd0c-ef621d4e4227', 'c71fcfd9-35a7-4fb7-a5d3-1885e0e9df45', 'c1ae8483-ea3a-427f-ae7a-0c8bc4dab6a1', 'aecbae2a-9779-4055-a20b-1970e6a41405', 5, 2026, 3, '2026-03-19 16:30:25.83165+00', '{"계단": 19.9, "수영": 200, "요가-일반": 1, "달리기-러닝": 1, "복싱-스파링": 1, "사이클-실내": 5, "사이클-실외": 3, "달리기-트레드밀": 1, "복싱-샌드백/미트": 1, "요가-빈야사/아쉬탕가": 1}', '2026-03-21'),
	('70381054-3ca8-4d20-b689-4367f3ba5951', 'c71fcfd9-35a7-4fb7-a5d3-1885e0e9df45', '962a64e9-f6d2-4166-98e5-b3c42d937e57', 'e715bb97-bb58-42e4-aa82-b8185fdfc025', 5, 2026, 3, '2026-03-19 16:30:25.813878+00', '{"계단": 19.9, "수영": 200, "요가-일반": 1, "달리기-러닝": 1, "복싱-스파링": 1, "사이클-실내": 5, "사이클-실외": 3, "달리기-트레드밀": 1, "복싱-샌드백/미트": 1, "요가-빈야사/아쉬탕가": 1}', '2026-03-16'),
	('72ff7636-444a-4cbc-9963-9ed76a895963', 'd7678799-2e08-4ae8-a579-f8151a732b59', 'cca37bf5-9b47-4891-85d6-1cef759999a6', 'a9bbbbe7-b415-4290-9bcb-31ac341fea45', 2, 2026, 3, '2026-03-27 12:22:38.884191+00', '{"계단": 20, "수영": 200, "요가-일반": 1, "달리기-러닝": 1, "복싱-스파링": 1, "사이클-실내": 5, "사이클-실외": 3, "달리기-트레드밀": 1, "복싱-샌드백/미트": 1, "요가-빈야사/아쉬탕가": 1}', NULL),
	('519b47d2-891e-48d5-a3dc-d5819457d391', '7a7f0e83-494c-4d38-aee9-b4009e8f00b2', 'c9016a4c-c94e-449a-b136-dd54bcd95ccb', 'ace4c332-f387-41dc-9c74-f5db9fc485a5', 1.2, 2026, 3, '2026-03-30 00:46:24.489737+00', '{"계단": 20, "수영": 200, "헬스": 1, "요가-일반": 20, "달리기-러닝": 1, "복싱-스파링": 5, "사이클-실내": 2.5, "사이클-실외": 2.5, "달리기-트레드밀": 1, "복싱-샌드백/미트": 8, "요가-빈야사/아쉬탕가": 15}', NULL),
	('cad4a108-f799-4a6e-87af-a5089666a7f9', 'dd2b8c45-0187-4257-bd1e-18212124b97b', '6e13a77c-5055-420e-b547-56275ac733de', 'fc18429b-a83f-4e84-b85f-21196eef0f1c', 4, 2026, 3, '2026-03-23 01:20:10.309948+00', '{"계단": 20, "수영": 200, "요가-일반": 3.27, "달리기-러닝": 1, "복싱-스파링": 0.77, "사이클-실내": 5, "사이클-실외": 3, "달리기-트레드밀": 1, "복싱-샌드백/미트": 1.78, "요가-빈야사/아쉬탕가": 2.45}', '2026-03-03'),
	('0b062275-7968-4b48-9ab5-41042d0cb51e', 'dd2b8c45-0187-4257-bd1e-18212124b97b', '19e203c3-b2f9-49e4-8e50-2423cac0c9d2', 'fc18429b-a83f-4e84-b85f-21196eef0f1c', 5.63, 2026, 3, '2026-03-23 01:20:10.370142+00', '{"계단": 20, "수영": 200, "요가-일반": 3.27, "달리기-러닝": 1, "복싱-스파링": 0.77, "사이클-실내": 5, "사이클-실외": 3, "달리기-트레드밀": 1, "복싱-샌드백/미트": 1.78, "요가-빈야사/아쉬탕가": 2.45}', '2026-03-18'),
	('cefbb98e-05f9-4acf-b3ea-3dd64e6d2204', 'dd2b8c45-0187-4257-bd1e-18212124b97b', '005f251b-3350-424e-a13f-7512ff120a78', 'fc18429b-a83f-4e84-b85f-21196eef0f1c', 4.31, 2026, 3, '2026-03-23 01:20:10.379955+00', '{"계단": 20, "수영": 200, "요가-일반": 3.27, "달리기-러닝": 1, "복싱-스파링": 0.77, "사이클-실내": 5, "사이클-실외": 3, "달리기-트레드밀": 1, "복싱-샌드백/미트": 1.78, "요가-빈야사/아쉬탕가": 2.45}', '2026-03-20'),
	('91477255-5fa5-4ec3-ad2a-77c82600bb34', 'dd2b8c45-0187-4257-bd1e-18212124b97b', 'b6ef99fb-d160-45dc-9346-c0afe263baa4', 'fc18429b-a83f-4e84-b85f-21196eef0f1c', 4.02, 2026, 3, '2026-03-23 01:20:10.388311+00', '{"계단": 20, "수영": 200, "요가-일반": 3.27, "달리기-러닝": 1, "복싱-스파링": 0.77, "사이클-실내": 5, "사이클-실외": 3, "달리기-트레드밀": 1, "복싱-샌드백/미트": 1.78, "요가-빈야사/아쉬탕가": 2.45}', '2026-03-14'),
	('6201d6c6-d2dc-4f00-91e0-384f6dc65fe5', '060f6d80-8e5a-472a-b89f-8a72c54f0b9d', '5384c50b-bb67-4eaf-97d9-bd15d2f43bb6', 'f0fdb89e-08bc-4679-8ad9-2e0efc11130e', 10, 2026, 3, '2026-03-31 06:00:38.569418+00', '{"수영": 200, "헬스": 1, "계단-시간": 6, "계단-층수": 20, "달리기-러닝": 1, "사이클-실내": 5, "사이클-실외": 3, "계단-[object Object]": 1, "달리기-트레드밀": 1, "복싱-[object Object]": 1, "요가-[object Object]": 1, "달리기-[object Object]": 1, "사이클-[object Object]": 1}', '2026-03-22'),
	('c7283266-1277-4e6c-be61-1ca1d3848c6c', 'd7678799-2e08-4ae8-a579-f8151a732b59', 'ea07a136-b2a2-489e-a19b-fe59e91bc221', '1e379fe1-ea07-44b2-8915-7bf356b82936', 10.1, 2026, 3, '2026-03-31 07:29:09.872764+00', '{"계단": 20, "수영": 200, "헬스": 1, "요가-일반": 1, "달리기-러닝": 1, "복싱-스파링": 1, "사이클-실내": 5, "사이클-실외": 3, "계단-[object Object]": 1, "달리기-트레드밀": 1, "복싱-[object Object]": 1, "요가-[object Object]": 1, "복싱-샌드백/미트": 1, "달리기-[object Object]": 1, "사이클-[object Object]": 1, "요가-빈야사/아쉬탕가": 1}', NULL),
	('6fddb901-8089-4939-b971-d3dcf520811d', '060f6d80-8e5a-472a-b89f-8a72c54f0b9d', '5c67fcc7-8d94-4faa-b010-ae46a49fa5e7', 'f0fdb89e-08bc-4679-8ad9-2e0efc11130e', 5.25, 2026, 3, '2026-03-31 06:00:38.432712+00', '{"수영": 200, "헬스": 1, "계단-시간": 6, "계단-층수": 20, "달리기-러닝": 1, "사이클-실내": 5, "사이클-실외": 3, "계단-[object Object]": 1, "달리기-트레드밀": 1, "복싱-[object Object]": 1, "요가-[object Object]": 1, "달리기-[object Object]": 1, "사이클-[object Object]": 1}', '2026-03-23'),
	('1c759253-9d5a-4830-a8c8-c2edb136292b', 'c71fcfd9-35a7-4fb7-a5d3-1885e0e9df45', 'eafd6876-9a6a-4d34-9f7f-2c0b2cc24f12', '29c1f164-9a45-4224-8a03-d1bbb0fcb314', 5, 2026, 3, '2026-03-19 16:30:25.900349+00', '{"계단": 19.9, "수영": 200, "요가-일반": 1, "달리기-러닝": 1, "복싱-스파링": 1, "사이클-실내": 5, "사이클-실외": 3, "달리기-트레드밀": 1, "복싱-샌드백/미트": 1, "요가-빈야사/아쉬탕가": 1}', '2026-03-22'),
	('631b6fe7-78bd-4c36-b9a3-8cdde56935a1', 'c71fcfd9-35a7-4fb7-a5d3-1885e0e9df45', 'f91b6375-d843-48b8-9ca2-2f62d8e01421', '16351284-dc64-472f-888e-6d92c00dc8e5', 5, 2026, 3, '2026-03-19 16:30:25.925254+00', '{"계단": 19.9, "수영": 200, "요가-일반": 1, "달리기-러닝": 1, "복싱-스파링": 1, "사이클-실내": 5, "사이클-실외": 3, "달리기-트레드밀": 1, "복싱-샌드백/미트": 1, "요가-빈야사/아쉬탕가": 1}', '2026-03-23'),
	('cbb3b317-9bae-4fd1-aa7f-3e997cee9fb1', 'c71fcfd9-35a7-4fb7-a5d3-1885e0e9df45', 'c87e4d42-748c-4214-abeb-631642b3bd65', '0eebf0bd-5921-4626-b0e0-ed3c915958e7', 5, 2026, 3, '2026-03-19 16:30:25.816993+00', '{"계단": 19.9, "수영": 200, "요가-일반": 1, "달리기-러닝": 1, "복싱-스파링": 1, "사이클-실내": 5, "사이클-실외": 3, "달리기-트레드밀": 1, "복싱-샌드백/미트": 1, "요가-빈야사/아쉬탕가": 1}', '2026-03-08'),
	('16c6195d-1918-4706-9cc5-89f74e448ee4', '9e167825-d313-4a68-821a-b597cdb5d356', '6e13a77c-5055-420e-b547-56275ac733de', 'fc18429b-a83f-4e84-b85f-21196eef0f1c', 4, 2026, 3, '2026-03-25 03:39:29.571202+00', '{"계단": 20, "수영": 200, "요가-일반": 1, "달리기-러닝": 1, "복싱-스파링": 1, "사이클-실내": 5, "사이클-실외": 3, "달리기-트레드밀": 1, "복싱-샌드백/미트": 1, "요가-빈야사/아쉬탕가": 1}', '2026-03-03'),
	('16dc3bed-3f3d-4518-83ac-61eab2b89976', '9e167825-d313-4a68-821a-b597cdb5d356', '005f251b-3350-424e-a13f-7512ff120a78', 'fc18429b-a83f-4e84-b85f-21196eef0f1c', 4.31, 2026, 3, '2026-03-25 03:39:29.595606+00', '{"계단": 20, "수영": 200, "요가-일반": 1, "달리기-러닝": 1, "복싱-스파링": 1, "사이클-실내": 5, "사이클-실외": 3, "달리기-트레드밀": 1, "복싱-샌드백/미트": 1, "요가-빈야사/아쉬탕가": 1}', '2026-03-20'),
	('c10c1250-b993-43c3-8f55-27fe73a94be6', 'fbe91eb6-d0bb-46cb-901e-c6c20ccdb0e4', '7229d9d2-fab6-4205-89ab-3ae77c2c8aa0', '91673d9d-eb77-4db3-959e-6d320beb3920', 2.44, 2026, 3, '2026-03-27 12:52:29.467954+00', '{"계단": 20, "수영": 200, "요가-일반": 1, "달리기-러닝": 1, "복싱-스파링": 1, "사이클-실내": 5, "사이클-실외": 3, "줄넘기-쌩쌩이": 1, "달리기-트레드밀": 1, "줄넘기-뒤로뛰기": 1, "줄넘기-한발뛰기": 1, "복싱-샌드백/미트": 1, "요가-빈야사/아쉬탕가": 1}', NULL),
	('c73edad0-d864-4904-a821-30cafc028942', '7a7f0e83-494c-4d38-aee9-b4009e8f00b2', 'efb7de25-2b93-488c-8e42-f70d89e38b54', 'ace4c332-f387-41dc-9c74-f5db9fc485a5', 2.528, 2026, 3, '2026-03-30 04:34:15.05945+00', '{"계단": 20, "수영": 200, "헬스": 1, "요가-일반": 20, "달리기-러닝": 1, "복싱-스파링": 5, "사이클-실내": 2.5, "사이클-실외": 2.5, "달리기-트레드밀": 1, "복싱-샌드백/미트": 8, "요가-빈야사/아쉬탕가": 15}', NULL),
	('66d716cc-c692-498a-8cb2-d65ab913a121', '060f6d80-8e5a-472a-b89f-8a72c54f0b9d', 'f39f0657-6a3a-4acd-89c6-ab11eff3c5fd', 'f0fdb89e-08bc-4679-8ad9-2e0efc11130e', 3, 2026, 3, '2026-03-31 06:00:38.428488+00', '{"수영": 200, "헬스": 1, "계단-시간": 6, "계단-층수": 20, "달리기-러닝": 1, "사이클-실내": 5, "사이클-실외": 3, "계단-[object Object]": 1, "달리기-트레드밀": 1, "복싱-[object Object]": 1, "요가-[object Object]": 1, "달리기-[object Object]": 1, "사이클-[object Object]": 1}', '2026-03-23'),
	('835e7424-b1f1-4f47-abb6-a1d3025003ed', '060f6d80-8e5a-472a-b89f-8a72c54f0b9d', '753b473d-fbf1-43f9-bd23-6f02a21864d1', '04d4a07c-0683-4e82-a533-eda9ced8b2bb', 2, 2026, 3, '2026-03-31 08:02:19.019064+00', '{"수영": 200, "헬스": 1, "계단-시간": 6, "계단-층수": 20, "달리기-러닝": 1, "사이클-실내": 5, "사이클-실외": 3, "계단-[object Object]": 1, "달리기-트레드밀": 1, "복싱-[object Object]": 1, "요가-[object Object]": 1, "달리기-[object Object]": 1, "사이클-[object Object]": 1}', '2026-03-31'),
	('7e494b0a-edae-46b5-8eba-b9764ed73dbc', '060f6d80-8e5a-472a-b89f-8a72c54f0b9d', '5141a117-00b7-4ddb-8672-c49d1761671b', '91673d9d-eb77-4db3-959e-6d320beb3920', 6, 2026, 3, '2026-03-31 06:35:09.555218+00', '{"수영": 200, "헬스": 1, "계단-시간": 6, "계단-층수": 20, "달리기-러닝": 1, "사이클-실내": 5, "사이클-실외": 3, "계단-[object Object]": 1, "달리기-트레드밀": 1, "복싱-[object Object]": 1, "요가-[object Object]": 1, "달리기-[object Object]": 1, "사이클-[object Object]": 1}', '2026-03-10'),
	('b6c37cc2-e274-4297-95a9-ae0074532b86', 'c71fcfd9-35a7-4fb7-a5d3-1885e0e9df45', '5ef1fbf3-e3e2-4aab-a9aa-c0e1cd10e13f', '9a753212-83f1-41d2-84c2-ef6fc6347154', 5, 2026, 3, '2026-03-19 16:30:25.816686+00', '{"계단": 19.9, "수영": 200, "요가-일반": 1, "달리기-러닝": 1, "복싱-스파링": 1, "사이클-실내": 5, "사이클-실외": 3, "달리기-트레드밀": 1, "복싱-샌드백/미트": 1, "요가-빈야사/아쉬탕가": 1}', '2026-03-02'),
	('39a9dfb0-6bee-4da3-8c2a-be0863042393', 'c71fcfd9-35a7-4fb7-a5d3-1885e0e9df45', '5a8bde0a-a21c-48ff-87f8-e89a0725bc24', 'dd02cc0a-2d82-4ee3-8c78-bf7048d557e9', 5, 2026, 3, '2026-03-19 16:30:25.722686+00', '{"계단": 19.9, "수영": 200, "요가-일반": 1, "달리기-러닝": 1, "복싱-스파링": 1, "사이클-실내": 5, "사이클-실외": 3, "달리기-트레드밀": 1, "복싱-샌드백/미트": 1, "요가-빈야사/아쉬탕가": 1}', '2026-03-06'),
	('a1d44be8-2c4c-4e94-864e-303ca96eb32f', 'c71fcfd9-35a7-4fb7-a5d3-1885e0e9df45', '1248ce65-768b-4e7f-86de-98d0c890b505', '597b2e1a-6da2-45ba-a0c6-57e0f1a9ea28', 5, 2026, 3, '2026-03-19 16:30:25.846848+00', '{"계단": 19.9, "수영": 200, "요가-일반": 1, "달리기-러닝": 1, "복싱-스파링": 1, "사이클-실내": 5, "사이클-실외": 3, "달리기-트레드밀": 1, "복싱-샌드백/미트": 1, "요가-빈야사/아쉬탕가": 1}', '2026-03-08'),
	('c78fec1a-a7bb-4795-b94f-d24b2bbc7d7d', 'c71fcfd9-35a7-4fb7-a5d3-1885e0e9df45', '91e57f46-b121-4070-aa5d-2faaf9def2e8', 'c422a546-0c16-4efd-aad8-cfd184cc0463', 5, 2026, 3, '2026-03-19 16:30:25.93248+00', '{"계단": 19.9, "수영": 200, "요가-일반": 1, "달리기-러닝": 1, "복싱-스파링": 1, "사이클-실내": 5, "사이클-실외": 3, "달리기-트레드밀": 1, "복싱-샌드백/미트": 1, "요가-빈야사/아쉬탕가": 1}', '2026-03-14'),
	('be918c8b-f7ff-4d25-96d8-c1b7043e57b2', 'c71fcfd9-35a7-4fb7-a5d3-1885e0e9df45', 'b69fcc24-b92f-4744-9f84-73fae3cfa49b', 'bb119355-b608-415a-a00c-dc2de9237564', 5, 2026, 3, '2026-03-19 16:30:25.899246+00', '{"계단": 19.9, "수영": 200, "요가-일반": 1, "달리기-러닝": 1, "복싱-스파링": 1, "사이클-실내": 5, "사이클-실외": 3, "달리기-트레드밀": 1, "복싱-샌드백/미트": 1, "요가-빈야사/아쉬탕가": 1}', '2026-03-11'),
	('f8ccce3f-9fae-4fe6-896c-1cf611aef552', 'c71fcfd9-35a7-4fb7-a5d3-1885e0e9df45', '33306c54-5775-4528-9cb5-4d6229c1d2a7', 'fe97c34c-0125-4721-8343-5a6d4e856dff', 5, 2026, 3, '2026-03-19 16:30:25.838359+00', '{"계단": 19.9, "수영": 200, "요가-일반": 1, "달리기-러닝": 1, "복싱-스파링": 1, "사이클-실내": 5, "사이클-실외": 3, "달리기-트레드밀": 1, "복싱-샌드백/미트": 1, "요가-빈야사/아쉬탕가": 1}', '2026-03-04'),
	('9545a76a-0aa2-488d-ab04-b695434cfcb2', '9e167825-d313-4a68-821a-b597cdb5d356', '160f6fee-b99d-4ea6-b73f-2389770264ce', 'fc18429b-a83f-4e84-b85f-21196eef0f1c', 5.79, 2026, 3, '2026-03-25 03:39:29.571068+00', '{"계단": 20, "수영": 200, "요가-일반": 1, "달리기-러닝": 1, "복싱-스파링": 1, "사이클-실내": 5, "사이클-실외": 3, "달리기-트레드밀": 1, "복싱-샌드백/미트": 1, "요가-빈야사/아쉬탕가": 1}', '2026-03-23'),
	('41b672c1-cadf-4dd1-bcc2-e7dcdf212afa', '9e167825-d313-4a68-821a-b597cdb5d356', 'b6ef99fb-d160-45dc-9346-c0afe263baa4', 'fc18429b-a83f-4e84-b85f-21196eef0f1c', 4.02, 2026, 3, '2026-03-25 03:39:29.722596+00', '{"계단": 20, "수영": 200, "요가-일반": 1, "달리기-러닝": 1, "복싱-스파링": 1, "사이클-실내": 5, "사이클-실외": 3, "달리기-트레드밀": 1, "복싱-샌드백/미트": 1, "요가-빈야사/아쉬탕가": 1}', '2026-03-14'),
	('0a3789da-0f54-4bf7-98c5-9100eae4a2c0', 'c71fcfd9-35a7-4fb7-a5d3-1885e0e9df45', '28872053-a2e2-416a-bf32-6f700e2f0bb6', '69f6b98d-5a6e-4933-9ac6-e8882c40a0b4', 5, 2026, 3, '2026-03-19 16:30:25.92535+00', '{"계단": 19.9, "수영": 200, "요가-일반": 1, "달리기-러닝": 1, "복싱-스파링": 1, "사이클-실내": 5, "사이클-실외": 3, "달리기-트레드밀": 1, "복싱-샌드백/미트": 1, "요가-빈야사/아쉬탕가": 1}', '2026-03-13'),
	('29209403-9fc8-49ae-8079-129da12c0d5b', 'fbe91eb6-d0bb-46cb-901e-c6c20ccdb0e4', 'e781ecc9-8737-4575-b569-467ef5f7ceaf', '8ada6a16-06a2-4668-b46a-d7214b840f92', 6, 2026, 3, '2026-03-28 02:12:45.966186+00', '{"계단": 20, "수영": 200, "요가-일반": 1, "달리기-러닝": 1, "복싱-스파링": 1, "사이클-실내": 5, "사이클-실외": 3, "줄넘기-쌩쌩이": 1, "달리기-트레드밀": 1, "줄넘기-뒤로뛰기": 1, "줄넘기-한발뛰기": 1, "복싱-샌드백/미트": 1, "요가-빈야사/아쉬탕가": 1}', NULL),
	('84dcb310-5819-4e43-a5d5-d5a9481c26e6', 'c71fcfd9-35a7-4fb7-a5d3-1885e0e9df45', 'e781ecc9-8737-4575-b569-467ef5f7ceaf', '8ada6a16-06a2-4668-b46a-d7214b840f92', 6, 2026, 3, '2026-03-28 02:12:45.967622+00', '{"계단": 19.9, "수영": 200, "요가-일반": 1, "달리기-러닝": 1, "복싱-스파링": 1, "사이클-실내": 5, "사이클-실외": 3, "달리기-트레드밀": 1, "복싱-샌드백/미트": 1, "요가-빈야사/아쉬탕가": 1}', NULL),
	('a13fe3c2-a046-4591-9596-c62e99b0a205', 'dd2b8c45-0187-4257-bd1e-18212124b97b', '22325c33-2ee2-47d2-a493-eb96a4635d88', 'fc18429b-a83f-4e84-b85f-21196eef0f1c', 5.24, 2026, 3, '2026-03-23 01:20:10.391134+00', '{"계단": 20, "수영": 200, "요가-일반": 3.27, "달리기-러닝": 1, "복싱-스파링": 0.77, "사이클-실내": 5, "사이클-실외": 3, "달리기-트레드밀": 1, "복싱-샌드백/미트": 1.78, "요가-빈야사/아쉬탕가": 2.45}', '2026-03-15'),
	('2c253b3d-ce14-46c1-972b-bac1ef6864f9', '060f6d80-8e5a-472a-b89f-8a72c54f0b9d', '99596581-742f-4947-83bf-a0eb2beb64f2', '48941b2d-35ea-4d6a-9cb9-0f9e9421f31f', 20, 2026, 3, '2026-03-31 06:35:09.063881+00', '{"수영": 200, "헬스": 1, "계단-시간": 6, "계단-층수": 20, "달리기-러닝": 1, "사이클-실내": 5, "사이클-실외": 3, "계단-[object Object]": 1, "달리기-트레드밀": 1, "복싱-[object Object]": 1, "요가-[object Object]": 1, "달리기-[object Object]": 1, "사이클-[object Object]": 1}', '2026-03-22'),
	('a43fb84b-557f-447d-b750-795e0b96ab07', 'c71fcfd9-35a7-4fb7-a5d3-1885e0e9df45', '7aa80045-2116-4d0b-a304-7a7c4a621e3f', 'fc18429b-a83f-4e84-b85f-21196eef0f1c', 4.03, 2026, 3, '2026-03-19 16:30:25.827238+00', '{"계단": 19.9, "수영": 200, "요가-일반": 1, "달리기-러닝": 1, "복싱-스파링": 1, "사이클-실내": 5, "사이클-실외": 3, "달리기-트레드밀": 1, "복싱-샌드백/미트": 1, "요가-빈야사/아쉬탕가": 1}', '2026-03-12'),
	('379fbe86-4075-4b41-9e7b-51c40373f416', 'c71fcfd9-35a7-4fb7-a5d3-1885e0e9df45', 'b38da9f2-545c-4f44-be8b-6797f1ee907f', '6c4d8ccd-5f6d-4456-ab81-f30d8610752c', 5, 2026, 3, '2026-03-19 16:30:25.907088+00', '{"계단": 19.9, "수영": 200, "요가-일반": 1, "달리기-러닝": 1, "복싱-스파링": 1, "사이클-실내": 5, "사이클-실외": 3, "달리기-트레드밀": 1, "복싱-샌드백/미트": 1, "요가-빈야사/아쉬탕가": 1}', '2026-03-28'),
	('25409e1d-a9f6-4435-a3ff-ade9ad14a412', 'c71fcfd9-35a7-4fb7-a5d3-1885e0e9df45', '720d758a-ca25-4ee9-a44b-f6c1d31fd71c', 'bfaaecc8-13ae-46fc-97b2-c27e631936be', 5, 2026, 3, '2026-03-19 16:30:25.900987+00', '{"계단": 19.9, "수영": 200, "요가-일반": 1, "달리기-러닝": 1, "복싱-스파링": 1, "사이클-실내": 5, "사이클-실외": 3, "달리기-트레드밀": 1, "복싱-샌드백/미트": 1, "요가-빈야사/아쉬탕가": 1}', '2026-03-14'),
	('65f8686d-3b59-4a48-afe9-30ff7a255c7b', '9e167825-d313-4a68-821a-b597cdb5d356', '34aeaaa1-863b-4efa-b56c-236bd03c8d50', 'fc18429b-a83f-4e84-b85f-21196eef0f1c', 1.64, 2026, 3, '2026-03-25 03:39:29.576272+00', '{"계단": 20, "수영": 200, "요가-일반": 1, "달리기-러닝": 1, "복싱-스파링": 1, "사이클-실내": 5, "사이클-실외": 3, "달리기-트레드밀": 1, "복싱-샌드백/미트": 1, "요가-빈야사/아쉬탕가": 1}', '2026-03-10'),
	('553295c0-16a4-432b-81fa-5b04ab6eb4b9', 'fbe91eb6-d0bb-46cb-901e-c6c20ccdb0e4', '5aab4ac6-bd6e-47e1-ac65-db95bdcec7b2', 'fbd7f27f-74fa-4d86-bf06-c908cd28e5d4', 10, 2026, 3, '2026-03-28 03:19:54.989122+00', '{"계단": 20, "수영": 200, "요가-일반": 1, "달리기-러닝": 1, "복싱-스파링": 1, "사이클-실내": 5, "사이클-실외": 3, "줄넘기-쌩쌩이": 1, "달리기-트레드밀": 1, "줄넘기-뒤로뛰기": 1, "줄넘기-한발뛰기": 1, "복싱-샌드백/미트": 1, "요가-빈야사/아쉬탕가": 1}', NULL),
	('77fc0c0d-3e90-4a39-a98d-6f4a11a14af0', '060f6d80-8e5a-472a-b89f-8a72c54f0b9d', 'c4fd2c6f-9e02-4942-8514-a212c05684a3', 'a9bbbbe7-b415-4290-9bcb-31ac341fea45', 11.9, 2026, 3, '2026-03-31 06:35:09.495005+00', '{"수영": 200, "헬스": 1, "계단-시간": 6, "계단-층수": 20, "달리기-러닝": 1, "사이클-실내": 5, "사이클-실외": 3, "계단-[object Object]": 1, "달리기-트레드밀": 1, "복싱-[object Object]": 1, "요가-[object Object]": 1, "달리기-[object Object]": 1, "사이클-[object Object]": 1}', '2026-03-29'),
	('9bc653fd-5a3e-4a3e-aaf8-3ac10cc47e55', '060f6d80-8e5a-472a-b89f-8a72c54f0b9d', 'd4614edc-f0b5-4f0a-9261-d4f1b01e8d34', 'a9bbbbe7-b415-4290-9bcb-31ac341fea45', 7.866666666666667, 2026, 3, '2026-03-31 06:35:09.041686+00', '{"수영": 200, "헬스": 1, "계단-시간": 6, "계단-층수": 20, "달리기-러닝": 1, "사이클-실내": 5, "사이클-실외": 3, "계단-[object Object]": 1, "달리기-트레드밀": 1, "복싱-[object Object]": 1, "요가-[object Object]": 1, "달리기-[object Object]": 1, "사이클-[object Object]": 1}', '2026-03-25'),
	('43848ed2-c32d-438d-ba8c-6c5733dd26ab', '060f6d80-8e5a-472a-b89f-8a72c54f0b9d', '407e0a98-3839-4a8f-aa05-e25bf20d91cb', '91673d9d-eb77-4db3-959e-6d320beb3920', 5, 2026, 3, '2026-03-31 06:35:09.631723+00', '{"수영": 200, "헬스": 1, "계단-시간": 6, "계단-층수": 20, "달리기-러닝": 1, "사이클-실내": 5, "사이클-실외": 3, "계단-[object Object]": 1, "달리기-트레드밀": 1, "복싱-[object Object]": 1, "요가-[object Object]": 1, "달리기-[object Object]": 1, "사이클-[object Object]": 1}', '2026-03-17'),
	('f0c15e56-d3da-4a3d-916d-97bcbd67fede', '060f6d80-8e5a-472a-b89f-8a72c54f0b9d', '2ad4e41b-98a7-4cf7-8ee7-ddfc3ee3f366', 'deef7054-b056-4178-a3fe-05b1d973354a', 6.5, 2026, 3, '2026-03-31 10:08:38.201812+00', '{"수영": 200, "헬스": 1, "계단-시간": 6, "계단-층수": 20, "달리기-러닝": 1, "사이클-실내": 5, "사이클-실외": 3, "계단-[object Object]": 1, "달리기-트레드밀": 1, "복싱-[object Object]": 1, "요가-[object Object]": 1, "달리기-[object Object]": 1, "사이클-[object Object]": 1}', '2026-03-25'),
	('51a8bc6a-bd5d-4961-94f7-558fe13481f4', 'fbe91eb6-d0bb-46cb-901e-c6c20ccdb0e4', '0461ada2-627f-485c-9208-ca2d731f1c02', '8ada6a16-06a2-4668-b46a-d7214b840f92', 5.75, 2026, 3, '2026-03-23 22:07:55.925843+00', '{"계단": 20, "수영": 200, "요가-일반": 1, "달리기-러닝": 1, "복싱-스파링": 1, "사이클-실내": 5, "사이클-실외": 3, "줄넘기-쌩쌩이": 1, "달리기-트레드밀": 1, "줄넘기-뒤로뛰기": 1, "줄넘기-한발뛰기": 1, "복싱-샌드백/미트": 1, "요가-빈야사/아쉬탕가": 1}', NULL),
	('577d4796-386e-4279-860c-aa8c98723208', 'c71fcfd9-35a7-4fb7-a5d3-1885e0e9df45', 'abb96c3f-6b54-4cab-8171-146a65f1672a', '1fe29bb6-ccdd-43ef-a86e-71e512011ed5', 5, 2026, 3, '2026-03-19 16:30:25.902239+00', '{"계단": 19.9, "수영": 200, "요가-일반": 1, "달리기-러닝": 1, "복싱-스파링": 1, "사이클-실내": 5, "사이클-실외": 3, "달리기-트레드밀": 1, "복싱-샌드백/미트": 1, "요가-빈야사/아쉬탕가": 1}', '2026-03-06'),
	('c6d861dd-e599-4ba6-bacd-8a310906cbaf', 'c71fcfd9-35a7-4fb7-a5d3-1885e0e9df45', 'ac0e7490-0516-4787-80e7-67d8313a798e', 'fcc0e2b4-8688-45da-808c-6d2daad458a9', 3, 2026, 3, '2026-03-23 06:37:27.722934+00', '{"계단": 19.9, "수영": 200, "요가-일반": 1, "달리기-러닝": 1, "복싱-스파링": 1, "사이클-실내": 5, "사이클-실외": 3, "달리기-트레드밀": 1, "복싱-샌드백/미트": 1, "요가-빈야사/아쉬탕가": 1}', '2026-03-23'),
	('43d53b1e-1766-4894-beca-e692dc82610b', 'c71fcfd9-35a7-4fb7-a5d3-1885e0e9df45', 'f55be63e-b423-4a0e-9e5e-60892d84c000', 'db3a6757-498f-44e0-b9d0-861a8ffae000', 5, 2026, 3, '2026-03-19 16:30:25.931973+00', '{"계단": 19.9, "수영": 200, "요가-일반": 1, "달리기-러닝": 1, "복싱-스파링": 1, "사이클-실내": 5, "사이클-실외": 3, "달리기-트레드밀": 1, "복싱-샌드백/미트": 1, "요가-빈야사/아쉬탕가": 1}', '2026-03-16'),
	('85cb1a1b-8acf-4c21-9110-7bf84d5d4185', 'c71fcfd9-35a7-4fb7-a5d3-1885e0e9df45', '7cc3aaac-8e5d-4b72-9b05-e6fc2cc73e56', 'febe6110-c46b-44bd-94bd-4c2f24cef028', 50, 2026, 3, '2026-03-19 16:30:25.844556+00', '{"계단": 19.9, "수영": 200, "요가-일반": 1, "달리기-러닝": 1, "복싱-스파링": 1, "사이클-실내": 5, "사이클-실외": 3, "달리기-트레드밀": 1, "복싱-샌드백/미트": 1, "요가-빈야사/아쉬탕가": 1}', '2026-03-21'),
	('7b54017f-8eed-482b-a0fd-59b62daee1ee', 'c71fcfd9-35a7-4fb7-a5d3-1885e0e9df45', '642ef27a-eae4-4e3d-b5fa-8b620193882f', '64d6359e-ac25-4f4c-9eaf-b9fd85f04e04', 5, 2026, 3, '2026-03-19 16:30:25.926469+00', '{"계단": 19.9, "수영": 200, "요가-일반": 1, "달리기-러닝": 1, "복싱-스파링": 1, "사이클-실내": 5, "사이클-실외": 3, "달리기-트레드밀": 1, "복싱-샌드백/미트": 1, "요가-빈야사/아쉬탕가": 1}', '2026-03-05'),
	('bc30d366-cc7b-4447-b5f0-12f7b8496426', 'c71fcfd9-35a7-4fb7-a5d3-1885e0e9df45', 'dde72c0a-8f09-41ea-af54-13f668031a32', 'cc1c1182-6808-4b6a-b030-c536d2688740', 5, 2026, 3, '2026-03-19 16:30:25.936162+00', '{"계단": 19.9, "수영": 200, "요가-일반": 1, "달리기-러닝": 1, "복싱-스파링": 1, "사이클-실내": 5, "사이클-실외": 3, "달리기-트레드밀": 1, "복싱-샌드백/미트": 1, "요가-빈야사/아쉬탕가": 1}', '2026-03-15'),
	('073d7b81-2460-4261-b17c-cd35ff3cf1f1', 'c71fcfd9-35a7-4fb7-a5d3-1885e0e9df45', 'c6ef5a32-d7b4-487e-9501-d25d1552c653', '90a98033-cb80-4c46-956f-abe5f7671a95', 5, 2026, 3, '2026-03-19 16:30:25.900238+00', '{"계단": 19.9, "수영": 200, "요가-일반": 1, "달리기-러닝": 1, "복싱-스파링": 1, "사이클-실내": 5, "사이클-실외": 3, "달리기-트레드밀": 1, "복싱-샌드백/미트": 1, "요가-빈야사/아쉬탕가": 1}', '2026-03-18'),
	('9d3b15d2-0e21-4360-ad91-6b4827ffdb15', '9e167825-d313-4a68-821a-b597cdb5d356', '19e203c3-b2f9-49e4-8e50-2423cac0c9d2', 'fc18429b-a83f-4e84-b85f-21196eef0f1c', 5.63, 2026, 3, '2026-03-25 03:39:29.716227+00', '{"계단": 20, "수영": 200, "요가-일반": 1, "달리기-러닝": 1, "복싱-스파링": 1, "사이클-실내": 5, "사이클-실외": 3, "달리기-트레드밀": 1, "복싱-샌드백/미트": 1, "요가-빈야사/아쉬탕가": 1}', '2026-03-18'),
	('9e7e7a2c-a3b2-406c-843f-e2b0e9543fa9', '9e167825-d313-4a68-821a-b597cdb5d356', 'd51c3631-65f4-4199-9369-b516d4681be2', 'fc18429b-a83f-4e84-b85f-21196eef0f1c', 3.06, 2026, 3, '2026-03-25 03:39:29.568101+00', '{"계단": 20, "수영": 200, "요가-일반": 1, "달리기-러닝": 1, "복싱-스파링": 1, "사이클-실내": 5, "사이클-실외": 3, "달리기-트레드밀": 1, "복싱-샌드백/미트": 1, "요가-빈야사/아쉬탕가": 1}', '2026-03-11'),
	('e06f1320-27be-40bb-ab3c-e0927e368424', '7a7f0e83-494c-4d38-aee9-b4009e8f00b2', '5832721d-ab91-45ab-b6f8-40d3ca1c4a39', '46375228-6ece-4af9-a20d-79a9c1a29193', 5.7, 2026, 3, '2026-03-23 04:24:05.401609+00', '{"계단": 20, "수영": 200, "요가-일반": 20, "달리기-러닝": 1, "복싱-스파링": 5, "사이클-실내": 2.5, "사이클-실외": 2.5, "달리기-트레드밀": 1, "복싱-샌드백/미트": 8, "요가-빈야사/아쉬탕가": 15}', '2026-03-20'),
	('3398282b-2d67-4c34-a6da-39c3e14bc876', '7a7f0e83-494c-4d38-aee9-b4009e8f00b2', 'd9da428a-9645-4f43-aa43-0750d56d889a', '46375228-6ece-4af9-a20d-79a9c1a29193', 1.5, 2026, 3, '2026-03-23 04:29:20.248362+00', '{"계단": 20, "수영": 200, "요가-일반": 20, "달리기-러닝": 1, "복싱-스파링": 5, "사이클-실내": 2.5, "사이클-실외": 2.5, "달리기-트레드밀": 1, "복싱-샌드백/미트": 8, "요가-빈야사/아쉬탕가": 15}', '2026-03-19'),
	('22e83659-988d-4993-a129-4874974779f2', '7a7f0e83-494c-4d38-aee9-b4009e8f00b2', '279fa62c-aab5-420a-9c5a-71fa55e9be81', '46375228-6ece-4af9-a20d-79a9c1a29193', 1.5, 2026, 3, '2026-03-23 04:27:08.207679+00', '{"계단": 20, "수영": 200, "요가-일반": 20, "달리기-러닝": 1, "복싱-스파링": 5, "사이클-실내": 2.5, "사이클-실외": 2.5, "달리기-트레드밀": 1, "복싱-샌드백/미트": 8, "요가-빈야사/아쉬탕가": 15}', '2026-03-16'),
	('ddacf57e-8b71-47d7-93cf-4e6f32b9369b', '7a7f0e83-494c-4d38-aee9-b4009e8f00b2', '1398af29-681c-4b78-a3f0-50a40d5fdac7', '46375228-6ece-4af9-a20d-79a9c1a29193', 6, 2026, 3, '2026-03-23 04:27:53.497996+00', '{"계단": 20, "수영": 200, "요가-일반": 20, "달리기-러닝": 1, "복싱-스파링": 5, "사이클-실내": 2.5, "사이클-실외": 2.5, "달리기-트레드밀": 1, "복싱-샌드백/미트": 8, "요가-빈야사/아쉬탕가": 15}', '2026-03-18'),
	('3587724d-27c4-4328-8a8e-6a2f6752c8e0', 'd7678799-2e08-4ae8-a579-f8151a732b59', '94bc074a-c00d-41fd-b5d2-7c98676d478e', '8d610a7f-41fa-472c-86f4-f1bf47c4ff43', 4.6, 2026, 3, '2026-03-28 23:40:27.98524+00', '{"계단": 20, "수영": 200, "요가-일반": 1, "달리기-러닝": 1, "복싱-스파링": 1, "사이클-실내": 5, "사이클-실외": 3, "달리기-트레드밀": 1, "복싱-샌드백/미트": 1, "요가-빈야사/아쉬탕가": 1}', NULL),
	('f5a6803b-6b5d-4345-bc31-d0f05f2721fd', '060f6d80-8e5a-472a-b89f-8a72c54f0b9d', '1a7ceb0f-afeb-4d9b-a324-58e827d37066', '91673d9d-eb77-4db3-959e-6d320beb3920', 8.5, 2026, 3, '2026-03-31 06:35:09.530547+00', '{"수영": 200, "헬스": 1, "계단-시간": 6, "계단-층수": 20, "달리기-러닝": 1, "사이클-실내": 5, "사이클-실외": 3, "계단-[object Object]": 1, "달리기-트레드밀": 1, "복싱-[object Object]": 1, "요가-[object Object]": 1, "달리기-[object Object]": 1, "사이클-[object Object]": 1}', '2026-03-16'),
	('e70dd1dc-3c40-467c-a402-ad2d7c5871b6', '9e167825-d313-4a68-821a-b597cdb5d356', '22325c33-2ee2-47d2-a493-eb96a4635d88', 'fc18429b-a83f-4e84-b85f-21196eef0f1c', 5.24, 2026, 3, '2026-03-25 03:39:29.599596+00', '{"계단": 20, "수영": 200, "요가-일반": 1, "달리기-러닝": 1, "복싱-스파링": 1, "사이클-실내": 5, "사이클-실외": 3, "달리기-트레드밀": 1, "복싱-샌드백/미트": 1, "요가-빈야사/아쉬탕가": 1}', '2026-03-15'),
	('b893669a-1298-4e90-861f-6ee189dcb12b', 'd7678799-2e08-4ae8-a579-f8151a732b59', '3bd230b8-dca9-4e0b-81c4-4162b0112a14', '8d610a7f-41fa-472c-86f4-f1bf47c4ff43', 6.5, 2026, 3, '2026-03-28 23:41:56.589709+00', '{"계단": 20, "수영": 200, "요가-일반": 1, "달리기-러닝": 1, "복싱-스파링": 1, "사이클-실내": 5, "사이클-실외": 3, "달리기-트레드밀": 1, "복싱-샌드백/미트": 1, "요가-빈야사/아쉬탕가": 1}', NULL),
	('642ebcac-9b47-4fb5-b20d-8c7578cf02b3', 'c71fcfd9-35a7-4fb7-a5d3-1885e0e9df45', '91b433d1-acf9-4352-b360-fbc1602e8f8f', '48941b2d-35ea-4d6a-9cb9-0f9e9421f31f', 5, 2026, 3, '2026-03-23 22:41:07.326454+00', '{"계단": 19.9, "수영": 200, "요가-일반": 1, "달리기-러닝": 1, "복싱-스파링": 1, "사이클-실내": 5, "사이클-실외": 3, "달리기-트레드밀": 1, "복싱-샌드백/미트": 1, "요가-빈야사/아쉬탕가": 1}', '2026-03-23'),
	('043954f1-4195-457a-9366-f0e54646a88d', '060f6d80-8e5a-472a-b89f-8a72c54f0b9d', '565f6497-67ec-4c1f-97df-1fa84b7f545f', '91673d9d-eb77-4db3-959e-6d320beb3920', 5.2, 2026, 3, '2026-03-31 06:35:09.610101+00', '{"수영": 200, "헬스": 1, "계단-시간": 6, "계단-층수": 20, "달리기-러닝": 1, "사이클-실내": 5, "사이클-실외": 3, "계단-[object Object]": 1, "달리기-트레드밀": 1, "복싱-[object Object]": 1, "요가-[object Object]": 1, "달리기-[object Object]": 1, "사이클-[object Object]": 1}', '2026-03-22'),
	('c8508d82-f960-4bed-97c4-5d7ebb897517', '060f6d80-8e5a-472a-b89f-8a72c54f0b9d', '8d93a806-5626-4460-a6f9-1754fa2a8915', 'deef7054-b056-4178-a3fe-05b1d973354a', 9.6, 2026, 3, '2026-03-31 08:46:27.456543+00', '{"수영": 200, "헬스": 1, "계단-시간": 6, "계단-층수": 20, "달리기-러닝": 1, "사이클-실내": 5, "사이클-실외": 3, "계단-[object Object]": 1, "달리기-트레드밀": 1, "복싱-[object Object]": 1, "요가-[object Object]": 1, "달리기-[object Object]": 1, "사이클-[object Object]": 1}', '2026-03-31'),
	('7009afa1-09db-45fc-b941-12bb0c160d79', '060f6d80-8e5a-472a-b89f-8a72c54f0b9d', '02c11232-e2a6-47b6-9806-e72d73a1ceb8', 'a9bbbbe7-b415-4290-9bcb-31ac341fea45', 24.75, 2026, 3, '2026-03-31 06:35:09.516896+00', '{"수영": 200, "헬스": 1, "계단-시간": 6, "계단-층수": 20, "달리기-러닝": 1, "사이클-실내": 5, "사이클-실외": 3, "계단-[object Object]": 1, "달리기-트레드밀": 1, "복싱-[object Object]": 1, "요가-[object Object]": 1, "달리기-[object Object]": 1, "사이클-[object Object]": 1}', '2026-03-28'),
	('71a21a7f-2706-49a1-b5b0-178353a2b00f', '060f6d80-8e5a-472a-b89f-8a72c54f0b9d', 'd40bb2af-7ab5-48f2-9dac-79d1df016c70', '8ada6a16-06a2-4668-b46a-d7214b840f92', 6.5, 2026, 3, '2026-03-31 06:35:09.663455+00', '{"수영": 200, "헬스": 1, "계단-시간": 6, "계단-층수": 20, "달리기-러닝": 1, "사이클-실내": 5, "사이클-실외": 3, "계단-[object Object]": 1, "달리기-트레드밀": 1, "복싱-[object Object]": 1, "요가-[object Object]": 1, "달리기-[object Object]": 1, "사이클-[object Object]": 1}', '2026-03-14'),
	('337ebe17-4de5-4415-a9ce-89bac26cea59', '060f6d80-8e5a-472a-b89f-8a72c54f0b9d', '34aeaaa1-863b-4efa-b56c-236bd03c8d50', 'fc18429b-a83f-4e84-b85f-21196eef0f1c', 1.64, 2026, 3, '2026-03-31 06:35:09.351113+00', '{"수영": 200, "헬스": 1, "계단-시간": 6, "계단-층수": 20, "달리기-러닝": 1, "사이클-실내": 5, "사이클-실외": 3, "계단-[object Object]": 1, "달리기-트레드밀": 1, "복싱-[object Object]": 1, "요가-[object Object]": 1, "달리기-[object Object]": 1, "사이클-[object Object]": 1}', '2026-03-10'),
	('ec8ea0b7-0e83-4da0-bdba-dbfd751e68ee', 'd20f1283-5379-4f78-9ec6-7cef09ab1964', '34aeaaa1-863b-4efa-b56c-236bd03c8d50', 'fc18429b-a83f-4e84-b85f-21196eef0f1c', 1.64, 2026, 3, '2026-03-20 12:38:21.390214+00', '{"계단": 20, "수영": 200, "요가-일반": 3.27, "달리기-러닝": 1, "복싱-스파링": 0.77, "사이클-실내": 5, "사이클-실외": 3, "달리기-트레드밀": 1, "복싱-샌드백/미트": 1.78, "요가-빈야사/아쉬탕가": 2.45}', '2026-03-10'),
	('c566e917-715f-4c50-a79a-97d493ce9dae', '060f6d80-8e5a-472a-b89f-8a72c54f0b9d', '1ad98855-e18f-4e22-a27e-5ea2013177f3', 'a9bbbbe7-b415-4290-9bcb-31ac341fea45', 4.6, 2026, 3, '2026-03-31 10:13:56.669915+00', '{"수영": 200, "헬스": 1, "계단-시간": 6, "계단-층수": 20, "달리기-러닝": 1, "사이클-실내": 5, "사이클-실외": 3, "계단-[object Object]": 1, "달리기-트레드밀": 1, "복싱-[object Object]": 1, "요가-[object Object]": 1, "달리기-[object Object]": 1, "사이클-[object Object]": 1}', NULL),
	('6391b525-4040-4c1a-a41a-90ef6ed8c300', 'c71fcfd9-35a7-4fb7-a5d3-1885e0e9df45', '005f251b-3350-424e-a13f-7512ff120a78', 'fc18429b-a83f-4e84-b85f-21196eef0f1c', 4.31, 2026, 3, '2026-03-20 13:23:27.594717+00', '{"계단": 19.9, "수영": 200, "요가-일반": 1, "달리기-러닝": 1, "복싱-스파링": 1, "사이클-실내": 5, "사이클-실외": 3, "달리기-트레드밀": 1, "복싱-샌드백/미트": 1, "요가-빈야사/아쉬탕가": 1}', '2026-03-20'),
	('a22b75c3-c1c3-418c-aa97-a7a60b85ad04', 'c71fcfd9-35a7-4fb7-a5d3-1885e0e9df45', '5c67fcc7-8d94-4faa-b010-ae46a49fa5e7', 'f0fdb89e-08bc-4679-8ad9-2e0efc11130e', 5.25, 2026, 3, '2026-03-23 23:34:45.459106+00', '{"계단": 19.9, "수영": 200, "요가-일반": 1, "달리기-러닝": 1, "복싱-스파링": 1, "사이클-실내": 5, "사이클-실외": 3, "달리기-트레드밀": 1, "복싱-샌드백/미트": 1, "요가-빈야사/아쉬탕가": 1}', '2026-03-23'),
	('cc31d7b4-0f18-426c-a841-73deca6d0458', '9e167825-d313-4a68-821a-b597cdb5d356', '7aa80045-2116-4d0b-a304-7a7c4a621e3f', 'fc18429b-a83f-4e84-b85f-21196eef0f1c', 4.03, 2026, 3, '2026-03-25 03:39:29.60239+00', '{"계단": 20, "수영": 200, "요가-일반": 1, "달리기-러닝": 1, "복싱-스파링": 1, "사이클-실내": 5, "사이클-실외": 3, "달리기-트레드밀": 1, "복싱-샌드백/미트": 1, "요가-빈야사/아쉬탕가": 1}', '2026-03-12'),
	('047a251a-93e9-4b35-90b5-4de33f78e64c', 'd7678799-2e08-4ae8-a579-f8151a732b59', 'c450300c-47a6-44b8-8f98-c177945f6af3', '8d610a7f-41fa-472c-86f4-f1bf47c4ff43', 2.433333333333333, 2026, 3, '2026-03-28 23:43:14.078074+00', '{"계단": 20, "수영": 200, "요가-일반": 1, "달리기-러닝": 1, "복싱-스파링": 1, "사이클-실내": 5, "사이클-실외": 3, "달리기-트레드밀": 1, "복싱-샌드백/미트": 1, "요가-빈야사/아쉬탕가": 1}', NULL),
	('6273d5dc-56c7-4ec7-becd-987ea9cec1af', '10200221-3c5f-4526-8fac-babc6dc49324', 'ac0e7490-0516-4787-80e7-67d8313a798e', 'fcc0e2b4-8688-45da-808c-6d2daad458a9', 3, 2026, 3, '2026-03-30 08:02:59.32104+00', '{"계단": 1, "수영": 1, "헬스": 1, "요가-일반": 1, "달리기-러닝": 1, "복싱-스파링": 1, "사이클-실내": 1, "사이클-실외": 1, "달리기-트레드밀": 1, "복싱-샌드백/미트": 1, "요가-빈야사/아쉬탕가": 1}', '2026-03-23'),
	('2eb2fc7e-fcc8-4906-8d1c-1d8f03dc9a4b', '060f6d80-8e5a-472a-b89f-8a72c54f0b9d', 'ec0bc282-207b-4d40-badd-1f85c2739000', '91673d9d-eb77-4db3-959e-6d320beb3920', 5.22, 2026, 3, '2026-03-31 06:35:09.590309+00', '{"수영": 200, "헬스": 1, "계단-시간": 6, "계단-층수": 20, "달리기-러닝": 1, "사이클-실내": 5, "사이클-실외": 3, "계단-[object Object]": 1, "달리기-트레드밀": 1, "복싱-[object Object]": 1, "요가-[object Object]": 1, "달리기-[object Object]": 1, "사이클-[object Object]": 1}', '2026-03-19'),
	('d32dd14d-4d29-4a03-bd5d-e554fbad0fc8', '060f6d80-8e5a-472a-b89f-8a72c54f0b9d', '30561494-bdf6-4b02-8c84-7e489fbd8c01', '91673d9d-eb77-4db3-959e-6d320beb3920', 6.38, 2026, 3, '2026-03-31 06:35:09.628477+00', '{"수영": 200, "헬스": 1, "계단-시간": 6, "계단-층수": 20, "달리기-러닝": 1, "사이클-실내": 5, "사이클-실외": 3, "계단-[object Object]": 1, "달리기-트레드밀": 1, "복싱-[object Object]": 1, "요가-[object Object]": 1, "달리기-[object Object]": 1, "사이클-[object Object]": 1}', '2026-03-25'),
	('1a665b28-39dc-4043-af64-90836877cf2c', '060f6d80-8e5a-472a-b89f-8a72c54f0b9d', '22325c33-2ee2-47d2-a493-eb96a4635d88', 'fc18429b-a83f-4e84-b85f-21196eef0f1c', 5.24, 2026, 3, '2026-03-31 06:35:09.600187+00', '{"수영": 200, "헬스": 1, "계단-시간": 6, "계단-층수": 20, "달리기-러닝": 1, "사이클-실내": 5, "사이클-실외": 3, "계단-[object Object]": 1, "달리기-트레드밀": 1, "복싱-[object Object]": 1, "요가-[object Object]": 1, "달리기-[object Object]": 1, "사이클-[object Object]": 1}', '2026-03-15'),
	('5d0b4cce-9188-4228-b536-2451c4254fe9', 'd7678799-2e08-4ae8-a579-f8151a732b59', '1ad98855-e18f-4e22-a27e-5ea2013177f3', 'a9bbbbe7-b415-4290-9bcb-31ac341fea45', 4.6, 2026, 3, '2026-03-31 10:13:56.695844+00', '{"계단": 20, "수영": 200, "헬스": 1, "요가-일반": 1, "달리기-러닝": 1, "복싱-스파링": 1, "사이클-실내": 5, "사이클-실외": 3, "계단-[object Object]": 1, "달리기-트레드밀": 1, "복싱-[object Object]": 1, "요가-[object Object]": 1, "복싱-샌드백/미트": 1, "달리기-[object Object]": 1, "사이클-[object Object]": 1, "요가-빈야사/아쉬탕가": 1}', NULL),
	('58ba851e-2e26-4bae-9a14-4c0ecac6c7a2', 'd7678799-2e08-4ae8-a579-f8151a732b59', '8d93a806-5626-4460-a6f9-1754fa2a8915', 'deef7054-b056-4178-a3fe-05b1d973354a', 9.6, 2026, 3, '2026-03-31 08:46:27.499506+00', '{"계단": 20, "수영": 200, "헬스": 1, "요가-일반": 1, "달리기-러닝": 1, "복싱-스파링": 1, "사이클-실내": 5, "사이클-실외": 3, "계단-[object Object]": 1, "달리기-트레드밀": 1, "복싱-[object Object]": 1, "요가-[object Object]": 1, "복싱-샌드백/미트": 1, "달리기-[object Object]": 1, "사이클-[object Object]": 1, "요가-빈야사/아쉬탕가": 1}', NULL),
	('4f14e15f-151e-457f-97b0-d6d17e58556e', '060f6d80-8e5a-472a-b89f-8a72c54f0b9d', 'f3402f96-6482-4905-b156-62cfc92b7334', 'a9bbbbe7-b415-4290-9bcb-31ac341fea45', 6, 2026, 3, '2026-03-31 06:35:09.665747+00', '{"수영": 200, "헬스": 1, "계단-시간": 6, "계단-층수": 20, "달리기-러닝": 1, "사이클-실내": 5, "사이클-실외": 3, "계단-[object Object]": 1, "달리기-트레드밀": 1, "복싱-[object Object]": 1, "요가-[object Object]": 1, "달리기-[object Object]": 1, "사이클-[object Object]": 1}', '2026-03-25'),
	('dda7b393-d161-4efa-81d2-9cb42738a20b', '060f6d80-8e5a-472a-b89f-8a72c54f0b9d', '80b98be8-4d2c-4122-9893-ee733112dc9b', 'a9bbbbe7-b415-4290-9bcb-31ac341fea45', 10.75, 2026, 3, '2026-03-31 06:35:09.358008+00', '{"수영": 200, "헬스": 1, "계단-시간": 6, "계단-층수": 20, "달리기-러닝": 1, "사이클-실내": 5, "사이클-실외": 3, "계단-[object Object]": 1, "달리기-트레드밀": 1, "복싱-[object Object]": 1, "요가-[object Object]": 1, "달리기-[object Object]": 1, "사이클-[object Object]": 1}', '2026-03-23'),
	('612181c4-762a-4fcb-ba4b-254e90819d27', '060f6d80-8e5a-472a-b89f-8a72c54f0b9d', '5208d9d4-e196-4f9c-a88b-8658af58cc93', 'a9bbbbe7-b415-4290-9bcb-31ac341fea45', 7.8999999999999995, 2026, 3, '2026-03-31 06:35:09.524441+00', '{"수영": 200, "헬스": 1, "계단-시간": 6, "계단-층수": 20, "달리기-러닝": 1, "사이클-실내": 5, "사이클-실외": 3, "계단-[object Object]": 1, "달리기-트레드밀": 1, "복싱-[object Object]": 1, "요가-[object Object]": 1, "달리기-[object Object]": 1, "사이클-[object Object]": 1}', '2026-03-25'),
	('710fe1ff-1341-4962-9c1a-da348970cf51', '30d9ad61-1395-4824-b2e1-bdd30c70b72d', '005f251b-3350-424e-a13f-7512ff120a78', 'fc18429b-a83f-4e84-b85f-21196eef0f1c', 4.31, 2026, 3, '2026-03-20 13:23:27.584235+00', '{"계단": 0.05, "수영": 0.005, "요가-일반": 0, "달리기-러닝": 1, "복싱-스파링": 0, "사이클-실내": 0.2, "사이클-실외": 0.333, "달리기-트레드밀": 1, "복싱-샌드백/미트": 0, "요가-빈야사/아쉬탕가": 0}', '2026-03-20'),
	('4c2c524e-633c-4908-973b-2d3459d82ac9', 'd7678799-2e08-4ae8-a579-f8151a732b59', 'b6ef99fb-d160-45dc-9346-c0afe263baa4', 'fc18429b-a83f-4e84-b85f-21196eef0f1c', 4.02, 2026, 3, '2026-03-25 03:46:23.753879+00', '{"계단": 20, "수영": 200, "요가-일반": 1, "달리기-러닝": 1, "복싱-스파링": 1, "사이클-실내": 5, "사이클-실외": 3, "달리기-트레드밀": 1, "복싱-샌드백/미트": 1, "요가-빈야사/아쉬탕가": 1}', '2026-03-14'),
	('8714179e-6d91-4de0-9695-828edcc33e2c', 'd7678799-2e08-4ae8-a579-f8151a732b59', '80b98be8-4d2c-4122-9893-ee733112dc9b', 'a9bbbbe7-b415-4290-9bcb-31ac341fea45', 10.75, 2026, 3, '2026-03-25 03:46:23.615495+00', '{"계단": 20, "수영": 200, "요가-일반": 1, "달리기-러닝": 1, "복싱-스파링": 1, "사이클-실내": 5, "사이클-실외": 3, "달리기-트레드밀": 1, "복싱-샌드백/미트": 1, "요가-빈야사/아쉬탕가": 1}', '2026-03-23'),
	('858e9566-b91d-457d-af16-6778fca79162', 'd7678799-2e08-4ae8-a579-f8151a732b59', '34aeaaa1-863b-4efa-b56c-236bd03c8d50', 'fc18429b-a83f-4e84-b85f-21196eef0f1c', 1.64, 2026, 3, '2026-03-25 03:46:23.576302+00', '{"계단": 20, "수영": 200, "요가-일반": 1, "달리기-러닝": 1, "복싱-스파링": 1, "사이클-실내": 5, "사이클-실외": 3, "달리기-트레드밀": 1, "복싱-샌드백/미트": 1, "요가-빈야사/아쉬탕가": 1}', '2026-03-10'),
	('a718a173-58f0-45a2-944d-f2cbe9f32458', 'd7678799-2e08-4ae8-a579-f8151a732b59', 'c4fd2c6f-9e02-4942-8514-a212c05684a3', 'a9bbbbe7-b415-4290-9bcb-31ac341fea45', 11.9, 2026, 3, '2026-03-29 00:13:11.767807+00', '{"계단": 20, "수영": 200, "요가-일반": 1, "달리기-러닝": 1, "복싱-스파링": 1, "사이클-실내": 5, "사이클-실외": 3, "달리기-트레드밀": 1, "복싱-샌드백/미트": 1, "요가-빈야사/아쉬탕가": 1}', NULL),
	('e8dc0f09-9315-4175-bdc3-7603fd28754b', '060f6d80-8e5a-472a-b89f-8a72c54f0b9d', '6e13a77c-5055-420e-b547-56275ac733de', 'fc18429b-a83f-4e84-b85f-21196eef0f1c', 4, 2026, 3, '2026-03-31 06:35:09.508129+00', '{"수영": 200, "헬스": 1, "계단-시간": 6, "계단-층수": 20, "달리기-러닝": 1, "사이클-실내": 5, "사이클-실외": 3, "계단-[object Object]": 1, "달리기-트레드밀": 1, "복싱-[object Object]": 1, "요가-[object Object]": 1, "달리기-[object Object]": 1, "사이클-[object Object]": 1}', '2026-03-03'),
	('0839cfb5-67e5-4cf8-ba31-8106c72c314d', 'fbe91eb6-d0bb-46cb-901e-c6c20ccdb0e4', '71b5ad86-6222-42ab-bdf1-dcc09e78f91a', 'fbd7f27f-74fa-4d86-bf06-c908cd28e5d4', 3, 2026, 3, '2026-03-31 09:42:44.454836+00', '{"계단": 20, "수영": 200, "헬스": 1, "요가-일반": 1, "달리기-러닝": 1, "복싱-스파링": 1, "사이클-실내": 5, "사이클-실외": 3, "줄넘기-쌩쌩이": 1, "계단-[object Object]": 1, "달리기-트레드밀": 1, "복싱-[object Object]": 1, "요가-[object Object]": 1, "줄넘기-뒤로뛰기": 1, "줄넘기-한발뛰기": 1, "복싱-샌드백/미트": 1, "달리기-[object Object]": 1, "사이클-[object Object]": 1, "요가-빈야사/아쉬탕가": 1}', NULL),
	('9852225b-b595-4092-8039-990e4bc03710', '060f6d80-8e5a-472a-b89f-8a72c54f0b9d', 'fd48bcb1-d3b8-4c00-8773-2a1a97708e87', 'a9bbbbe7-b415-4290-9bcb-31ac341fea45', 10, 2026, 3, '2026-03-31 06:35:09.354864+00', '{"수영": 200, "헬스": 1, "계단-시간": 6, "계단-층수": 20, "달리기-러닝": 1, "사이클-실내": 5, "사이클-실외": 3, "계단-[object Object]": 1, "달리기-트레드밀": 1, "복싱-[object Object]": 1, "요가-[object Object]": 1, "달리기-[object Object]": 1, "사이클-[object Object]": 1}', '2026-03-30'),
	('c5efd362-3751-4f56-8856-3d76128dc625', '060f6d80-8e5a-472a-b89f-8a72c54f0b9d', '84468941-ad3f-45c8-b380-de6e38a52551', '8ada6a16-06a2-4668-b46a-d7214b840f92', 12.5, 2026, 3, '2026-03-31 06:35:09.590502+00', '{"수영": 200, "헬스": 1, "계단-시간": 6, "계단-층수": 20, "달리기-러닝": 1, "사이클-실내": 5, "사이클-실외": 3, "계단-[object Object]": 1, "달리기-트레드밀": 1, "복싱-[object Object]": 1, "요가-[object Object]": 1, "달리기-[object Object]": 1, "사이클-[object Object]": 1}', '2026-03-21'),
	('2cf4008f-2de6-4391-9c7d-321511206c50', '060f6d80-8e5a-472a-b89f-8a72c54f0b9d', '92424e4b-080c-4d49-8fd7-34826014eb84', 'a9bbbbe7-b415-4290-9bcb-31ac341fea45', 6.5, 2026, 3, '2026-03-31 06:35:09.628773+00', '{"수영": 200, "헬스": 1, "계단-시간": 6, "계단-층수": 20, "달리기-러닝": 1, "사이클-실내": 5, "사이클-실외": 3, "계단-[object Object]": 1, "달리기-트레드밀": 1, "복싱-[object Object]": 1, "요가-[object Object]": 1, "달리기-[object Object]": 1, "사이클-[object Object]": 1}', '2026-03-26'),
	('69a9b430-4690-4278-9f89-ec846740bcfd', 'c71fcfd9-35a7-4fb7-a5d3-1885e0e9df45', '1ad98855-e18f-4e22-a27e-5ea2013177f3', 'a9bbbbe7-b415-4290-9bcb-31ac341fea45', 4.6, 2026, 3, '2026-03-31 10:13:56.697188+00', '{"계단": 19.9, "수영": 200, "헬스": 1, "요가-일반": 1, "달리기-러닝": 1, "복싱-스파링": 1, "사이클-실내": 5, "사이클-실외": 3, "계단-[object Object]": 1, "달리기-트레드밀": 1, "복싱-[object Object]": 1, "요가-[object Object]": 1, "복싱-샌드백/미트": 1, "달리기-[object Object]": 1, "사이클-[object Object]": 1, "요가-빈야사/아쉬탕가": 1}', NULL),
	('1b665f88-0d5b-42ad-a35e-0b759707302c', 'd7678799-2e08-4ae8-a579-f8151a732b59', '005f251b-3350-424e-a13f-7512ff120a78', 'fc18429b-a83f-4e84-b85f-21196eef0f1c', 4.31, 2026, 3, '2026-03-25 03:46:23.579754+00', '{"계단": 20, "수영": 200, "요가-일반": 1, "달리기-러닝": 1, "복싱-스파링": 1, "사이클-실내": 5, "사이클-실외": 3, "달리기-트레드밀": 1, "복싱-샌드백/미트": 1, "요가-빈야사/아쉬탕가": 1}', '2026-03-20'),
	('f514daae-6e19-44ae-8f2d-4700bbf1abd3', 'd7678799-2e08-4ae8-a579-f8151a732b59', 'd51c3631-65f4-4199-9369-b516d4681be2', 'fc18429b-a83f-4e84-b85f-21196eef0f1c', 3.06, 2026, 3, '2026-03-25 03:46:23.753258+00', '{"계단": 20, "수영": 200, "요가-일반": 1, "달리기-러닝": 1, "복싱-스파링": 1, "사이클-실내": 5, "사이클-실외": 3, "달리기-트레드밀": 1, "복싱-샌드백/미트": 1, "요가-빈야사/아쉬탕가": 1}', '2026-03-11'),
	('b589e4b3-0cba-4241-95c6-1e8dd26a9696', 'd7678799-2e08-4ae8-a579-f8151a732b59', '7aa80045-2116-4d0b-a304-7a7c4a621e3f', 'fc18429b-a83f-4e84-b85f-21196eef0f1c', 4.03, 2026, 3, '2026-03-25 03:46:23.603921+00', '{"계단": 20, "수영": 200, "요가-일반": 1, "달리기-러닝": 1, "복싱-스파링": 1, "사이클-실내": 5, "사이클-실외": 3, "달리기-트레드밀": 1, "복싱-샌드백/미트": 1, "요가-빈야사/아쉬탕가": 1}', '2026-03-12'),
	('46999d52-26a4-4105-8c89-81090a033be7', 'd7678799-2e08-4ae8-a579-f8151a732b59', '02c11232-e2a6-47b6-9806-e72d73a1ceb8', 'a9bbbbe7-b415-4290-9bcb-31ac341fea45', 24.75, 2026, 3, '2026-03-29 00:14:03.83249+00', '{"계단": 20, "수영": 200, "요가-일반": 1, "달리기-러닝": 1, "복싱-스파링": 1, "사이클-실내": 5, "사이클-실외": 3, "달리기-트레드밀": 1, "복싱-샌드백/미트": 1, "요가-빈야사/아쉬탕가": 1}', NULL),
	('3b8d0368-a7fd-4389-a405-fff2f2c480a5', '060f6d80-8e5a-472a-b89f-8a72c54f0b9d', '160f6fee-b99d-4ea6-b73f-2389770264ce', 'fc18429b-a83f-4e84-b85f-21196eef0f1c', 5.79, 2026, 3, '2026-03-31 06:35:09.354073+00', '{"수영": 200, "헬스": 1, "계단-시간": 6, "계단-층수": 20, "달리기-러닝": 1, "사이클-실내": 5, "사이클-실외": 3, "계단-[object Object]": 1, "달리기-트레드밀": 1, "복싱-[object Object]": 1, "요가-[object Object]": 1, "달리기-[object Object]": 1, "사이클-[object Object]": 1}', '2026-03-23'),
	('c32c43c8-5f1e-493a-99b6-faed3a6b6337', 'fbe91eb6-d0bb-46cb-901e-c6c20ccdb0e4', 'c3d5b8f3-27c7-4e45-b14d-ac2b97f91ab9', 'fc18429b-a83f-4e84-b85f-21196eef0f1c', 5.07, 2026, 3, '2026-03-31 09:54:17.28339+00', '{"계단": 20, "수영": 200, "헬스": 1, "요가-일반": 1, "달리기-러닝": 1, "복싱-스파링": 1, "사이클-실내": 5, "사이클-실외": 3, "줄넘기-쌩쌩이": 1, "계단-[object Object]": 1, "달리기-트레드밀": 1, "복싱-[object Object]": 1, "요가-[object Object]": 1, "줄넘기-뒤로뛰기": 1, "줄넘기-한발뛰기": 1, "복싱-샌드백/미트": 1, "달리기-[object Object]": 1, "사이클-[object Object]": 1, "요가-빈야사/아쉬탕가": 1}', NULL),
	('6294b40b-3a6d-434c-afee-359321919701', '060f6d80-8e5a-472a-b89f-8a72c54f0b9d', '91b433d1-acf9-4352-b360-fbc1602e8f8f', '48941b2d-35ea-4d6a-9cb9-0f9e9421f31f', 5, 2026, 3, '2026-03-31 06:35:09.627691+00', '{"수영": 200, "헬스": 1, "계단-시간": 6, "계단-층수": 20, "달리기-러닝": 1, "사이클-실내": 5, "사이클-실외": 3, "계단-[object Object]": 1, "달리기-트레드밀": 1, "복싱-[object Object]": 1, "요가-[object Object]": 1, "달리기-[object Object]": 1, "사이클-[object Object]": 1}', '2026-03-23'),
	('d7110fcd-7c27-4e89-a0d1-4de1daa01ff3', '060f6d80-8e5a-472a-b89f-8a72c54f0b9d', 'c1df0d45-fa2d-480b-ac66-5e7b08848b14', '91673d9d-eb77-4db3-959e-6d320beb3920', 5.3, 2026, 3, '2026-03-31 06:35:09.543255+00', '{"수영": 200, "헬스": 1, "계단-시간": 6, "계단-층수": 20, "달리기-러닝": 1, "사이클-실내": 5, "사이클-실외": 3, "계단-[object Object]": 1, "달리기-트레드밀": 1, "복싱-[object Object]": 1, "요가-[object Object]": 1, "달리기-[object Object]": 1, "사이클-[object Object]": 1}', '2026-03-14'),
	('22a09835-e62c-4137-9d4e-f3dfc85d8058', '060f6d80-8e5a-472a-b89f-8a72c54f0b9d', 'decc81fc-c82f-4785-a427-6ffa0ab62b57', '91673d9d-eb77-4db3-959e-6d320beb3920', 21.1, 2026, 3, '2026-03-31 06:35:09.662502+00', '{"수영": 200, "헬스": 1, "계단-시간": 6, "계단-층수": 20, "달리기-러닝": 1, "사이클-실내": 5, "사이클-실외": 3, "계단-[object Object]": 1, "달리기-트레드밀": 1, "복싱-[object Object]": 1, "요가-[object Object]": 1, "달리기-[object Object]": 1, "사이클-[object Object]": 1}', '2026-03-29'),
	('007851ed-3623-48a2-8bee-b2a75216e2dd', '060f6d80-8e5a-472a-b89f-8a72c54f0b9d', 'a7affb21-004f-4e21-869f-fc1dc0c6ad50', '91673d9d-eb77-4db3-959e-6d320beb3920', 3.4, 2026, 3, '2026-03-31 06:35:09.59746+00', '{"수영": 200, "헬스": 1, "계단-시간": 6, "계단-층수": 20, "달리기-러닝": 1, "사이클-실내": 5, "사이클-실외": 3, "계단-[object Object]": 1, "달리기-트레드밀": 1, "복싱-[object Object]": 1, "요가-[object Object]": 1, "달리기-[object Object]": 1, "사이클-[object Object]": 1}', '2026-03-20'),
	('8347bd92-cdf7-4acd-b0b1-d4c117b3fda7', 'd7678799-2e08-4ae8-a579-f8151a732b59', '22325c33-2ee2-47d2-a493-eb96a4635d88', 'fc18429b-a83f-4e84-b85f-21196eef0f1c', 5.24, 2026, 3, '2026-03-25 03:46:23.744485+00', '{"계단": 20, "수영": 200, "요가-일반": 1, "달리기-러닝": 1, "복싱-스파링": 1, "사이클-실내": 5, "사이클-실외": 3, "달리기-트레드밀": 1, "복싱-샌드백/미트": 1, "요가-빈야사/아쉬탕가": 1}', '2026-03-15'),
	('5e152414-1f45-4709-9f13-23c6bfc0c86a', 'fbe91eb6-d0bb-46cb-901e-c6c20ccdb0e4', 'a7affb21-004f-4e21-869f-fc1dc0c6ad50', '91673d9d-eb77-4db3-959e-6d320beb3920', 3.4, 2026, 3, '2026-03-20 13:52:16.832808+00', '{"계단": 20, "수영": 200, "요가-일반": 1, "달리기-러닝": 1, "복싱-스파링": 1, "사이클-실내": 5, "사이클-실외": 3, "줄넘기-쌩쌩이": 1, "달리기-트레드밀": 1, "줄넘기-뒤로뛰기": 1, "줄넘기-한발뛰기": 1, "복싱-샌드백/미트": 1, "요가-빈야사/아쉬탕가": 1}', '2026-03-20'),
	('a320ad84-27f9-4d65-9f4d-d03399ea5a3d', 'd7678799-2e08-4ae8-a579-f8151a732b59', 'ab848810-deb1-4519-993e-5125d37254dd', '48941b2d-35ea-4d6a-9cb9-0f9e9421f31f', 7, 2026, 3, '2026-03-25 03:46:23.599549+00', '{"계단": 20, "수영": 200, "요가-일반": 1, "달리기-러닝": 1, "복싱-스파링": 1, "사이클-실내": 5, "사이클-실외": 3, "달리기-트레드밀": 1, "복싱-샌드백/미트": 1, "요가-빈야사/아쉬탕가": 1}', '2026-03-22'),
	('5fd077af-80be-4606-8f2d-236ba5e6058f', 'fbe91eb6-d0bb-46cb-901e-c6c20ccdb0e4', 'decc81fc-c82f-4785-a427-6ffa0ab62b57', '91673d9d-eb77-4db3-959e-6d320beb3920', 21.1, 2026, 3, '2026-03-29 03:10:30.510548+00', '{"계단": 20, "수영": 200, "요가-일반": 1, "달리기-러닝": 1, "복싱-스파링": 1, "사이클-실내": 5, "사이클-실외": 3, "줄넘기-쌩쌩이": 1, "달리기-트레드밀": 1, "줄넘기-뒤로뛰기": 1, "줄넘기-한발뛰기": 1, "복싱-샌드백/미트": 1, "요가-빈야사/아쉬탕가": 1}', NULL),
	('20927c14-635e-4e6e-a18c-019570afb7ad', 'c71fcfd9-35a7-4fb7-a5d3-1885e0e9df45', 'c3d5b8f3-27c7-4e45-b14d-ac2b97f91ab9', 'fc18429b-a83f-4e84-b85f-21196eef0f1c', 5.07, 2026, 3, '2026-03-31 09:54:17.30304+00', '{"계단": 19.9, "수영": 200, "헬스": 1, "요가-일반": 1, "달리기-러닝": 1, "복싱-스파링": 1, "사이클-실내": 5, "사이클-실외": 3, "계단-[object Object]": 1, "달리기-트레드밀": 1, "복싱-[object Object]": 1, "요가-[object Object]": 1, "복싱-샌드백/미트": 1, "달리기-[object Object]": 1, "사이클-[object Object]": 1, "요가-빈야사/아쉬탕가": 1}', NULL),
	('52f7281c-88a9-4514-97e1-7f51e0e4e9d3', '7a7f0e83-494c-4d38-aee9-b4009e8f00b2', 'c3d5b8f3-27c7-4e45-b14d-ac2b97f91ab9', 'fc18429b-a83f-4e84-b85f-21196eef0f1c', 5.07, 2026, 3, '2026-03-31 09:54:17.406249+00', '{"계단": 20, "수영": 200, "헬스": 1, "요가-일반": 20, "달리기-러닝": 1, "복싱-스파링": 5, "사이클-실내": 2.5, "사이클-실외": 2.5, "계단-[object Object]": 1, "달리기-트레드밀": 1, "복싱-[object Object]": 1, "요가-[object Object]": 1, "복싱-샌드백/미트": 8, "달리기-[object Object]": 1, "사이클-[object Object]": 1, "요가-빈야사/아쉬탕가": 15}', NULL),
	('d0334d49-f1bd-4995-afed-ce493b58b721', '060f6d80-8e5a-472a-b89f-8a72c54f0b9d', '0461ada2-627f-485c-9208-ca2d731f1c02', '8ada6a16-06a2-4668-b46a-d7214b840f92', 5.75, 2026, 3, '2026-03-31 06:35:09.592818+00', '{"수영": 200, "헬스": 1, "계단-시간": 6, "계단-층수": 20, "달리기-러닝": 1, "사이클-실내": 5, "사이클-실외": 3, "계단-[object Object]": 1, "달리기-트레드밀": 1, "복싱-[object Object]": 1, "요가-[object Object]": 1, "달리기-[object Object]": 1, "사이클-[object Object]": 1}', '2026-03-23'),
	('6fcbded4-005a-40c8-b071-d96fe0b53e65', '060f6d80-8e5a-472a-b89f-8a72c54f0b9d', '19e203c3-b2f9-49e4-8e50-2423cac0c9d2', 'fc18429b-a83f-4e84-b85f-21196eef0f1c', 5.63, 2026, 3, '2026-03-31 06:35:09.354813+00', '{"수영": 200, "헬스": 1, "계단-시간": 6, "계단-층수": 20, "달리기-러닝": 1, "사이클-실내": 5, "사이클-실외": 3, "계단-[object Object]": 1, "달리기-트레드밀": 1, "복싱-[object Object]": 1, "요가-[object Object]": 1, "달리기-[object Object]": 1, "사이클-[object Object]": 1}', '2026-03-18'),
	('32954787-9424-4135-aff7-a4e47af2bab2', '060f6d80-8e5a-472a-b89f-8a72c54f0b9d', 'b6ef99fb-d160-45dc-9346-c0afe263baa4', 'fc18429b-a83f-4e84-b85f-21196eef0f1c', 4.02, 2026, 3, '2026-03-31 06:35:09.537298+00', '{"수영": 200, "헬스": 1, "계단-시간": 6, "계단-층수": 20, "달리기-러닝": 1, "사이클-실내": 5, "사이클-실외": 3, "계단-[object Object]": 1, "달리기-트레드밀": 1, "복싱-[object Object]": 1, "요가-[object Object]": 1, "달리기-[object Object]": 1, "사이클-[object Object]": 1}', '2026-03-14'),
	('5155ba1d-ef3b-4683-9607-16b3768cda7f', '060f6d80-8e5a-472a-b89f-8a72c54f0b9d', '145b0ec0-b949-4784-94ea-8944807a889b', '91673d9d-eb77-4db3-959e-6d320beb3920', 7.4, 2026, 3, '2026-03-31 06:35:09.608074+00', '{"수영": 200, "헬스": 1, "계단-시간": 6, "계단-층수": 20, "달리기-러닝": 1, "사이클-실내": 5, "사이클-실외": 3, "계단-[object Object]": 1, "달리기-트레드밀": 1, "복싱-[object Object]": 1, "요가-[object Object]": 1, "달리기-[object Object]": 1, "사이클-[object Object]": 1}', '2026-03-08'),
	('20b3889f-2456-465a-82d9-c83154295469', 'd7678799-2e08-4ae8-a579-f8151a732b59', '160f6fee-b99d-4ea6-b73f-2389770264ce', 'fc18429b-a83f-4e84-b85f-21196eef0f1c', 5.79, 2026, 3, '2026-03-25 03:46:23.60175+00', '{"계단": 20, "수영": 200, "요가-일반": 1, "달리기-러닝": 1, "복싱-스파링": 1, "사이클-실내": 5, "사이클-실외": 3, "달리기-트레드밀": 1, "복싱-샌드백/미트": 1, "요가-빈야사/아쉬탕가": 1}', '2026-03-23'),
	('6ed7776c-66e4-4223-b6c7-e836643cf5d3', 'fbe91eb6-d0bb-46cb-901e-c6c20ccdb0e4', 'c7129479-ecd3-4ca0-b5bd-fe719c04f557', 'fbd7f27f-74fa-4d86-bf06-c908cd28e5d4', 4, 2026, 3, '2026-03-29 04:48:30.786769+00', '{"계단": 20, "수영": 200, "요가-일반": 1, "달리기-러닝": 1, "복싱-스파링": 1, "사이클-실내": 5, "사이클-실외": 3, "줄넘기-쌩쌩이": 1, "달리기-트레드밀": 1, "줄넘기-뒤로뛰기": 1, "줄넘기-한발뛰기": 1, "복싱-샌드백/미트": 1, "요가-빈야사/아쉬탕가": 1}', NULL),
	('62375373-53ed-4b25-9af1-98147b80b369', 'c71fcfd9-35a7-4fb7-a5d3-1885e0e9df45', 'ce211746-f9a2-4d37-bdcd-a739df73c4a5', '23056843-6aa4-4fda-8949-23972cf06223', 5, 2026, 3, '2026-03-19 16:30:25.841119+00', '{"계단": 19.9, "수영": 200, "요가-일반": 1, "달리기-러닝": 1, "복싱-스파링": 1, "사이클-실내": 5, "사이클-실외": 3, "달리기-트레드밀": 1, "복싱-샌드백/미트": 1, "요가-빈야사/아쉬탕가": 1}', '2026-03-17'),
	('0993e922-e0cc-42d7-87d8-8bbed547c15e', '060f6d80-8e5a-472a-b89f-8a72c54f0b9d', '12af2361-1d72-430f-9ab4-d0bf7d6f8c80', '91673d9d-eb77-4db3-959e-6d320beb3920', 10.01, 2026, 3, '2026-03-31 06:35:09.637856+00', '{"수영": 200, "헬스": 1, "계단-시간": 6, "계단-층수": 20, "달리기-러닝": 1, "사이클-실내": 5, "사이클-실외": 3, "계단-[object Object]": 1, "달리기-트레드밀": 1, "복싱-[object Object]": 1, "요가-[object Object]": 1, "달리기-[object Object]": 1, "사이클-[object Object]": 1}', '2026-03-21'),
	('3980656a-753f-4169-8bde-b04c1beae696', '060f6d80-8e5a-472a-b89f-8a72c54f0b9d', 'c3d5b8f3-27c7-4e45-b14d-ac2b97f91ab9', 'fc18429b-a83f-4e84-b85f-21196eef0f1c', 5.07, 2026, 3, '2026-03-31 09:54:17.40707+00', '{"수영": 200, "헬스": 1, "계단-시간": 6, "계단-층수": 20, "달리기-러닝": 1, "사이클-실내": 5, "사이클-실외": 3, "계단-[object Object]": 1, "달리기-트레드밀": 1, "복싱-[object Object]": 1, "요가-[object Object]": 1, "달리기-[object Object]": 1, "사이클-[object Object]": 1}', '2026-03-31'),
	('06082906-e4ca-4930-8ea9-65dae7439741', '060f6d80-8e5a-472a-b89f-8a72c54f0b9d', '005f251b-3350-424e-a13f-7512ff120a78', 'fc18429b-a83f-4e84-b85f-21196eef0f1c', 4.31, 2026, 3, '2026-03-31 06:35:09.548491+00', '{"수영": 200, "헬스": 1, "계단-시간": 6, "계단-층수": 20, "달리기-러닝": 1, "사이클-실내": 5, "사이클-실외": 3, "계단-[object Object]": 1, "달리기-트레드밀": 1, "복싱-[object Object]": 1, "요가-[object Object]": 1, "달리기-[object Object]": 1, "사이클-[object Object]": 1}', '2026-03-20'),
	('3b1b57eb-3570-4f7a-a08d-4a81a9fbe27e', '9e167825-d313-4a68-821a-b597cdb5d356', 'c3d5b8f3-27c7-4e45-b14d-ac2b97f91ab9', 'fc18429b-a83f-4e84-b85f-21196eef0f1c', 5.07, 2026, 3, '2026-03-31 09:54:17.325401+00', '{"계단": 20, "수영": 200, "헬스": 1, "요가-일반": 1, "달리기-러닝": 1, "복싱-스파링": 1, "사이클-실내": 5, "사이클-실외": 3, "계단-[object Object]": 1, "달리기-트레드밀": 1, "복싱-[object Object]": 1, "요가-[object Object]": 1, "복싱-샌드백/미트": 1, "달리기-[object Object]": 1, "사이클-[object Object]": 1, "요가-빈야사/아쉬탕가": 1}', NULL),
	('56278e4a-7d61-4d62-998d-234c67d72062', '060f6d80-8e5a-472a-b89f-8a72c54f0b9d', 'cca37bf5-9b47-4891-85d6-1cef759999a6', 'a9bbbbe7-b415-4290-9bcb-31ac341fea45', 2, 2026, 3, '2026-03-31 06:35:09.655115+00', '{"수영": 200, "헬스": 1, "계단-시간": 6, "계단-층수": 20, "달리기-러닝": 1, "사이클-실내": 5, "사이클-실외": 3, "계단-[object Object]": 1, "달리기-트레드밀": 1, "복싱-[object Object]": 1, "요가-[object Object]": 1, "달리기-[object Object]": 1, "사이클-[object Object]": 1}', '2026-03-27'),
	('390d93b2-2a17-4cb5-88a9-9d818d1bac24', '060f6d80-8e5a-472a-b89f-8a72c54f0b9d', '0ef1e789-e0ee-4080-801a-a4745237b455', '8ada6a16-06a2-4668-b46a-d7214b840f92', 7, 2026, 3, '2026-03-31 06:35:09.596981+00', '{"수영": 200, "헬스": 1, "계단-시간": 6, "계단-층수": 20, "달리기-러닝": 1, "사이클-실내": 5, "사이클-실외": 3, "계단-[object Object]": 1, "달리기-트레드밀": 1, "복싱-[object Object]": 1, "요가-[object Object]": 1, "달리기-[object Object]": 1, "사이클-[object Object]": 1}', '2026-03-30'),
	('70f48cee-0db5-40ab-9644-32a956078a5e', '060f6d80-8e5a-472a-b89f-8a72c54f0b9d', '627c8419-9e9f-40e3-b9d9-128dcea7eaab', '8ada6a16-06a2-4668-b46a-d7214b840f92', 5.875, 2026, 3, '2026-03-31 06:35:09.672088+00', '{"수영": 200, "헬스": 1, "계단-시간": 6, "계단-층수": 20, "달리기-러닝": 1, "사이클-실내": 5, "사이클-실외": 3, "계단-[object Object]": 1, "달리기-트레드밀": 1, "복싱-[object Object]": 1, "요가-[object Object]": 1, "달리기-[object Object]": 1, "사이클-[object Object]": 1}', '2026-03-18'),
	('6fe569d2-a271-4f0d-9904-36bc5ce88a5c', '060f6d80-8e5a-472a-b89f-8a72c54f0b9d', '7aa80045-2116-4d0b-a304-7a7c4a621e3f', 'fc18429b-a83f-4e84-b85f-21196eef0f1c', 4.03, 2026, 3, '2026-03-31 06:35:09.358355+00', '{"수영": 200, "헬스": 1, "계단-시간": 6, "계단-층수": 20, "달리기-러닝": 1, "사이클-실내": 5, "사이클-실외": 3, "계단-[object Object]": 1, "달리기-트레드밀": 1, "복싱-[object Object]": 1, "요가-[object Object]": 1, "달리기-[object Object]": 1, "사이클-[object Object]": 1}', '2026-03-12'),
	('b16d22ba-3bbd-4298-af19-dc40b8fe2134', 'd7678799-2e08-4ae8-a579-f8151a732b59', '6e13a77c-5055-420e-b547-56275ac733de', 'fc18429b-a83f-4e84-b85f-21196eef0f1c', 4, 2026, 3, '2026-03-25 03:46:23.632265+00', '{"계단": 20, "수영": 200, "요가-일반": 1, "달리기-러닝": 1, "복싱-스파링": 1, "사이클-실내": 5, "사이클-실외": 3, "달리기-트레드밀": 1, "복싱-샌드백/미트": 1, "요가-빈야사/아쉬탕가": 1}', '2026-03-03'),
	('a693f061-99ac-4a76-9851-e397b4d534bf', 'd7678799-2e08-4ae8-a579-f8151a732b59', '91b433d1-acf9-4352-b360-fbc1602e8f8f', '48941b2d-35ea-4d6a-9cb9-0f9e9421f31f', 5, 2026, 3, '2026-03-25 03:46:23.757987+00', '{"계단": 20, "수영": 200, "요가-일반": 1, "달리기-러닝": 1, "복싱-스파링": 1, "사이클-실내": 5, "사이클-실외": 3, "달리기-트레드밀": 1, "복싱-샌드백/미트": 1, "요가-빈야사/아쉬탕가": 1}', '2026-03-23'),
	('1de33634-c32b-4402-88cc-6cb2c0f81024', 'c71fcfd9-35a7-4fb7-a5d3-1885e0e9df45', 'f6aefaa0-7635-4fc8-acc2-270fdc3b9576', '984e1ba5-ac0a-4f0b-a04c-2ed6d8099c00', 5, 2026, 3, '2026-03-19 16:30:25.724007+00', '{"계단": 19.9, "수영": 200, "요가-일반": 1, "달리기-러닝": 1, "복싱-스파링": 1, "사이클-실내": 5, "사이클-실외": 3, "달리기-트레드밀": 1, "복싱-샌드백/미트": 1, "요가-빈야사/아쉬탕가": 1}', '2026-03-18'),
	('af63586a-b0b1-4e5b-bb9f-a3d94833625a', 'd7678799-2e08-4ae8-a579-f8151a732b59', 'c90f8ef1-00e6-44e3-afd4-58b25dd21ff5', '1fc15443-a8aa-4653-9e70-802b2b2855ed', 15.2, 2026, 3, '2026-03-29 08:23:46.443488+00', '{"계단": 20, "수영": 200, "요가-일반": 1, "달리기-러닝": 1, "복싱-스파링": 1, "사이클-실내": 5, "사이클-실외": 3, "달리기-트레드밀": 1, "복싱-샌드백/미트": 1, "요가-빈야사/아쉬탕가": 1}', NULL),
	('d0ecfb92-c884-4c66-9414-c0ab4d40e6d7', '060f6d80-8e5a-472a-b89f-8a72c54f0b9d', '7229d9d2-fab6-4205-89ab-3ae77c2c8aa0', '91673d9d-eb77-4db3-959e-6d320beb3920', 2.44, 2026, 3, '2026-03-31 06:35:09.595604+00', '{"수영": 200, "헬스": 1, "계단-시간": 6, "계단-층수": 20, "달리기-러닝": 1, "사이클-실내": 5, "사이클-실외": 3, "계단-[object Object]": 1, "달리기-트레드밀": 1, "복싱-[object Object]": 1, "요가-[object Object]": 1, "달리기-[object Object]": 1, "사이클-[object Object]": 1}', '2026-03-27'),
	('32e295ab-7662-4f17-aa27-4227552644fb', '30d9ad61-1395-4824-b2e1-bdd30c70b72d', 'c3d5b8f3-27c7-4e45-b14d-ac2b97f91ab9', 'fc18429b-a83f-4e84-b85f-21196eef0f1c', 5.07, 2026, 3, '2026-03-31 09:54:17.392609+00', '{"계단": 0.05, "수영": 0.005, "헬스": 1, "달리기-러닝": 1, "사이클-실내": 0.2, "사이클-실외": 0.333, "계단-[object Object]": 1, "달리기-트레드밀": 1, "복싱-[object Object]": 1, "요가-[object Object]": 1, "달리기-[object Object]": 1, "사이클-[object Object]": 1}', NULL),
	('d8c59719-bea8-428e-a125-a456ecfa23ca', 'd20f1283-5379-4f78-9ec6-7cef09ab1964', 'c3d5b8f3-27c7-4e45-b14d-ac2b97f91ab9', 'fc18429b-a83f-4e84-b85f-21196eef0f1c', 5.07, 2026, 3, '2026-03-31 09:54:17.424806+00', '{"계단": 20, "수영": 200, "헬스": 1, "요가-일반": 3.27, "달리기-러닝": 1, "복싱-스파링": 0.77, "사이클-실내": 5, "사이클-실외": 3, "계단-[object Object]": 1, "달리기-트레드밀": 1, "복싱-[object Object]": 1, "요가-[object Object]": 1, "복싱-샌드백/미트": 1.78, "달리기-[object Object]": 1, "사이클-[object Object]": 1, "요가-빈야사/아쉬탕가": 2.45}', NULL),
	('8d0d2b40-cb69-45d0-948d-ab2e7ba39490', '060f6d80-8e5a-472a-b89f-8a72c54f0b9d', '071301c7-4d45-419f-9be6-97069ad6cdab', 'fc18429b-a83f-4e84-b85f-21196eef0f1c', 7.31, 2026, 3, '2026-03-31 06:35:09.671708+00', '{"수영": 200, "헬스": 1, "계단-시간": 6, "계단-층수": 20, "달리기-러닝": 1, "사이클-실내": 5, "사이클-실외": 3, "계단-[object Object]": 1, "달리기-트레드밀": 1, "복싱-[object Object]": 1, "요가-[object Object]": 1, "달리기-[object Object]": 1, "사이클-[object Object]": 1}', '2026-03-29'),
	('fe881a71-6dcf-430c-88e5-4a45aab32654', '060f6d80-8e5a-472a-b89f-8a72c54f0b9d', 'd3a7c4b6-3667-4f2b-bbd0-e4c6f1642e21', 'a9bbbbe7-b415-4290-9bcb-31ac341fea45', 7.5, 2026, 3, '2026-03-31 06:35:09.66348+00', '{"수영": 200, "헬스": 1, "계단-시간": 6, "계단-층수": 20, "달리기-러닝": 1, "사이클-실내": 5, "사이클-실외": 3, "계단-[object Object]": 1, "달리기-트레드밀": 1, "복싱-[object Object]": 1, "요가-[object Object]": 1, "달리기-[object Object]": 1, "사이클-[object Object]": 1}', '2026-03-29'),
	('f1bef8eb-6242-40a5-840f-8c820407b9ce', '060f6d80-8e5a-472a-b89f-8a72c54f0b9d', '92ac3b70-a084-4c95-8933-18bb4af71326', '8ada6a16-06a2-4668-b46a-d7214b840f92', 6, 2026, 3, '2026-03-31 06:35:09.642192+00', '{"수영": 200, "헬스": 1, "계단-시간": 6, "계단-층수": 20, "달리기-러닝": 1, "사이클-실내": 5, "사이클-실외": 3, "계단-[object Object]": 1, "달리기-트레드밀": 1, "복싱-[object Object]": 1, "요가-[object Object]": 1, "달리기-[object Object]": 1, "사이클-[object Object]": 1}', '2026-03-16'),
	('3a56664a-eef5-4272-8f79-5ba59c42b1b5', '060f6d80-8e5a-472a-b89f-8a72c54f0b9d', '0d69e1dc-c433-4a54-9c81-62f4198a6c87', '48941b2d-35ea-4d6a-9cb9-0f9e9421f31f', 22.6, 2026, 3, '2026-03-31 06:35:09.628731+00', '{"수영": 200, "헬스": 1, "계단-시간": 6, "계단-층수": 20, "달리기-러닝": 1, "사이클-실내": 5, "사이클-실외": 3, "계단-[object Object]": 1, "달리기-트레드밀": 1, "복싱-[object Object]": 1, "요가-[object Object]": 1, "달리기-[object Object]": 1, "사이클-[object Object]": 1}', '2026-03-28'),
	('d2180d00-f29a-4c97-9a48-44419d1f0bbc', 'd7678799-2e08-4ae8-a579-f8151a732b59', '99596581-742f-4947-83bf-a0eb2beb64f2', '48941b2d-35ea-4d6a-9cb9-0f9e9421f31f', 20, 2026, 3, '2026-03-25 03:46:23.657851+00', '{"계단": 20, "수영": 200, "요가-일반": 1, "달리기-러닝": 1, "복싱-스파링": 1, "사이클-실내": 5, "사이클-실외": 3, "달리기-트레드밀": 1, "복싱-샌드백/미트": 1, "요가-빈야사/아쉬탕가": 1}', '2026-03-22'),
	('1eaab345-2844-4799-aa90-f7aeb28bfe59', '7a7f0e83-494c-4d38-aee9-b4009e8f00b2', 'd51c3631-65f4-4199-9369-b516d4681be2', 'fc18429b-a83f-4e84-b85f-21196eef0f1c', 3.06, 2026, 3, '2026-03-19 16:14:57.86311+00', '{"계단": 20, "수영": 200, "요가-일반": 20, "달리기-러닝": 1, "복싱-스파링": 5, "사이클-실내": 2.5, "사이클-실외": 2.5, "달리기-트레드밀": 1, "복싱-샌드백/미트": 8, "요가-빈야사/아쉬탕가": 15}', '2026-03-11'),
	('f190b917-3e94-477f-97ba-2cee72a4c5ca', '7a7f0e83-494c-4d38-aee9-b4009e8f00b2', 'deb4e708-9862-4773-9080-891fd739d308', '46375228-6ece-4af9-a20d-79a9c1a29193', 3.3333333333333335, 2026, 3, '2026-03-24 01:43:00.1884+00', '{"계단": 20, "수영": 200, "요가-일반": 20, "달리기-러닝": 1, "복싱-스파링": 5, "사이클-실내": 2.5, "사이클-실외": 2.5, "달리기-트레드밀": 1, "복싱-샌드백/미트": 8, "요가-빈야사/아쉬탕가": 15}', '2026-03-23'),
	('8f553416-9bf1-4d75-9db7-ed25a11f0686', '7a7f0e83-494c-4d38-aee9-b4009e8f00b2', '22325c33-2ee2-47d2-a493-eb96a4635d88', 'fc18429b-a83f-4e84-b85f-21196eef0f1c', 5.24, 2026, 3, '2026-03-19 16:14:57.873452+00', '{"계단": 20, "수영": 200, "요가-일반": 20, "달리기-러닝": 1, "복싱-스파링": 5, "사이클-실내": 2.5, "사이클-실외": 2.5, "달리기-트레드밀": 1, "복싱-샌드백/미트": 8, "요가-빈야사/아쉬탕가": 15}', '2026-03-15'),
	('b5d9999e-db29-47f5-83fe-7da5340b9f9b', '7a7f0e83-494c-4d38-aee9-b4009e8f00b2', '2127c8a1-06bd-4404-a313-0b4c190b8e75', '869e9ba6-f4b1-496e-9735-a391c7022be8', 3.5, 2026, 3, '2026-03-19 16:14:57.864729+00', '{"계단": 20, "수영": 200, "요가-일반": 20, "달리기-러닝": 1, "복싱-스파링": 5, "사이클-실내": 2.5, "사이클-실외": 2.5, "달리기-트레드밀": 1, "복싱-샌드백/미트": 8, "요가-빈야사/아쉬탕가": 15}', '2026-03-19'),
	('9b14cc37-3a8b-4469-8b6f-ed90459d86ee', 'fbe91eb6-d0bb-46cb-901e-c6c20ccdb0e4', 'b6ef99fb-d160-45dc-9346-c0afe263baa4', 'fc18429b-a83f-4e84-b85f-21196eef0f1c', 4.02, 2026, 3, '2026-03-19 16:14:32.338845+00', '{"계단": 20, "수영": 200, "요가-일반": 1, "달리기-러닝": 1, "복싱-스파링": 1, "사이클-실내": 5, "사이클-실외": 3, "줄넘기-쌩쌩이": 1, "달리기-트레드밀": 1, "줄넘기-뒤로뛰기": 1, "줄넘기-한발뛰기": 1, "복싱-샌드백/미트": 1, "요가-빈야사/아쉬탕가": 1}', '2026-03-14'),
	('4d585e3e-b307-42cc-9953-715c6097ccfa', 'fbe91eb6-d0bb-46cb-901e-c6c20ccdb0e4', '7aa80045-2116-4d0b-a304-7a7c4a621e3f', 'fc18429b-a83f-4e84-b85f-21196eef0f1c', 4.03, 2026, 3, '2026-03-19 16:14:32.349539+00', '{"계단": 20, "수영": 200, "요가-일반": 1, "달리기-러닝": 1, "복싱-스파링": 1, "사이클-실내": 5, "사이클-실외": 3, "줄넘기-쌩쌩이": 1, "달리기-트레드밀": 1, "줄넘기-뒤로뛰기": 1, "줄넘기-한발뛰기": 1, "복싱-샌드백/미트": 1, "요가-빈야사/아쉬탕가": 1}', '2026-03-12'),
	('eaae514d-0fd6-4b49-a5bc-ec92f1f478fc', 'fbe91eb6-d0bb-46cb-901e-c6c20ccdb0e4', '22325c33-2ee2-47d2-a493-eb96a4635d88', 'fc18429b-a83f-4e84-b85f-21196eef0f1c', 5.24, 2026, 3, '2026-03-19 16:14:32.329417+00', '{"계단": 20, "수영": 200, "요가-일반": 1, "달리기-러닝": 1, "복싱-스파링": 1, "사이클-실내": 5, "사이클-실외": 3, "줄넘기-쌩쌩이": 1, "달리기-트레드밀": 1, "줄넘기-뒤로뛰기": 1, "줄넘기-한발뛰기": 1, "복싱-샌드백/미트": 1, "요가-빈야사/아쉬탕가": 1}', '2026-03-15'),
	('9c668dd2-6393-4124-8036-ecb140e681fd', 'fbe91eb6-d0bb-46cb-901e-c6c20ccdb0e4', '4beec015-3923-4604-baa0-3f1411ea3b1c', 'fbd7f27f-74fa-4d86-bf06-c908cd28e5d4', 15, 2026, 3, '2026-03-19 16:14:32.1689+00', '{"계단": 20, "수영": 200, "요가-일반": 1, "달리기-러닝": 1, "복싱-스파링": 1, "사이클-실내": 5, "사이클-실외": 3, "줄넘기-쌩쌩이": 1, "달리기-트레드밀": 1, "줄넘기-뒤로뛰기": 1, "줄넘기-한발뛰기": 1, "복싱-샌드백/미트": 1, "요가-빈야사/아쉬탕가": 1}', '2026-03-14'),
	('922854c7-7d45-492c-8f78-aa07bc1220bf', 'c71fcfd9-35a7-4fb7-a5d3-1885e0e9df45', '5384c50b-bb67-4eaf-97d9-bd15d2f43bb6', 'f0fdb89e-08bc-4679-8ad9-2e0efc11130e', 10, 2026, 3, '2026-03-23 08:23:00.866625+00', '{"계단": 19.9, "수영": 200, "요가-일반": 1, "달리기-러닝": 1, "복싱-스파링": 1, "사이클-실내": 5, "사이클-실외": 3, "달리기-트레드밀": 1, "복싱-샌드백/미트": 1, "요가-빈야사/아쉬탕가": 1}', '2026-03-22'),
	('8dea559f-70f6-4fe2-a364-8403f81472e8', 'fbe91eb6-d0bb-46cb-901e-c6c20ccdb0e4', '34aeaaa1-863b-4efa-b56c-236bd03c8d50', 'fc18429b-a83f-4e84-b85f-21196eef0f1c', 1.64, 2026, 3, '2026-03-19 16:14:32.329726+00', '{"계단": 20, "수영": 200, "요가-일반": 1, "달리기-러닝": 1, "복싱-스파링": 1, "사이클-실내": 5, "사이클-실외": 3, "줄넘기-쌩쌩이": 1, "달리기-트레드밀": 1, "줄넘기-뒤로뛰기": 1, "줄넘기-한발뛰기": 1, "복싱-샌드백/미트": 1, "요가-빈야사/아쉬탕가": 1}', '2026-03-10'),
	('426e7b41-b9fc-407b-b9a4-beee9e969eb4', '7a7f0e83-494c-4d38-aee9-b4009e8f00b2', '7aa80045-2116-4d0b-a304-7a7c4a621e3f', 'fc18429b-a83f-4e84-b85f-21196eef0f1c', 4.03, 2026, 3, '2026-03-19 16:14:57.870929+00', '{"계단": 20, "수영": 200, "요가-일반": 20, "달리기-러닝": 1, "복싱-스파링": 5, "사이클-실내": 2.5, "사이클-실외": 2.5, "달리기-트레드밀": 1, "복싱-샌드백/미트": 8, "요가-빈야사/아쉬탕가": 15}', '2026-03-12'),
	('3e2b6239-69cd-4bef-9c44-815a31704e21', '7a7f0e83-494c-4d38-aee9-b4009e8f00b2', 'da2b2f21-1372-496c-8640-dddded37c875', '46375228-6ece-4af9-a20d-79a9c1a29193', 4.5, 2026, 3, '2026-03-19 16:14:57.874557+00', '{"계단": 20, "수영": 200, "요가-일반": 20, "달리기-러닝": 1, "복싱-스파링": 5, "사이클-실내": 2.5, "사이클-실외": 2.5, "달리기-트레드밀": 1, "복싱-샌드백/미트": 8, "요가-빈야사/아쉬탕가": 15}', '2026-03-13'),
	('c288bb78-5c06-44e2-a387-07dd5fc638ae', '7a7f0e83-494c-4d38-aee9-b4009e8f00b2', '6e13a77c-5055-420e-b547-56275ac733de', 'fc18429b-a83f-4e84-b85f-21196eef0f1c', 4, 2026, 3, '2026-03-19 16:14:57.870489+00', '{"계단": 20, "수영": 200, "요가-일반": 20, "달리기-러닝": 1, "복싱-스파링": 5, "사이클-실내": 2.5, "사이클-실외": 2.5, "달리기-트레드밀": 1, "복싱-샌드백/미트": 8, "요가-빈야사/아쉬탕가": 15}', '2026-03-03'),
	('2f45024f-bd83-448d-8f28-9384cda13f81', 'd7678799-2e08-4ae8-a579-f8151a732b59', 'c17ec94c-6c58-43e7-9267-9c739a41fda6', '1fc15443-a8aa-4653-9e70-802b2b2855ed', 11.2, 2026, 3, '2026-03-29 08:24:04.792252+00', '{"계단": 20, "수영": 200, "요가-일반": 1, "달리기-러닝": 1, "복싱-스파링": 1, "사이클-실내": 5, "사이클-실외": 3, "달리기-트레드밀": 1, "복싱-샌드백/미트": 1, "요가-빈야사/아쉬탕가": 1}', NULL),
	('d26a93e5-7bcf-4235-a99b-b47e89f484f5', 'c71fcfd9-35a7-4fb7-a5d3-1885e0e9df45', 'f39f0657-6a3a-4acd-89c6-ab11eff3c5fd', 'f0fdb89e-08bc-4679-8ad9-2e0efc11130e', 3, 2026, 3, '2026-03-23 08:33:01.938498+00', '{"계단": 19.9, "수영": 200, "요가-일반": 1, "달리기-러닝": 1, "복싱-스파링": 1, "사이클-실내": 5, "사이클-실외": 3, "달리기-트레드밀": 1, "복싱-샌드백/미트": 1, "요가-빈야사/아쉬탕가": 1}', '2026-03-23'),
	('d1c852a2-18d8-4e8b-83cf-ad7e6c04b76e', 'c71fcfd9-35a7-4fb7-a5d3-1885e0e9df45', 'ab848810-deb1-4519-993e-5125d37254dd', '48941b2d-35ea-4d6a-9cb9-0f9e9421f31f', 7, 2026, 3, '2026-03-23 09:20:28.339279+00', '{"계단": 19.9, "수영": 200, "요가-일반": 1, "달리기-러닝": 1, "복싱-스파링": 1, "사이클-실내": 5, "사이클-실외": 3, "달리기-트레드밀": 1, "복싱-샌드백/미트": 1, "요가-빈야사/아쉬탕가": 1}', '2026-03-22'),
	('ecc8c8cd-e039-4fd7-bcde-1106e727a3ab', 'c71fcfd9-35a7-4fb7-a5d3-1885e0e9df45', 'd3ba7dc0-bbf8-4cf2-84cc-a4fce0d1df7b', '8da60434-0146-4854-b38f-4908e51f07b2', 5, 2026, 3, '2026-03-19 16:30:25.704003+00', '{"계단": 19.9, "수영": 200, "요가-일반": 1, "달리기-러닝": 1, "복싱-스파링": 1, "사이클-실내": 5, "사이클-실외": 3, "달리기-트레드밀": 1, "복싱-샌드백/미트": 1, "요가-빈야사/아쉬탕가": 1}', '2026-03-11'),
	('76003e20-48c6-425d-bc21-6bd6ae9aeee7', 'c71fcfd9-35a7-4fb7-a5d3-1885e0e9df45', '31375b88-984b-4a19-a245-c7d7f48bfadb', '89fc76db-73f7-4233-822a-21900b3ff393', 5, 2026, 3, '2026-03-19 16:30:25.703415+00', '{"계단": 19.9, "수영": 200, "요가-일반": 1, "달리기-러닝": 1, "복싱-스파링": 1, "사이클-실내": 5, "사이클-실외": 3, "달리기-트레드밀": 1, "복싱-샌드백/미트": 1, "요가-빈야사/아쉬탕가": 1}', '2026-03-09'),
	('d8752b7f-fe2d-4307-ac96-3189fffab8d6', 'c71fcfd9-35a7-4fb7-a5d3-1885e0e9df45', 'd0fa32f5-e41e-4d71-97b9-5768529b65b6', '3ae34e39-2f18-4d76-b405-eedb5e2b4ede', 5, 2026, 3, '2026-03-19 16:30:25.652384+00', '{"계단": 19.9, "수영": 200, "요가-일반": 1, "달리기-러닝": 1, "복싱-스파링": 1, "사이클-실내": 5, "사이클-실외": 3, "달리기-트레드밀": 1, "복싱-샌드백/미트": 1, "요가-빈야사/아쉬탕가": 1}', '2026-03-04'),
	('d4831539-cd08-4e96-bc91-6cf6a419a94e', 'c71fcfd9-35a7-4fb7-a5d3-1885e0e9df45', 'd40bb2af-7ab5-48f2-9dac-79d1df016c70', '8ada6a16-06a2-4668-b46a-d7214b840f92', 6.5, 2026, 3, '2026-03-24 01:44:53.024796+00', '{"계단": 19.9, "수영": 200, "요가-일반": 1, "달리기-러닝": 1, "복싱-스파링": 1, "사이클-실내": 5, "사이클-실외": 3, "달리기-트레드밀": 1, "복싱-샌드백/미트": 1, "요가-빈야사/아쉬탕가": 1}', '2026-03-14'),
	('5bfb391b-b8e4-4e80-81bd-bfad7c187d25', 'c71fcfd9-35a7-4fb7-a5d3-1885e0e9df45', '0461ada2-627f-485c-9208-ca2d731f1c02', '8ada6a16-06a2-4668-b46a-d7214b840f92', 5.75, 2026, 3, '2026-03-24 01:44:53.07339+00', '{"계단": 19.9, "수영": 200, "요가-일반": 1, "달리기-러닝": 1, "복싱-스파링": 1, "사이클-실내": 5, "사이클-실외": 3, "달리기-트레드밀": 1, "복싱-샌드백/미트": 1, "요가-빈야사/아쉬탕가": 1}', '2026-03-23'),
	('03961dea-f7e8-4218-90c5-3d0d6c519c82', 'c71fcfd9-35a7-4fb7-a5d3-1885e0e9df45', 'e3fbd4db-6a87-4881-81c5-9fc766ab24c1', 'b7d9b890-661a-4b75-bde5-a396a1e2cb8d', 5, 2026, 3, '2026-03-19 16:30:25.92411+00', '{"계단": 19.9, "수영": 200, "요가-일반": 1, "달리기-러닝": 1, "복싱-스파링": 1, "사이클-실내": 5, "사이클-실외": 3, "달리기-트레드밀": 1, "복싱-샌드백/미트": 1, "요가-빈야사/아쉬탕가": 1}', '2026-03-20'),
	('fcc824c1-cd09-460a-8aef-e309bdc9d6b9', 'c71fcfd9-35a7-4fb7-a5d3-1885e0e9df45', '2832a5e6-b00d-46e2-9af4-37b186bcb465', '1f180ff6-e21a-4933-95d3-ca1f4530c577', 5, 2026, 3, '2026-03-19 16:30:25.881075+00', '{"계단": 19.9, "수영": 200, "요가-일반": 1, "달리기-러닝": 1, "복싱-스파링": 1, "사이클-실내": 5, "사이클-실외": 3, "달리기-트레드밀": 1, "복싱-샌드백/미트": 1, "요가-빈야사/아쉬탕가": 1}', '2026-03-26'),
	('9c9c75dc-3b1d-425b-8bee-078e55bc3fa4', 'c71fcfd9-35a7-4fb7-a5d3-1885e0e9df45', 'd2d397e0-2bfd-42ce-b104-a828e6a9e811', '470bb464-4649-45e2-85e8-4e7e71d0b759', 5, 2026, 3, '2026-03-19 16:30:25.662916+00', '{"계단": 19.9, "수영": 200, "요가-일반": 1, "달리기-러닝": 1, "복싱-스파링": 1, "사이클-실내": 5, "사이클-실외": 3, "달리기-트레드밀": 1, "복싱-샌드백/미트": 1, "요가-빈야사/아쉬탕가": 1}', '2026-03-05'),
	('126a4601-cfc5-49c6-b1a2-1e7041818d0f', 'c71fcfd9-35a7-4fb7-a5d3-1885e0e9df45', '3b347c6f-fc47-4048-b80f-394e1e7ac12e', 'ff26409c-6916-402d-bad6-dafeaf50c063', 5, 2026, 3, '2026-03-19 16:30:25.868086+00', '{"계단": 19.9, "수영": 200, "요가-일반": 1, "달리기-러닝": 1, "복싱-스파링": 1, "사이클-실내": 5, "사이클-실외": 3, "달리기-트레드밀": 1, "복싱-샌드백/미트": 1, "요가-빈야사/아쉬탕가": 1}', '2026-03-27'),
	('f0ca7938-bab8-4f81-830a-35a6e49d4cc2', 'c71fcfd9-35a7-4fb7-a5d3-1885e0e9df45', '25b8c7b8-4ed8-4074-b008-31691f4ade69', '578c6642-a251-46b5-84ad-8db31549f952', 5, 2026, 3, '2026-03-19 16:30:25.916463+00', '{"계단": 19.9, "수영": 200, "요가-일반": 1, "달리기-러닝": 1, "복싱-스파링": 1, "사이클-실내": 5, "사이클-실외": 3, "달리기-트레드밀": 1, "복싱-샌드백/미트": 1, "요가-빈야사/아쉬탕가": 1}', '2026-03-10'),
	('74552507-229a-4b9e-86cb-7857bc720bbf', 'c71fcfd9-35a7-4fb7-a5d3-1885e0e9df45', '6db3ee70-0b3a-4fe0-a15e-edc66aa2efec', '26a1d647-b64f-4b55-beb8-7b5d61e39383', 5, 2026, 3, '2026-03-19 16:30:25.846861+00', '{"계단": 19.9, "수영": 200, "요가-일반": 1, "달리기-러닝": 1, "복싱-스파링": 1, "사이클-실내": 5, "사이클-실외": 3, "달리기-트레드밀": 1, "복싱-샌드백/미트": 1, "요가-빈야사/아쉬탕가": 1}', '2026-03-17'),
	('faacec4e-b1f3-44eb-9d0a-35b5db6d8505', 'c71fcfd9-35a7-4fb7-a5d3-1885e0e9df45', '7390af7f-c387-43a9-938c-a20c7abb2c22', 'ae4368e7-f522-4437-898f-9fee3650c268', 5, 2026, 3, '2026-03-19 16:30:25.933123+00', '{"계단": 19.9, "수영": 200, "요가-일반": 1, "달리기-러닝": 1, "복싱-스파링": 1, "사이클-실내": 5, "사이클-실외": 3, "달리기-트레드밀": 1, "복싱-샌드백/미트": 1, "요가-빈야사/아쉬탕가": 1}', '2026-03-09'),
	('4a612361-ef1f-4a60-99c6-cd54a9393b07', 'd7678799-2e08-4ae8-a579-f8151a732b59', '19e203c3-b2f9-49e4-8e50-2423cac0c9d2', 'fc18429b-a83f-4e84-b85f-21196eef0f1c', 5.63, 2026, 3, '2026-03-25 03:46:23.749524+00', '{"계단": 20, "수영": 200, "요가-일반": 1, "달리기-러닝": 1, "복싱-스파링": 1, "사이클-실내": 5, "사이클-실외": 3, "달리기-트레드밀": 1, "복싱-샌드백/미트": 1, "요가-빈야사/아쉬탕가": 1}', '2026-03-18'),
	('68bbc5f4-78d3-4d0c-bb85-812d5a66220e', '7a7f0e83-494c-4d38-aee9-b4009e8f00b2', '082af697-9769-4f42-b086-aadd303696ec', '46375228-6ece-4af9-a20d-79a9c1a29193', 1.5, 2026, 3, '2026-03-19 16:14:57.881114+00', '{"계단": 20, "수영": 200, "요가-일반": 20, "달리기-러닝": 1, "복싱-스파링": 5, "사이클-실내": 2.5, "사이클-실외": 2.5, "달리기-트레드밀": 1, "복싱-샌드백/미트": 8, "요가-빈야사/아쉬탕가": 15}', '2026-03-16'),
	('5ecb1f93-ac33-4eee-8cb1-0d8d5d6e2b3f', 'd7678799-2e08-4ae8-a579-f8151a732b59', '8db5b51e-4eec-4876-9fe3-9f31eacf2ba3', '1fc15443-a8aa-4653-9e70-802b2b2855ed', 3.2, 2026, 3, '2026-03-29 08:27:11.031261+00', '{"계단": 20, "수영": 200, "요가-일반": 1, "달리기-러닝": 1, "복싱-스파링": 1, "사이클-실내": 5, "사이클-실외": 3, "달리기-트레드밀": 1, "복싱-샌드백/미트": 1, "요가-빈야사/아쉬탕가": 1}', NULL),
	('390028ca-c518-4405-a3ce-79c86e6e2436', 'd7678799-2e08-4ae8-a579-f8151a732b59', '2ad4e41b-98a7-4cf7-8ee7-ddfc3ee3f366', 'deef7054-b056-4178-a3fe-05b1d973354a', 6.5, 2026, 3, '2026-03-25 03:59:04.387221+00', '{"계단": 20, "수영": 200, "요가-일반": 1, "달리기-러닝": 1, "복싱-스파링": 1, "사이클-실내": 5, "사이클-실외": 3, "달리기-트레드밀": 1, "복싱-샌드백/미트": 1, "요가-빈야사/아쉬탕가": 1}', NULL),
	('94b15617-454d-4283-be30-15274992ac62', 'd7678799-2e08-4ae8-a579-f8151a732b59', '86f778e0-52a4-43df-81f9-b1c648c8fe8b', '1fc15443-a8aa-4653-9e70-802b2b2855ed', 4.9, 2026, 3, '2026-03-29 08:28:04.646936+00', '{"계단": 20, "수영": 200, "요가-일반": 1, "달리기-러닝": 1, "복싱-스파링": 1, "사이클-실내": 5, "사이클-실외": 3, "달리기-트레드밀": 1, "복싱-샌드백/미트": 1, "요가-빈야사/아쉬탕가": 1}', NULL),
	('bd382428-2db5-43ed-9e11-b5534b59b696', 'dd2b8c45-0187-4257-bd1e-18212124b97b', 'c3d5b8f3-27c7-4e45-b14d-ac2b97f91ab9', 'fc18429b-a83f-4e84-b85f-21196eef0f1c', 5.07, 2026, 3, '2026-03-31 09:54:17.406869+00', '{"계단": 20, "수영": 200, "헬스": 1, "요가-일반": 3.27, "달리기-러닝": 1, "복싱-스파링": 0.77, "사이클-실내": 5, "사이클-실외": 3, "계단-[object Object]": 1, "달리기-트레드밀": 1, "복싱-[object Object]": 1, "요가-[object Object]": 1, "복싱-샌드백/미트": 1.78, "달리기-[object Object]": 1, "사이클-[object Object]": 1, "요가-빈야사/아쉬탕가": 2.45}', NULL),
	('986dde55-b820-4110-9dda-d39d2f8211bf', '30d9ad61-1395-4824-b2e1-bdd30c70b72d', '19e203c3-b2f9-49e4-8e50-2423cac0c9d2', 'fc18429b-a83f-4e84-b85f-21196eef0f1c', 5.63, 2026, 3, '2026-03-19 16:34:08.799614+00', '{"계단": 0.05, "수영": 0.005, "달리기-러닝": 1, "사이클-실내": 0.2, "사이클-실외": 0.333, "달리기-트레드밀": 1}', '2026-03-18'),
	('50bb42d7-413c-48a4-93fd-4a6d65a4e564', '30d9ad61-1395-4824-b2e1-bdd30c70b72d', '6e13a77c-5055-420e-b547-56275ac733de', 'fc18429b-a83f-4e84-b85f-21196eef0f1c', 4, 2026, 3, '2026-03-19 16:34:08.806405+00', '{"계단": 0.05, "수영": 0.005, "달리기-러닝": 1, "사이클-실내": 0.2, "사이클-실외": 0.333, "달리기-트레드밀": 1}', '2026-03-03'),
	('65e241e9-7eda-4713-bdf0-0d67c472e0e5', '30d9ad61-1395-4824-b2e1-bdd30c70b72d', 'd51c3631-65f4-4199-9369-b516d4681be2', 'fc18429b-a83f-4e84-b85f-21196eef0f1c', 3.06, 2026, 3, '2026-03-19 16:34:08.798213+00', '{"계단": 0.05, "수영": 0.005, "달리기-러닝": 1, "사이클-실내": 0.2, "사이클-실외": 0.333, "달리기-트레드밀": 1}', '2026-03-11'),
	('4cf71eed-d251-49e4-9891-56576f62f45d', '30d9ad61-1395-4824-b2e1-bdd30c70b72d', '34aeaaa1-863b-4efa-b56c-236bd03c8d50', 'fc18429b-a83f-4e84-b85f-21196eef0f1c', 1.64, 2026, 3, '2026-03-19 16:34:08.834652+00', '{"계단": 0.05, "수영": 0.005, "달리기-러닝": 1, "사이클-실내": 0.2, "사이클-실외": 0.333, "달리기-트레드밀": 1}', '2026-03-10'),
	('4c1f46b7-d8e5-4abc-ac0b-24034239d44f', '30d9ad61-1395-4824-b2e1-bdd30c70b72d', '7aa80045-2116-4d0b-a304-7a7c4a621e3f', 'fc18429b-a83f-4e84-b85f-21196eef0f1c', 4.03, 2026, 3, '2026-03-19 16:34:08.841496+00', '{"계단": 0.05, "수영": 0.005, "달리기-러닝": 1, "사이클-실내": 0.2, "사이클-실외": 0.333, "달리기-트레드밀": 1}', '2026-03-12'),
	('1e1dade7-9c80-4554-8e71-5658f66509ad', '30d9ad61-1395-4824-b2e1-bdd30c70b72d', '22325c33-2ee2-47d2-a493-eb96a4635d88', 'fc18429b-a83f-4e84-b85f-21196eef0f1c', 5.24, 2026, 3, '2026-03-19 16:34:08.8418+00', '{"계단": 0.05, "수영": 0.005, "달리기-러닝": 1, "사이클-실내": 0.2, "사이클-실외": 0.333, "달리기-트레드밀": 1}', '2026-03-15'),
	('9524742e-2027-4085-ab4b-53f6f16905b7', '30d9ad61-1395-4824-b2e1-bdd30c70b72d', 'b6ef99fb-d160-45dc-9346-c0afe263baa4', 'fc18429b-a83f-4e84-b85f-21196eef0f1c', 4.02, 2026, 3, '2026-03-19 16:34:08.845471+00', '{"계단": 0.05, "수영": 0.005, "달리기-러닝": 1, "사이클-실내": 0.2, "사이클-실외": 0.333, "달리기-트레드밀": 1}', '2026-03-14'),
	('5a83b1f7-ede6-48ed-a1e7-863af86b6dd1', 'd20f1283-5379-4f78-9ec6-7cef09ab1964', '6e13a77c-5055-420e-b547-56275ac733de', 'fc18429b-a83f-4e84-b85f-21196eef0f1c', 4, 2026, 3, '2026-03-20 12:38:21.392447+00', '{"계단": 20, "수영": 200, "요가-일반": 3.27, "달리기-러닝": 1, "복싱-스파링": 0.77, "사이클-실내": 5, "사이클-실외": 3, "달리기-트레드밀": 1, "복싱-샌드백/미트": 1.78, "요가-빈야사/아쉬탕가": 2.45}', '2026-03-03'),
	('27d9ba35-1def-4fc1-ad50-1b78ef0f6089', 'd20f1283-5379-4f78-9ec6-7cef09ab1964', 'd51c3631-65f4-4199-9369-b516d4681be2', 'fc18429b-a83f-4e84-b85f-21196eef0f1c', 3.06, 2026, 3, '2026-03-20 12:38:21.435319+00', '{"계단": 20, "수영": 200, "요가-일반": 3.27, "달리기-러닝": 1, "복싱-스파링": 0.77, "사이클-실내": 5, "사이클-실외": 3, "달리기-트레드밀": 1, "복싱-샌드백/미트": 1.78, "요가-빈야사/아쉬탕가": 2.45}', '2026-03-11'),
	('4ade46c5-08aa-4ab1-9783-6a2f6cfa22ae', 'd20f1283-5379-4f78-9ec6-7cef09ab1964', '19e203c3-b2f9-49e4-8e50-2423cac0c9d2', 'fc18429b-a83f-4e84-b85f-21196eef0f1c', 5.63, 2026, 3, '2026-03-20 12:38:21.551602+00', '{"계단": 20, "수영": 200, "요가-일반": 3.27, "달리기-러닝": 1, "복싱-스파링": 0.77, "사이클-실내": 5, "사이클-실외": 3, "달리기-트레드밀": 1, "복싱-샌드백/미트": 1.78, "요가-빈야사/아쉬탕가": 2.45}', '2026-03-18'),
	('6467f011-d5fb-4cdb-b3fa-db6bb132b54f', 'd20f1283-5379-4f78-9ec6-7cef09ab1964', '7aa80045-2116-4d0b-a304-7a7c4a621e3f', 'fc18429b-a83f-4e84-b85f-21196eef0f1c', 4.03, 2026, 3, '2026-03-20 12:38:21.560746+00', '{"계단": 20, "수영": 200, "요가-일반": 3.27, "달리기-러닝": 1, "복싱-스파링": 0.77, "사이클-실내": 5, "사이클-실외": 3, "달리기-트레드밀": 1, "복싱-샌드백/미트": 1.78, "요가-빈야사/아쉬탕가": 2.45}', '2026-03-12'),
	('ba961fe6-fd2c-4b0d-b15c-21e152283986', 'c71fcfd9-35a7-4fb7-a5d3-1885e0e9df45', '19e203c3-b2f9-49e4-8e50-2423cac0c9d2', 'fc18429b-a83f-4e84-b85f-21196eef0f1c', 5.63, 2026, 3, '2026-03-19 16:30:25.825759+00', '{"계단": 19.9, "수영": 200, "요가-일반": 1, "달리기-러닝": 1, "복싱-스파링": 1, "사이클-실내": 5, "사이클-실외": 3, "달리기-트레드밀": 1, "복싱-샌드백/미트": 1, "요가-빈야사/아쉬탕가": 1}', '2026-03-18'),
	('c9e98565-766b-45f9-a6cf-b32ba6fc44fd', 'c71fcfd9-35a7-4fb7-a5d3-1885e0e9df45', '9cb0f06e-d20a-483b-8338-8f449bb53fa5', '8602814d-2415-4834-828b-3f4064338a15', 51, 2026, 3, '2026-03-19 16:30:25.846563+00', '{"계단": 19.9, "수영": 200, "요가-일반": 1, "달리기-러닝": 1, "복싱-스파링": 1, "사이클-실내": 5, "사이클-실외": 3, "달리기-트레드밀": 1, "복싱-샌드백/미트": 1, "요가-빈야사/아쉬탕가": 1}', '2026-03-13'),
	('329b22c1-432d-4a63-8fc6-f91e9621f4dd', 'c71fcfd9-35a7-4fb7-a5d3-1885e0e9df45', '5c88ea1b-f1f6-40e0-86dc-49e57da4b0d8', '93117f76-9bf0-478c-8b21-c74679ef4076', 5, 2026, 3, '2026-03-19 16:30:25.875614+00', '{"계단": 19.9, "수영": 200, "요가-일반": 1, "달리기-러닝": 1, "복싱-스파링": 1, "사이클-실내": 5, "사이클-실외": 3, "달리기-트레드밀": 1, "복싱-샌드백/미트": 1, "요가-빈야사/아쉬탕가": 1}', '2026-03-01'),
	('537f8816-d8b2-4c57-a94a-bafab753ef98', 'c71fcfd9-35a7-4fb7-a5d3-1885e0e9df45', '89715985-a6f1-4504-a97c-43ec4fced910', '591f3c96-5473-46cc-a7fa-67c5650bb679', 5, 2026, 3, '2026-03-19 16:30:25.836528+00', '{"계단": 19.9, "수영": 200, "요가-일반": 1, "달리기-러닝": 1, "복싱-스파링": 1, "사이클-실내": 5, "사이클-실외": 3, "달리기-트레드밀": 1, "복싱-샌드백/미트": 1, "요가-빈야사/아쉬탕가": 1}', '2026-03-25'),
	('f195d774-4fea-40c8-b771-a7ba68fe18ea', 'c71fcfd9-35a7-4fb7-a5d3-1885e0e9df45', '8ef71b75-dae8-4811-a02d-6e7f30cae793', 'f21bba52-6ca0-452e-aa71-5f13fc3e7f1c', 5, 2026, 3, '2026-03-19 16:30:25.94899+00', '{"계단": 19.9, "수영": 200, "요가-일반": 1, "달리기-러닝": 1, "복싱-스파링": 1, "사이클-실내": 5, "사이클-실외": 3, "달리기-트레드밀": 1, "복싱-샌드백/미트": 1, "요가-빈야사/아쉬탕가": 1}', '2026-03-23'),
	('3a1b0e4c-c2a3-4add-a5f9-91dc86ff98d9', 'd7678799-2e08-4ae8-a579-f8151a732b59', '53603903-4add-4adc-818b-c5e1ce2fbf8c', '80fd04b7-5c69-432e-aa30-d9a24f03e72b', 6.08, 2026, 3, '2026-03-25 05:23:05.956862+00', '{"계단": 20, "수영": 200, "요가-일반": 1, "달리기-러닝": 1, "복싱-스파링": 1, "사이클-실내": 5, "사이클-실외": 3, "달리기-트레드밀": 1, "복싱-샌드백/미트": 1, "요가-빈야사/아쉬탕가": 1}', NULL),
	('66f21361-386f-4afe-9e26-bc13c58ae724', 'c71fcfd9-35a7-4fb7-a5d3-1885e0e9df45', '84468941-ad3f-45c8-b380-de6e38a52551', '8ada6a16-06a2-4668-b46a-d7214b840f92', 12.5, 2026, 3, '2026-03-24 01:44:53.082827+00', '{"계단": 19.9, "수영": 200, "요가-일반": 1, "달리기-러닝": 1, "복싱-스파링": 1, "사이클-실내": 5, "사이클-실외": 3, "달리기-트레드밀": 1, "복싱-샌드백/미트": 1, "요가-빈야사/아쉬탕가": 1}', '2026-03-21'),
	('a4abf99f-606e-4c90-b492-cb41f9c00e9f', 'c71fcfd9-35a7-4fb7-a5d3-1885e0e9df45', '86153b3d-7cec-4e25-bd97-a6223c3cf211', '53e7db7f-3ad6-4619-a592-fb3ca6eaeca4', 5, 2026, 3, '2026-03-19 16:30:25.919484+00', '{"계단": 19.9, "수영": 200, "요가-일반": 1, "달리기-러닝": 1, "복싱-스파링": 1, "사이클-실내": 5, "사이클-실외": 3, "달리기-트레드밀": 1, "복싱-샌드백/미트": 1, "요가-빈야사/아쉬탕가": 1}', '2026-03-19'),
	('2d2fccf1-01a1-46ad-8449-77a11f7bac7e', '7a7f0e83-494c-4d38-aee9-b4009e8f00b2', '071301c7-4d45-419f-9be6-97069ad6cdab', 'fc18429b-a83f-4e84-b85f-21196eef0f1c', 7.31, 2026, 3, '2026-03-29 10:12:55.547549+00', '{"계단": 20, "수영": 200, "요가-일반": 20, "달리기-러닝": 1, "복싱-스파링": 5, "사이클-실내": 2.5, "사이클-실외": 2.5, "달리기-트레드밀": 1, "복싱-샌드백/미트": 8, "요가-빈야사/아쉬탕가": 15}', NULL),
	('6226773c-70b0-4cbf-ae7b-74748e0fbdcc', 'c71fcfd9-35a7-4fb7-a5d3-1885e0e9df45', '0ec86b7c-e7e3-4bad-8bd3-0421fd2960f8', '1a63bbc0-f18b-4f94-8449-0a734d51eda7', 5, 2026, 3, '2026-03-19 16:30:25.903382+00', '{"계단": 19.9, "수영": 200, "요가-일반": 1, "달리기-러닝": 1, "복싱-스파링": 1, "사이클-실내": 5, "사이클-실외": 3, "달리기-트레드밀": 1, "복싱-샌드백/미트": 1, "요가-빈야사/아쉬탕가": 1}', '2026-03-20'),
	('c90117d6-39bf-4b0c-9611-1900b86b1f64', 'c71fcfd9-35a7-4fb7-a5d3-1885e0e9df45', '6620d673-ba5a-419c-9216-c0d8ab330cb4', 'aafe258d-7239-48c7-8435-c988c4f4ae15', 5, 2026, 3, '2026-03-19 16:30:25.846536+00', '{"계단": 19.9, "수영": 200, "요가-일반": 1, "달리기-러닝": 1, "복싱-스파링": 1, "사이클-실내": 5, "사이클-실외": 3, "달리기-트레드밀": 1, "복싱-샌드백/미트": 1, "요가-빈야사/아쉬탕가": 1}', '2026-03-19'),
	('fab0e785-42d3-4cdd-889d-eec262ba688f', 'c71fcfd9-35a7-4fb7-a5d3-1885e0e9df45', '627c8419-9e9f-40e3-b9d9-128dcea7eaab', '8ada6a16-06a2-4668-b46a-d7214b840f92', 5.875, 2026, 3, '2026-03-24 01:44:53.184633+00', '{"계단": 19.9, "수영": 200, "요가-일반": 1, "달리기-러닝": 1, "복싱-스파링": 1, "사이클-실내": 5, "사이클-실외": 3, "달리기-트레드밀": 1, "복싱-샌드백/미트": 1, "요가-빈야사/아쉬탕가": 1}', '2026-03-18'),
	('14967704-ae52-45c4-847c-400aab08ec33', 'c71fcfd9-35a7-4fb7-a5d3-1885e0e9df45', '99627434-db9d-4695-89a9-b8925f9fc204', 'adc78491-0dc3-4907-bbdc-226ec1244d07', 5, 2026, 3, '2026-03-19 16:30:25.853667+00', '{"계단": 19.9, "수영": 200, "요가-일반": 1, "달리기-러닝": 1, "복싱-스파링": 1, "사이클-실내": 5, "사이클-실외": 3, "달리기-트레드밀": 1, "복싱-샌드백/미트": 1, "요가-빈야사/아쉬탕가": 1}', '2026-03-02'),
	('57a9b3db-1b42-4ce4-8a8e-175ae0ce34ed', '30d9ad61-1395-4824-b2e1-bdd30c70b72d', '071301c7-4d45-419f-9be6-97069ad6cdab', 'fc18429b-a83f-4e84-b85f-21196eef0f1c', 7.31, 2026, 3, '2026-03-29 10:12:55.539853+00', '{"계단": 0.05, "수영": 0.005, "요가-일반": 1, "달리기-러닝": 1, "복싱-스파링": 1, "사이클-실내": 0.2, "사이클-실외": 0.333, "달리기-트레드밀": 1, "복싱-샌드백/미트": 1, "요가-빈야사/아쉬탕가": 1}', NULL),
	('6a152623-7324-4ee4-9ae4-3631b10157bb', '9e167825-d313-4a68-821a-b597cdb5d356', '071301c7-4d45-419f-9be6-97069ad6cdab', 'fc18429b-a83f-4e84-b85f-21196eef0f1c', 7.31, 2026, 3, '2026-03-29 10:12:55.637047+00', '{"계단": 20, "수영": 200, "요가-일반": 1, "달리기-러닝": 1, "복싱-스파링": 1, "사이클-실내": 5, "사이클-실외": 3, "달리기-트레드밀": 1, "복싱-샌드백/미트": 1, "요가-빈야사/아쉬탕가": 1}', NULL),
	('abb6c90f-858e-4b5a-a56f-a4059cc57c37', 'c71fcfd9-35a7-4fb7-a5d3-1885e0e9df45', '071301c7-4d45-419f-9be6-97069ad6cdab', 'fc18429b-a83f-4e84-b85f-21196eef0f1c', 7.31, 2026, 3, '2026-03-29 10:12:55.640303+00', '{"계단": 19.9, "수영": 200, "요가-일반": 1, "달리기-러닝": 1, "복싱-스파링": 1, "사이클-실내": 5, "사이클-실외": 3, "달리기-트레드밀": 1, "복싱-샌드백/미트": 1, "요가-빈야사/아쉬탕가": 1}', NULL),
	('772466bd-8f28-4907-8a5f-d83607bdfea6', 'dd2b8c45-0187-4257-bd1e-18212124b97b', '071301c7-4d45-419f-9be6-97069ad6cdab', 'fc18429b-a83f-4e84-b85f-21196eef0f1c', 7.31, 2026, 3, '2026-03-29 10:12:55.846613+00', '{"계단": 20, "수영": 200, "요가-일반": 3.27, "달리기-러닝": 1, "복싱-스파링": 0.77, "사이클-실내": 5, "사이클-실외": 3, "달리기-트레드밀": 1, "복싱-샌드백/미트": 1.78, "요가-빈야사/아쉬탕가": 2.45}', NULL),
	('a94d8342-d20c-44ab-bdd2-95d9520d8dcf', 'd7678799-2e08-4ae8-a579-f8151a732b59', 'c3d5b8f3-27c7-4e45-b14d-ac2b97f91ab9', 'fc18429b-a83f-4e84-b85f-21196eef0f1c', 5.07, 2026, 3, '2026-03-31 09:54:17.430288+00', '{"계단": 20, "수영": 200, "헬스": 1, "요가-일반": 1, "달리기-러닝": 1, "복싱-스파링": 1, "사이클-실내": 5, "사이클-실외": 3, "계단-[object Object]": 1, "달리기-트레드밀": 1, "복싱-[object Object]": 1, "요가-[object Object]": 1, "복싱-샌드백/미트": 1, "달리기-[object Object]": 1, "사이클-[object Object]": 1, "요가-빈야사/아쉬탕가": 1}', NULL),
	('d7a5bd26-b0ba-458c-8dab-389fe38ba708', 'd20f1283-5379-4f78-9ec6-7cef09ab1964', '22325c33-2ee2-47d2-a493-eb96a4635d88', 'fc18429b-a83f-4e84-b85f-21196eef0f1c', 5.24, 2026, 3, '2026-03-20 12:38:21.567247+00', '{"계단": 20, "수영": 200, "요가-일반": 3.27, "달리기-러닝": 1, "복싱-스파링": 0.77, "사이클-실내": 5, "사이클-실외": 3, "달리기-트레드밀": 1, "복싱-샌드백/미트": 1.78, "요가-빈야사/아쉬탕가": 2.45}', '2026-03-15'),
	('6cf7931d-36f5-4734-b933-24fffdd3320e', 'd20f1283-5379-4f78-9ec6-7cef09ab1964', 'b6ef99fb-d160-45dc-9346-c0afe263baa4', 'fc18429b-a83f-4e84-b85f-21196eef0f1c', 4.02, 2026, 3, '2026-03-20 12:38:21.597217+00', '{"계단": 20, "수영": 200, "요가-일반": 3.27, "달리기-러닝": 1, "복싱-스파링": 0.77, "사이클-실내": 5, "사이클-실외": 3, "달리기-트레드밀": 1, "복싱-샌드백/미트": 1.78, "요가-빈야사/아쉬탕가": 2.45}', '2026-03-14');


--
-- Data for Name: workout_comments; Type: TABLE DATA; Schema: public; Owner: postgres
--

INSERT INTO "public"."workout_comments" ("id", "workout_id", "club_id", "user_id", "parent_id", "comment", "created_at") VALUES
	('6852b90b-5e02-455a-a295-1c31f453f014', '92ac3b70-a084-4c95-8933-18bb4af71326', 'fbe91eb6-d0bb-46cb-901e-c6c20ccdb0e4', 'fc18429b-a83f-4e84-b85f-21196eef0f1c', NULL, '수영 간지', '2026-03-17 04:48:09.756848+00'),
	('36cec620-c2e9-4958-9c20-3f3ca8ed978c', '92ac3b70-a084-4c95-8933-18bb4af71326', 'fbe91eb6-d0bb-46cb-901e-c6c20ccdb0e4', 'fbd7f27f-74fa-4d86-bf06-c908cd28e5d4', NULL, '와 아침 수영 간지..', '2026-03-17 12:21:26.720841+00'),
	('f070b363-480d-4b66-88fb-77e5265265de', '407e0a98-3839-4a8f-aa05-e25bf20d91cb', 'fbe91eb6-d0bb-46cb-901e-c6c20ccdb0e4', 'fc18429b-a83f-4e84-b85f-21196eef0f1c', NULL, '밤운동 좋쿠요', '2026-03-18 00:36:55.376569+00'),
	('da871ffa-2a75-4e99-9e9d-ccfabb8c8e87', '517fa9ca-eb9c-4ee5-a5dc-96fe88992876', '7a7f0e83-494c-4d38-aee9-b4009e8f00b2', 'fc18429b-a83f-4e84-b85f-21196eef0f1c', NULL, '최고입니다', '2026-03-18 03:28:44.928188+00'),
	('4c1b6f4a-8f9f-41e8-86e4-1a4485a1593b', '4beec015-3923-4604-baa0-3f1411ea3b1c', 'fbe91eb6-d0bb-46cb-901e-c6c20ccdb0e4', 'fc18429b-a83f-4e84-b85f-21196eef0f1c', NULL, '최고의 고수. 리스펙합니다.', '2026-03-18 06:12:02.421739+00'),
	('71507e75-c612-4a35-9820-1b163b2a15a4', 'b6ef99fb-d160-45dc-9346-c0afe263baa4', 'fbe91eb6-d0bb-46cb-901e-c6c20ccdb0e4', 'fc18429b-a83f-4e84-b85f-21196eef0f1c', NULL, 's', '2026-03-18 07:17:50.011724+00'),
	('a1d20283-c609-4783-9a36-8c4816c85c92', '4beec015-3923-4604-baa0-3f1411ea3b1c', 'fbe91eb6-d0bb-46cb-901e-c6c20ccdb0e4', 'fc18429b-a83f-4e84-b85f-21196eef0f1c', NULL, '굿', '2026-03-19 00:51:34.759768+00'),
	('4703b48b-82a6-41e7-98ea-e92ce0df5f6d', '1a7ceb0f-afeb-4d9b-a324-58e827d37066', 'fbe91eb6-d0bb-46cb-901e-c6c20ccdb0e4', 'fc18429b-a83f-4e84-b85f-21196eef0f1c', NULL, '개고수', '2026-03-19 01:06:05.066254+00'),
	('73a16704-7502-45cd-8967-aada72081e54', 'ec0bc282-207b-4d40-badd-1f85c2739000', 'fbe91eb6-d0bb-46cb-901e-c6c20ccdb0e4', 'fc18429b-a83f-4e84-b85f-21196eef0f1c', NULL, '단지내 달리기 너무 부럽습니다 굿잡', '2026-03-19 13:50:32.676105+00'),
	('f48ce1ce-7b33-4368-b27c-7d0b5d359ac8', '2127c8a1-06bd-4404-a313-0b4c190b8e75', '7a7f0e83-494c-4d38-aee9-b4009e8f00b2', 'fc18429b-a83f-4e84-b85f-21196eef0f1c', NULL, '굿입니다 러닝 굿', '2026-03-19 16:34:56.230309+00'),
	('0274a8bf-b64f-4c00-973c-cc6cd33122e1', 'ec0bc282-207b-4d40-badd-1f85c2739000', 'fbe91eb6-d0bb-46cb-901e-c6c20ccdb0e4', '91673d9d-eb77-4db3-959e-6d320beb3920', '73a16704-7502-45cd-8967-aada72081e54', '놀러오십쇼', '2026-03-20 01:47:58.216564+00'),
	('a905f333-6a2f-4975-b3ac-b5e16992c02f', 'a7affb21-004f-4e21-869f-fc1dc0c6ad50', 'fbe91eb6-d0bb-46cb-901e-c6c20ccdb0e4', 'fc18429b-a83f-4e84-b85f-21196eef0f1c', NULL, '매일 뛰시네요 굿', '2026-03-20 14:30:33.171264+00'),
	('a5a2f68c-298b-426c-acd5-317194994141', '84468941-ad3f-45c8-b380-de6e38a52551', 'fbe91eb6-d0bb-46cb-901e-c6c20ccdb0e4', '91673d9d-eb77-4db3-959e-6d320beb3920', NULL, '물개이십니까', '2026-03-21 02:07:41.683193+00'),
	('5d170e13-a193-4a49-b261-150c6e3a6b52', '84468941-ad3f-45c8-b380-de6e38a52551', 'fbe91eb6-d0bb-46cb-901e-c6c20ccdb0e4', 'fbd7f27f-74fa-4d86-bf06-c908cd28e5d4', NULL, '박태환..?', '2026-03-21 02:11:42.625407+00'),
	('2a083c72-2ee7-4bb4-be42-2f8fcaec638a', '84468941-ad3f-45c8-b380-de6e38a52551', 'fbe91eb6-d0bb-46cb-901e-c6c20ccdb0e4', '8ada6a16-06a2-4668-b46a-d7214b840f92', 'a5a2f68c-298b-426c-acd5-317194994141', '하마임ㅋㅋㅋㅋ', '2026-03-21 03:06:19.699736+00'),
	('c76ae8a3-d508-4810-b86b-89101b266dd9', '84468941-ad3f-45c8-b380-de6e38a52551', 'fbe91eb6-d0bb-46cb-901e-c6c20ccdb0e4', '8ada6a16-06a2-4668-b46a-d7214b840f92', '5d170e13-a193-4a49-b261-150c6e3a6b52', '같이 러닝 한 번 조지자 ㅋㅋ', '2026-03-21 03:06:31.097511+00'),
	('8d68386f-6891-4beb-886e-3c3bbf12a2ea', '84468941-ad3f-45c8-b380-de6e38a52551', 'fbe91eb6-d0bb-46cb-901e-c6c20ccdb0e4', 'fc18429b-a83f-4e84-b85f-21196eef0f1c', NULL, '고수..', '2026-03-21 04:26:19.560391+00'),
	('4527617c-354f-4cc8-b738-e3b3f817e078', 'd2e6aad1-8177-45dc-a2b0-a696d5849738', 'fbe91eb6-d0bb-46cb-901e-c6c20ccdb0e4', '91673d9d-eb77-4db3-959e-6d320beb3920', NULL, '굿', '2026-03-21 11:00:06.611806+00'),
	('c3e9810c-90af-4d1f-9069-14d06f966705', '12af2361-1d72-430f-9ab4-d0bf7d6f8c80', 'fbe91eb6-d0bb-46cb-901e-c6c20ccdb0e4', 'fc18429b-a83f-4e84-b85f-21196eef0f1c', NULL, '굿', '2026-03-23 02:09:10.089698+00'),
	('db577070-1df4-455c-bece-bcc81ba18546', '565f6497-67ec-4c1f-97df-1fa84b7f545f', 'fbe91eb6-d0bb-46cb-901e-c6c20ccdb0e4', 'fc18429b-a83f-4e84-b85f-21196eef0f1c', NULL, '굿', '2026-03-23 02:09:16.924993+00'),
	('b5a7c92e-d719-4208-acdb-6b14fc4a5fac', '00746062-63c5-4d59-87ca-9e21d3f03460', 'c71fcfd9-35a7-4fb7-a5d3-1885e0e9df45', '48941b2d-35ea-4d6a-9cb9-0f9e9421f31f', NULL, '테스터님은 미래에서 뛰어오셨군요!! 멋져요~', '2026-03-23 23:28:52.062982+00'),
	('75d381d8-f5a8-4248-bf05-3e7c9e153953', '0461ada2-627f-485c-9208-ca2d731f1c02', 'c71fcfd9-35a7-4fb7-a5d3-1885e0e9df45', '48941b2d-35ea-4d6a-9cb9-0f9e9421f31f', NULL, '음파님, 8일날 점심 같이 먹어요~', '2026-03-24 00:57:03.557814+00'),
	('3f933580-eb6e-4eca-89cf-b569ba36bb95', 'e781ecc9-8737-4575-b569-467ef5f7ceaf', 'fbe91eb6-d0bb-46cb-901e-c6c20ccdb0e4', 'fbd7f27f-74fa-4d86-bf06-c908cd28e5d4', NULL, '멋잇어용', '2026-03-28 03:21:04.532908+00'),
	('96722415-7ac7-493a-990d-196abcbfe9c6', 'e781ecc9-8737-4575-b569-467ef5f7ceaf', 'fbe91eb6-d0bb-46cb-901e-c6c20ccdb0e4', '8ada6a16-06a2-4668-b46a-d7214b840f92', NULL, '10키로를 상콤하게 뛰는 갓영효님', '2026-03-28 08:20:11.166533+00'),
	('160fe8ca-e6d0-4abf-85d4-b043750b7da1', '40833697-8ac4-4934-a5cf-41a5056cc4bd', '7a7f0e83-494c-4d38-aee9-b4009e8f00b2', 'fc18429b-a83f-4e84-b85f-21196eef0f1c', NULL, '운동 더하세요 좋습니다', '2026-03-28 14:46:37.914285+00'),
	('47042a57-64ff-4e43-859a-b68fb1837cf4', 'decc81fc-c82f-4785-a427-6ffa0ab62b57', 'fbe91eb6-d0bb-46cb-901e-c6c20ccdb0e4', 'fbd7f27f-74fa-4d86-bf06-c908cd28e5d4', NULL, '완주 축하드립니다ㅎㅎ', '2026-03-29 04:48:07.00291+00'),
	('fb43e844-0a96-4aa6-9bc6-27f91c53d693', 'decc81fc-c82f-4785-a427-6ffa0ab62b57', 'fbe91eb6-d0bb-46cb-901e-c6c20ccdb0e4', 'fc18429b-a83f-4e84-b85f-21196eef0f1c', NULL, '완주 추카추카', '2026-03-29 10:14:28.798874+00'),
	('5f57877e-e8ed-4b9a-b06f-1fd65c21f5f7', 'decc81fc-c82f-4785-a427-6ffa0ab62b57', 'fbe91eb6-d0bb-46cb-901e-c6c20ccdb0e4', '91673d9d-eb77-4db3-959e-6d320beb3920', NULL, '감사감사합니다', '2026-03-29 10:17:09.37228+00'),
	('e86a04f1-4f52-4f98-88bf-b4aa88919457', 'efb7de25-2b93-488c-8e42-f70d89e38b54', '7a7f0e83-494c-4d38-aee9-b4009e8f00b2', 'fc18429b-a83f-4e84-b85f-21196eef0f1c', NULL, '굿잡', '2026-03-30 12:32:40.110752+00'),
	('0f14010d-5884-46e0-9f1d-667f6e85dbe3', '0ef1e789-e0ee-4080-801a-a4745237b455', 'fbe91eb6-d0bb-46cb-901e-c6c20ccdb0e4', 'fc18429b-a83f-4e84-b85f-21196eef0f1c', NULL, '최고의 모닝루틴!!!', '2026-03-31 00:31:55.517108+00');


--
-- Data for Name: comment_likes; Type: TABLE DATA; Schema: public; Owner: postgres
--



--
-- Data for Name: daily_todos; Type: TABLE DATA; Schema: public; Owner: postgres
--



--
-- Data for Name: hall_of_fame; Type: TABLE DATA; Schema: public; Owner: postgres
--

INSERT INTO "public"."hall_of_fame" ("id", "club_id", "user_id", "inducted_at", "inducted_by", "reason", "created_at") VALUES
	('42ddc4a9-e045-42b1-9b91-b3cfdde7cf99', 'c71fcfd9-35a7-4fb7-a5d3-1885e0e9df45', '8602814d-2415-4834-828b-3f4064338a15', '2026-03-19 13:44:41.185378+00', 'fc18429b-a83f-4e84-b85f-21196eef0f1c', NULL, '2026-03-19 13:44:41.185378+00'),
	('3f9d2e91-3135-4e88-bc03-ce4c67a7ba0e', 'c71fcfd9-35a7-4fb7-a5d3-1885e0e9df45', '1a63bbc0-f18b-4f94-8449-0a734d51eda7', '2026-03-19 13:44:46.715882+00', 'fc18429b-a83f-4e84-b85f-21196eef0f1c', NULL, '2026-03-19 13:44:46.715882+00'),
	('29356337-a1f3-485d-bca0-13d5fc300a43', 'c71fcfd9-35a7-4fb7-a5d3-1885e0e9df45', 'bfaaecc8-13ae-46fc-97b2-c27e631936be', '2026-03-19 13:44:50.183549+00', 'fc18429b-a83f-4e84-b85f-21196eef0f1c', NULL, '2026-03-19 13:44:50.183549+00'),
	('300528ca-2445-426f-9485-ee5c09aff048', 'c71fcfd9-35a7-4fb7-a5d3-1885e0e9df45', '9a753212-83f1-41d2-84c2-ef6fc6347154', '2026-03-23 07:07:22.225882+00', 'fc18429b-a83f-4e84-b85f-21196eef0f1c', '2026.03~06 마일리지 1등', '2026-03-23 07:07:22.225882+00'),
	('febd088d-3efa-469c-babc-379c977532c6', 'c71fcfd9-35a7-4fb7-a5d3-1885e0e9df45', '16351284-dc64-472f-888e-6d92c00dc8e5', '2026-03-23 07:09:35.685444+00', 'fc18429b-a83f-4e84-b85f-21196eef0f1c', '25.07~25.10 마일리지 연속 1등', '2026-03-23 07:09:35.685444+00'),
	('7afe5d01-94a9-47e9-9c9b-5c6962f0029b', 'c71fcfd9-35a7-4fb7-a5d3-1885e0e9df45', 'f0f85a33-5198-45d3-ab8a-0a8d5471b4c5', '2026-03-23 08:24:51.755416+00', 'f0fdb89e-08bc-4679-8ad9-2e0efc11130e', '연속', '2026-03-23 08:24:51.755416+00');


--
-- Data for Name: notifications; Type: TABLE DATA; Schema: public; Owner: postgres
--

INSERT INTO "public"."notifications" ("id", "user_id", "actor_id", "workout_id", "club_id", "type", "comment_text", "created_at", "read", "comment_id") VALUES
	('7bfa0e4c-290e-4f12-8406-bcd7dd6226c5', 'deef7054-b056-4178-a3fe-05b1d973354a', 'fc18429b-a83f-4e84-b85f-21196eef0f1c', '8d93a806-5626-4460-a6f9-1754fa2a8915', '060f6d80-8e5a-472a-b89f-8a72c54f0b9d', 'like', NULL, '2026-03-31 09:54:24.66415+00', false, NULL),
	('c204b090-e05a-4416-b14c-7748d0b0b711', 'a9c41beb-1fef-4741-a610-fd92bfb33398', 'd9f76084-3377-4f1f-aaa2-e32b387fb416', '623013b2-ea8c-4895-8253-02caf6bf4a4f', '060f6d80-8e5a-472a-b89f-8a72c54f0b9d', 'like', NULL, '2026-03-31 10:20:56.801682+00', false, NULL),
	('3b43220a-5e25-442e-8d66-71fa9e80c3c6', 'fbd7f27f-74fa-4d86-bf06-c908cd28e5d4', 'fc18429b-a83f-4e84-b85f-21196eef0f1c', '4beec015-3923-4604-baa0-3f1411ea3b1c', 'fbe91eb6-d0bb-46cb-901e-c6c20ccdb0e4', 'comment', '최고의 고수. 리스펙합니다.', '2026-03-18 06:12:02.421739+00', false, '4c1b6f4a-8f9f-41e8-86e4-1a4485a1593b'),
	('accef83e-f550-4491-8f12-4a21c04feb7a', 'fbd7f27f-74fa-4d86-bf06-c908cd28e5d4', 'fc18429b-a83f-4e84-b85f-21196eef0f1c', '4beec015-3923-4604-baa0-3f1411ea3b1c', 'fbe91eb6-d0bb-46cb-901e-c6c20ccdb0e4', 'comment', '굿', '2026-03-19 00:51:34.759768+00', false, 'a1d20283-c609-4783-9a36-8c4816c85c92'),
	('2a97a53a-81ed-46fa-86d4-9b5e52b1b3f2', 'fc18429b-a83f-4e84-b85f-21196eef0f1c', '91673d9d-eb77-4db3-959e-6d320beb3920', '19e203c3-b2f9-49e4-8e50-2423cac0c9d2', 'fbe91eb6-d0bb-46cb-901e-c6c20ccdb0e4', 'like', NULL, '2026-03-19 04:53:02.505848+00', true, NULL),
	('f21e5ef6-5bbe-409e-9799-0b2efde8c050', 'aafe258d-7239-48c7-8435-c988c4f4ae15', 'fc18429b-a83f-4e84-b85f-21196eef0f1c', '6620d673-ba5a-419c-9216-c0d8ab330cb4', 'c71fcfd9-35a7-4fb7-a5d3-1885e0e9df45', 'like', NULL, '2026-03-19 14:27:01.756913+00', false, NULL),
	('d414b714-b1a5-465e-b23d-c467f6c4415b', '869e9ba6-f4b1-496e-9735-a391c7022be8', 'fc18429b-a83f-4e84-b85f-21196eef0f1c', '2127c8a1-06bd-4404-a313-0b4c190b8e75', '7a7f0e83-494c-4d38-aee9-b4009e8f00b2', 'like', NULL, '2026-03-19 16:34:12.732547+00', false, NULL),
	('b1248e6f-d89f-4bb5-b92c-cc21e4e6b782', '869e9ba6-f4b1-496e-9735-a391c7022be8', 'fc18429b-a83f-4e84-b85f-21196eef0f1c', '2127c8a1-06bd-4404-a313-0b4c190b8e75', '7a7f0e83-494c-4d38-aee9-b4009e8f00b2', 'comment', '굿입니다 러닝 굿', '2026-03-19 16:34:56.230309+00', false, 'f48ce1ce-7b33-4368-b27c-7d0b5d359ac8'),
	('b41bca9e-9051-4525-8d68-9a29e4e1ea77', '869e9ba6-f4b1-496e-9735-a391c7022be8', 'fc18429b-a83f-4e84-b85f-21196eef0f1c', 'f9294e44-dbe4-450d-9a5d-82a1f418527c', '7a7f0e83-494c-4d38-aee9-b4009e8f00b2', 'like', NULL, '2026-03-19 23:35:49.383262+00', false, NULL),
	('4d4e654e-39f1-4fe5-bac8-c379b7f30f7d', 'fbd7f27f-74fa-4d86-bf06-c908cd28e5d4', '8ada6a16-06a2-4668-b46a-d7214b840f92', 'd2e6aad1-8177-45dc-a2b0-a696d5849738', 'fbe91eb6-d0bb-46cb-901e-c6c20ccdb0e4', 'like', NULL, '2026-03-21 03:06:42.77791+00', false, NULL),
	('106a2142-e5fb-4179-b41b-f2d98dd948ba', 'fbd7f27f-74fa-4d86-bf06-c908cd28e5d4', 'fc18429b-a83f-4e84-b85f-21196eef0f1c', 'd2e6aad1-8177-45dc-a2b0-a696d5849738', 'fbe91eb6-d0bb-46cb-901e-c6c20ccdb0e4', 'like', NULL, '2026-03-21 04:26:31.569173+00', false, NULL),
	('16b7eb46-5475-4f29-802a-519da7a7adcc', 'fc18429b-a83f-4e84-b85f-21196eef0f1c', '91673d9d-eb77-4db3-959e-6d320beb3920', '005f251b-3350-424e-a13f-7512ff120a78', 'fbe91eb6-d0bb-46cb-901e-c6c20ccdb0e4', 'like', NULL, '2026-03-20 13:52:27.344313+00', true, NULL),
	('ed0b4f8b-bf68-404a-96df-b5c29176769f', 'fbd7f27f-74fa-4d86-bf06-c908cd28e5d4', '91673d9d-eb77-4db3-959e-6d320beb3920', 'd2e6aad1-8177-45dc-a2b0-a696d5849738', 'fbe91eb6-d0bb-46cb-901e-c6c20ccdb0e4', 'like', NULL, '2026-03-21 10:59:53.483471+00', false, NULL),
	('2f8b3657-9e57-4ea6-99b2-c447a62aaab7', 'fbd7f27f-74fa-4d86-bf06-c908cd28e5d4', '91673d9d-eb77-4db3-959e-6d320beb3920', 'd2e6aad1-8177-45dc-a2b0-a696d5849738', 'fbe91eb6-d0bb-46cb-901e-c6c20ccdb0e4', 'comment', '굿', '2026-03-21 11:00:06.611806+00', false, '4527617c-354f-4cc8-b738-e3b3f817e078'),
	('e2345249-8f82-4375-8ffd-6dbd7108e506', '91673d9d-eb77-4db3-959e-6d320beb3920', 'fc18429b-a83f-4e84-b85f-21196eef0f1c', '1a7ceb0f-afeb-4d9b-a324-58e827d37066', 'fbe91eb6-d0bb-46cb-901e-c6c20ccdb0e4', 'comment', '개고수', '2026-03-19 01:06:05.066254+00', true, '4703b48b-82a6-41e7-98ea-e92ce0df5f6d'),
	('18724322-11ce-4227-806e-3ccbc5f0d643', '91673d9d-eb77-4db3-959e-6d320beb3920', 'fc18429b-a83f-4e84-b85f-21196eef0f1c', 'ec0bc282-207b-4d40-badd-1f85c2739000', 'fbe91eb6-d0bb-46cb-901e-c6c20ccdb0e4', 'like', NULL, '2026-03-19 13:49:55.608246+00', true, NULL),
	('d0d701d1-eb55-4902-b169-bf9298a8f1c2', '91673d9d-eb77-4db3-959e-6d320beb3920', 'fc18429b-a83f-4e84-b85f-21196eef0f1c', 'ec0bc282-207b-4d40-badd-1f85c2739000', 'fbe91eb6-d0bb-46cb-901e-c6c20ccdb0e4', 'comment', '단지내 달리기 너무 부럽습니다 굿잡', '2026-03-19 13:50:32.676105+00', true, '73a16704-7502-45cd-8967-aada72081e54'),
	('ea4dca58-9b42-4eca-8349-bb67562eb874', '91673d9d-eb77-4db3-959e-6d320beb3920', 'fc18429b-a83f-4e84-b85f-21196eef0f1c', 'a7affb21-004f-4e21-869f-fc1dc0c6ad50', 'fbe91eb6-d0bb-46cb-901e-c6c20ccdb0e4', 'like', NULL, '2026-03-20 14:30:01.707782+00', true, NULL),
	('3731a422-29ad-4e20-831c-d65db1dea3b1', '91673d9d-eb77-4db3-959e-6d320beb3920', 'fc18429b-a83f-4e84-b85f-21196eef0f1c', 'a7affb21-004f-4e21-869f-fc1dc0c6ad50', 'fbe91eb6-d0bb-46cb-901e-c6c20ccdb0e4', 'comment', '매일 뛰시네요 굿', '2026-03-20 14:30:33.171264+00', true, 'a905f333-6a2f-4975-b3ac-b5e16992c02f'),
	('3b920ff6-2da1-4bd0-bb10-2aa9387f7fa3', '91673d9d-eb77-4db3-959e-6d320beb3920', '8ada6a16-06a2-4668-b46a-d7214b840f92', '12af2361-1d72-430f-9ab4-d0bf7d6f8c80', 'fbe91eb6-d0bb-46cb-901e-c6c20ccdb0e4', 'like', NULL, '2026-03-21 23:24:24.136376+00', true, NULL),
	('ba792923-eac3-4729-8cc6-6c03584cbeec', '91673d9d-eb77-4db3-959e-6d320beb3920', 'fbd7f27f-74fa-4d86-bf06-c908cd28e5d4', '12af2361-1d72-430f-9ab4-d0bf7d6f8c80', 'fbe91eb6-d0bb-46cb-901e-c6c20ccdb0e4', 'like', NULL, '2026-03-22 00:25:34.905676+00', true, NULL),
	('475404b3-bd4b-4178-949b-19f5049817f6', '91673d9d-eb77-4db3-959e-6d320beb3920', 'fc18429b-a83f-4e84-b85f-21196eef0f1c', '12af2361-1d72-430f-9ab4-d0bf7d6f8c80', 'fbe91eb6-d0bb-46cb-901e-c6c20ccdb0e4', 'like', NULL, '2026-03-22 04:03:31.371062+00', true, NULL),
	('b72087aa-678d-45ca-91c8-59a25ce2e326', '91673d9d-eb77-4db3-959e-6d320beb3920', 'fc18429b-a83f-4e84-b85f-21196eef0f1c', '565f6497-67ec-4c1f-97df-1fa84b7f545f', 'fbe91eb6-d0bb-46cb-901e-c6c20ccdb0e4', 'like', NULL, '2026-03-22 10:58:38.254464+00', true, NULL),
	('d98be6e3-98cc-4fb9-9c60-e4b08b02d810', 'fbd7f27f-74fa-4d86-bf06-c908cd28e5d4', 'fc18429b-a83f-4e84-b85f-21196eef0f1c', 'd2e6aad1-8177-45dc-a2b0-a696d5849738', 'fbe91eb6-d0bb-46cb-901e-c6c20ccdb0e4', 'like', NULL, '2026-03-23 02:08:50.719037+00', false, NULL),
	('d5256b2a-c4ab-42eb-b053-0c83ce348329', '62c34c3e-b2aa-4361-adc9-38e9fdb9c52b', '48941b2d-35ea-4d6a-9cb9-0f9e9421f31f', '00746062-63c5-4d59-87ca-9e21d3f03460', 'c71fcfd9-35a7-4fb7-a5d3-1885e0e9df45', 'like', NULL, '2026-03-23 23:28:31.543163+00', false, NULL),
	('18f3368d-decb-45c6-8d7d-17e63802baf3', '62c34c3e-b2aa-4361-adc9-38e9fdb9c52b', '48941b2d-35ea-4d6a-9cb9-0f9e9421f31f', '00746062-63c5-4d59-87ca-9e21d3f03460', 'c71fcfd9-35a7-4fb7-a5d3-1885e0e9df45', 'comment', '테스터님은 미래에서 뛰어오셨군요!! 멋져요~', '2026-03-23 23:28:52.062982+00', false, 'b5a7c92e-d719-4208-acdb-6b14fc4a5fac'),
	('d5e8cd58-28a8-4b08-8824-e94621bc5ca5', '48941b2d-35ea-4d6a-9cb9-0f9e9421f31f', 'fc18429b-a83f-4e84-b85f-21196eef0f1c', '99596581-742f-4947-83bf-a0eb2beb64f2', 'c71fcfd9-35a7-4fb7-a5d3-1885e0e9df45', 'like', NULL, '2026-03-23 15:20:49.166289+00', true, NULL),
	('a2cfc068-8fb0-4a7f-a4b9-e03a7afca8b9', '48941b2d-35ea-4d6a-9cb9-0f9e9421f31f', 'fc18429b-a83f-4e84-b85f-21196eef0f1c', 'ab848810-deb1-4519-993e-5125d37254dd', 'c71fcfd9-35a7-4fb7-a5d3-1885e0e9df45', 'like', NULL, '2026-03-23 15:20:49.661428+00', true, NULL),
	('d8431b11-b631-41ce-aacb-abc645aa84ee', '48941b2d-35ea-4d6a-9cb9-0f9e9421f31f', 'fc18429b-a83f-4e84-b85f-21196eef0f1c', '91b433d1-acf9-4352-b360-fbc1602e8f8f', 'c71fcfd9-35a7-4fb7-a5d3-1885e0e9df45', 'like', NULL, '2026-03-23 23:28:39.753241+00', true, NULL),
	('7e87ce84-3a9f-42b6-b833-c6d934d51ddf', '62c34c3e-b2aa-4361-adc9-38e9fdb9c52b', 'fc18429b-a83f-4e84-b85f-21196eef0f1c', '00746062-63c5-4d59-87ca-9e21d3f03460', 'c71fcfd9-35a7-4fb7-a5d3-1885e0e9df45', 'like', NULL, '2026-03-24 00:51:37.64384+00', false, NULL),
	('e8fab589-6442-42f5-8e2d-c5837347bb4e', 'f0fdb89e-08bc-4679-8ad9-2e0efc11130e', 'fc18429b-a83f-4e84-b85f-21196eef0f1c', '5384c50b-bb67-4eaf-97d9-bd15d2f43bb6', 'c71fcfd9-35a7-4fb7-a5d3-1885e0e9df45', 'like', NULL, '2026-03-23 15:20:48.237631+00', true, NULL),
	('31d28fa4-baf8-4772-b48f-42f7fda15757', 'f0fdb89e-08bc-4679-8ad9-2e0efc11130e', 'fc18429b-a83f-4e84-b85f-21196eef0f1c', 'f39f0657-6a3a-4acd-89c6-ab11eff3c5fd', 'c71fcfd9-35a7-4fb7-a5d3-1885e0e9df45', 'like', NULL, '2026-03-23 15:20:48.688502+00', true, NULL),
	('4f4e3aaa-9aa7-4398-ab04-3345b6e6297e', 'f0fdb89e-08bc-4679-8ad9-2e0efc11130e', '48941b2d-35ea-4d6a-9cb9-0f9e9421f31f', '5c67fcc7-8d94-4faa-b010-ae46a49fa5e7', 'c71fcfd9-35a7-4fb7-a5d3-1885e0e9df45', 'like', NULL, '2026-03-23 23:34:50.609047+00', true, NULL),
	('e45468d3-019e-486d-a8ce-314135cc9b86', 'f0fdb89e-08bc-4679-8ad9-2e0efc11130e', 'fc18429b-a83f-4e84-b85f-21196eef0f1c', '5c67fcc7-8d94-4faa-b010-ae46a49fa5e7', 'c71fcfd9-35a7-4fb7-a5d3-1885e0e9df45', 'like', NULL, '2026-03-24 00:08:49.511977+00', true, NULL),
	('dde6eb37-30fd-47d7-9b36-58c00f5564ef', 'c56262a3-c472-4fdf-82e7-1c6226957254', 'fc18429b-a83f-4e84-b85f-21196eef0f1c', '673ab0f8-8416-40b6-b165-c79e49d3d5c2', 'd7678799-2e08-4ae8-a579-f8151a732b59', 'like', NULL, '2026-03-25 03:51:08.127706+00', false, NULL),
	('96fa6ff4-b4a4-42f2-8c13-43ffecd17950', '7fff6df0-f6f9-40b9-a113-442e8c6b28c0', 'fc18429b-a83f-4e84-b85f-21196eef0f1c', 'c07e4835-b265-4e9f-b386-db980a1c4576', 'd7678799-2e08-4ae8-a579-f8151a732b59', 'like', NULL, '2026-03-25 03:51:08.72057+00', false, NULL),
	('f8c41179-2e28-4aaf-bb1e-2968a83af98f', 'a9bbbbe7-b415-4290-9bcb-31ac341fea45', 'fc18429b-a83f-4e84-b85f-21196eef0f1c', '5208d9d4-e196-4f9c-a88b-8658af58cc93', 'd7678799-2e08-4ae8-a579-f8151a732b59', 'like', NULL, '2026-03-25 03:51:09.372368+00', true, NULL),
	('fd01affd-9bda-48d6-afe5-6ed02a289c19', 'a9bbbbe7-b415-4290-9bcb-31ac341fea45', 'fc18429b-a83f-4e84-b85f-21196eef0f1c', '3df27338-f90f-43a4-a668-c4463a47d1ed', 'd7678799-2e08-4ae8-a579-f8151a732b59', 'like', NULL, '2026-03-25 03:51:12.126042+00', true, NULL),
	('7d512d49-754d-43e3-a0f6-c9cac481f82d', '8ada6a16-06a2-4668-b46a-d7214b840f92', 'fc18429b-a83f-4e84-b85f-21196eef0f1c', '627c8419-9e9f-40e3-b9d9-128dcea7eaab', 'fbe91eb6-d0bb-46cb-901e-c6c20ccdb0e4', 'like', NULL, '2026-03-18 23:20:06.964189+00', true, NULL),
	('a07c094c-e6c4-41bf-9a62-ce6235c2512c', '8ada6a16-06a2-4668-b46a-d7214b840f92', '91673d9d-eb77-4db3-959e-6d320beb3920', '627c8419-9e9f-40e3-b9d9-128dcea7eaab', 'fbe91eb6-d0bb-46cb-901e-c6c20ccdb0e4', 'like', NULL, '2026-03-19 04:52:58.40064+00', true, NULL),
	('96a3ac68-10bf-4a85-a0d1-ce948863e03f', '8ada6a16-06a2-4668-b46a-d7214b840f92', 'fc18429b-a83f-4e84-b85f-21196eef0f1c', '627c8419-9e9f-40e3-b9d9-128dcea7eaab', 'fbe91eb6-d0bb-46cb-901e-c6c20ccdb0e4', 'like', NULL, '2026-03-19 15:25:09.17952+00', true, NULL),
	('bfc36a1e-2c2f-45b7-b760-e7dbf5bdda45', '48941b2d-35ea-4d6a-9cb9-0f9e9421f31f', 'fc18429b-a83f-4e84-b85f-21196eef0f1c', '91b433d1-acf9-4352-b360-fbc1602e8f8f', 'd7678799-2e08-4ae8-a579-f8151a732b59', 'like', NULL, '2026-03-25 03:51:12.724952+00', false, NULL),
	('38832667-b90b-4bce-ab37-025c2fd887e6', '48c3951d-58ba-48c8-899b-5cbfe67f8420', 'd9f76084-3377-4f1f-aaa2-e32b387fb416', '4035b8df-6f41-4bee-9a30-1ab3b1ade04d', '060f6d80-8e5a-472a-b89f-8a72c54f0b9d', 'like', NULL, '2026-03-31 10:20:53.812822+00', false, NULL),
	('ebb956d7-8f42-4ed4-8786-e725ad65d548', 'a9c41beb-1fef-4741-a610-fd92bfb33398', 'd9f76084-3377-4f1f-aaa2-e32b387fb416', '4b1ce837-7600-4d03-9681-5cb98e4141b7', '060f6d80-8e5a-472a-b89f-8a72c54f0b9d', 'like', NULL, '2026-03-31 10:20:57.477747+00', false, NULL),
	('16b613af-476e-49b2-89d8-f94c5e5e896b', '48941b2d-35ea-4d6a-9cb9-0f9e9421f31f', 'fc18429b-a83f-4e84-b85f-21196eef0f1c', '99596581-742f-4947-83bf-a0eb2beb64f2', 'd7678799-2e08-4ae8-a579-f8151a732b59', 'like', NULL, '2026-03-25 03:51:22.338949+00', false, NULL),
	('1d13bf0a-1065-4ec9-98ca-615ad2205887', '48941b2d-35ea-4d6a-9cb9-0f9e9421f31f', 'fc18429b-a83f-4e84-b85f-21196eef0f1c', 'ab848810-deb1-4519-993e-5125d37254dd', 'd7678799-2e08-4ae8-a579-f8151a732b59', 'like', NULL, '2026-03-25 03:51:22.769857+00', false, NULL),
	('a5d3d440-018a-4d8f-8068-f4101180dd4f', 'deef7054-b056-4178-a3fe-05b1d973354a', 'fc18429b-a83f-4e84-b85f-21196eef0f1c', '2ad4e41b-98a7-4cf7-8ee7-ddfc3ee3f366', 'd7678799-2e08-4ae8-a579-f8151a732b59', 'like', NULL, '2026-03-25 05:57:52.919713+00', false, NULL),
	('631b60d1-5f83-4e99-9977-131fa0e45f3f', '91673d9d-eb77-4db3-959e-6d320beb3920', 'fc18429b-a83f-4e84-b85f-21196eef0f1c', '12af2361-1d72-430f-9ab4-d0bf7d6f8c80', 'fbe91eb6-d0bb-46cb-901e-c6c20ccdb0e4', 'like', NULL, '2026-03-23 02:08:49.727562+00', true, NULL),
	('3885b957-1655-487e-bbf5-80cd5a5a0ac3', '91673d9d-eb77-4db3-959e-6d320beb3920', 'fc18429b-a83f-4e84-b85f-21196eef0f1c', '12af2361-1d72-430f-9ab4-d0bf7d6f8c80', 'fbe91eb6-d0bb-46cb-901e-c6c20ccdb0e4', 'comment', '굿', '2026-03-23 02:09:10.089698+00', true, 'c3e9810c-90af-4d1f-9069-14d06f966705'),
	('9cc9c964-0602-4fbf-afc4-f1aae755777b', '91673d9d-eb77-4db3-959e-6d320beb3920', 'fc18429b-a83f-4e84-b85f-21196eef0f1c', '565f6497-67ec-4c1f-97df-1fa84b7f545f', 'fbe91eb6-d0bb-46cb-901e-c6c20ccdb0e4', 'comment', '굿', '2026-03-23 02:09:16.924993+00', true, 'db577070-1df4-455c-bece-bcc81ba18546'),
	('f20c7e7b-7a55-4907-aa65-8f9cc6ede074', 'a566d47e-ff8d-4c85-aea1-1cbe54377cca', 'fc18429b-a83f-4e84-b85f-21196eef0f1c', '66ef271c-2d47-43de-bcd2-ce46c8e1ead5', 'd7678799-2e08-4ae8-a579-f8151a732b59', 'like', NULL, '2026-03-26 00:53:26.895279+00', false, NULL),
	('2ecefa3a-70e6-4451-931a-8d52a330da34', '1e379fe1-ea07-44b2-8915-7bf356b82936', 'fc18429b-a83f-4e84-b85f-21196eef0f1c', 'd41fc0cf-e6ee-4203-a01a-58b6d89053dd', 'd7678799-2e08-4ae8-a579-f8151a732b59', 'like', NULL, '2026-03-27 02:44:52.411892+00', false, NULL),
	('ae76ce78-9db3-4db9-bcac-ce37a946491d', 'fbd7f27f-74fa-4d86-bf06-c908cd28e5d4', '8ada6a16-06a2-4668-b46a-d7214b840f92', '5aab4ac6-bd6e-47e1-ac65-db95bdcec7b2', 'fbe91eb6-d0bb-46cb-901e-c6c20ccdb0e4', 'like', NULL, '2026-03-28 08:19:35.862949+00', false, NULL),
	('11ab4af1-0712-42a0-95b8-959c099293e1', 'fbd7f27f-74fa-4d86-bf06-c908cd28e5d4', 'fc18429b-a83f-4e84-b85f-21196eef0f1c', '5aab4ac6-bd6e-47e1-ac65-db95bdcec7b2', 'fbe91eb6-d0bb-46cb-901e-c6c20ccdb0e4', 'like', NULL, '2026-03-28 14:44:35.33617+00', false, NULL),
	('4e4105e1-334d-48d4-99b4-74c5729188c8', 'ace4c332-f387-41dc-9c74-f5db9fc485a5', 'fc18429b-a83f-4e84-b85f-21196eef0f1c', '40833697-8ac4-4934-a5cf-41a5056cc4bd', '7a7f0e83-494c-4d38-aee9-b4009e8f00b2', 'like', NULL, '2026-03-28 14:46:28.708058+00', false, NULL),
	('7599cb5a-441c-4acb-88ea-69dcddfa074e', 'ace4c332-f387-41dc-9c74-f5db9fc485a5', 'fc18429b-a83f-4e84-b85f-21196eef0f1c', '40833697-8ac4-4934-a5cf-41a5056cc4bd', '7a7f0e83-494c-4d38-aee9-b4009e8f00b2', 'comment', '운동 더하세요 좋습니다', '2026-03-28 14:46:37.914285+00', false, '160fe8ca-e6d0-4abf-85d4-b043750b7da1'),
	('b11212a6-0a2f-47d5-93d0-e8bf975e346d', '8d610a7f-41fa-472c-86f4-f1bf47c4ff43', 'fc18429b-a83f-4e84-b85f-21196eef0f1c', '94bc074a-c00d-41fd-b5d2-7c98676d478e', 'd7678799-2e08-4ae8-a579-f8151a732b59', 'like', NULL, '2026-03-29 01:10:23.903047+00', false, NULL),
	('16137a0c-bd43-4555-94ce-d97bd4ea7546', '8d610a7f-41fa-472c-86f4-f1bf47c4ff43', 'fc18429b-a83f-4e84-b85f-21196eef0f1c', 'c450300c-47a6-44b8-8f98-c177945f6af3', 'd7678799-2e08-4ae8-a579-f8151a732b59', 'like', NULL, '2026-03-29 01:10:24.264829+00', false, NULL),
	('6ed46a44-b20f-4d7e-a8f1-cde78f6a1ede', '8d610a7f-41fa-472c-86f4-f1bf47c4ff43', 'fc18429b-a83f-4e84-b85f-21196eef0f1c', '3bd230b8-dca9-4e0b-81c4-4162b0112a14', 'd7678799-2e08-4ae8-a579-f8151a732b59', 'like', NULL, '2026-03-29 01:10:24.635944+00', false, NULL),
	('1116a575-aa62-412c-a229-7b25f4b11057', 'a9bbbbe7-b415-4290-9bcb-31ac341fea45', 'fc18429b-a83f-4e84-b85f-21196eef0f1c', '80b98be8-4d2c-4122-9893-ee733112dc9b', 'd7678799-2e08-4ae8-a579-f8151a732b59', 'like', NULL, '2026-03-25 03:51:13.608942+00', true, NULL),
	('50af3060-bd5d-407a-8224-0b2b274f41ce', 'a9bbbbe7-b415-4290-9bcb-31ac341fea45', 'fc18429b-a83f-4e84-b85f-21196eef0f1c', 'f3402f96-6482-4905-b156-62cfc92b7334', 'd7678799-2e08-4ae8-a579-f8151a732b59', 'like', NULL, '2026-03-26 00:53:21.996223+00', true, NULL),
	('7be12daa-7530-4bb0-af5e-d47c42562ef9', 'a9bbbbe7-b415-4290-9bcb-31ac341fea45', 'fc18429b-a83f-4e84-b85f-21196eef0f1c', 'd4614edc-f0b5-4f0a-9261-d4f1b01e8d34', 'd7678799-2e08-4ae8-a579-f8151a732b59', 'like', NULL, '2026-03-26 00:53:26.333984+00', true, NULL),
	('6d4d62c1-7349-4cb6-a0d3-9ea341efb465', 'a9bbbbe7-b415-4290-9bcb-31ac341fea45', 'fc18429b-a83f-4e84-b85f-21196eef0f1c', '92424e4b-080c-4d49-8fd7-34826014eb84', 'd7678799-2e08-4ae8-a579-f8151a732b59', 'like', NULL, '2026-03-26 09:09:28.46019+00', true, NULL),
	('6503d143-f372-4636-8d68-d3d76fb649d4', 'a9bbbbe7-b415-4290-9bcb-31ac341fea45', 'fc18429b-a83f-4e84-b85f-21196eef0f1c', 'cca37bf5-9b47-4891-85d6-1cef759999a6', 'd7678799-2e08-4ae8-a579-f8151a732b59', 'like', NULL, '2026-03-28 01:11:56.533064+00', true, NULL),
	('5fd02109-ce1f-4b96-a51e-f5011f7db4ea', 'a9bbbbe7-b415-4290-9bcb-31ac341fea45', 'fc18429b-a83f-4e84-b85f-21196eef0f1c', 'c4fd2c6f-9e02-4942-8514-a212c05684a3', 'd7678799-2e08-4ae8-a579-f8151a732b59', 'like', NULL, '2026-03-29 01:10:20.570705+00', true, NULL),
	('f4f6682e-0637-4031-b61b-196fb1cfdce5', 'a9bbbbe7-b415-4290-9bcb-31ac341fea45', 'fc18429b-a83f-4e84-b85f-21196eef0f1c', '02c11232-e2a6-47b6-9806-e72d73a1ceb8', 'd7678799-2e08-4ae8-a579-f8151a732b59', 'like', NULL, '2026-03-29 01:10:25.026542+00', true, NULL),
	('9b75ee4e-bd3b-4d55-8dc1-284f24fefa00', '1fc15443-a8aa-4653-9e70-802b2b2855ed', 'fc18429b-a83f-4e84-b85f-21196eef0f1c', 'c90f8ef1-00e6-44e3-afd4-58b25dd21ff5', 'd7678799-2e08-4ae8-a579-f8151a732b59', 'like', NULL, '2026-03-29 10:13:08.76462+00', false, NULL),
	('14dcf6de-4c22-4071-8613-997a85c29e26', 'fbd7f27f-74fa-4d86-bf06-c908cd28e5d4', 'fc18429b-a83f-4e84-b85f-21196eef0f1c', 'c7129479-ecd3-4ca0-b5bd-fe719c04f557', 'fbe91eb6-d0bb-46cb-901e-c6c20ccdb0e4', 'like', NULL, '2026-03-29 10:13:59.405574+00', false, NULL),
	('f7747fa2-c8f6-40aa-9adb-da9a3aa0bf06', 'fbd7f27f-74fa-4d86-bf06-c908cd28e5d4', '91673d9d-eb77-4db3-959e-6d320beb3920', 'c7129479-ecd3-4ca0-b5bd-fe719c04f557', 'fbe91eb6-d0bb-46cb-901e-c6c20ccdb0e4', 'like', NULL, '2026-03-29 10:16:58.083845+00', false, NULL),
	('62898fb0-b430-4950-9872-016f0386888c', 'fc18429b-a83f-4e84-b85f-21196eef0f1c', '91673d9d-eb77-4db3-959e-6d320beb3920', '071301c7-4d45-419f-9be6-97069ad6cdab', 'fbe91eb6-d0bb-46cb-901e-c6c20ccdb0e4', 'like', NULL, '2026-03-29 10:16:59.084064+00', true, NULL),
	('93b21b79-fe38-4baa-af72-cf318cace329', '693068d3-de1a-4397-9f2f-d009acacba2e', 'fc18429b-a83f-4e84-b85f-21196eef0f1c', '9bd16077-c7bf-4966-8afc-1a98fc120e0c', 'd20f1283-5379-4f78-9ec6-7cef09ab1964', 'like', NULL, '2026-03-29 13:35:47.578717+00', false, NULL),
	('39e025cd-6e9a-4acb-abdb-7d37fdb7d0c6', 'fc18429b-a83f-4e84-b85f-21196eef0f1c', '693068d3-de1a-4397-9f2f-d009acacba2e', '071301c7-4d45-419f-9be6-97069ad6cdab', 'd20f1283-5379-4f78-9ec6-7cef09ab1964', 'like', NULL, '2026-03-29 12:57:55.068384+00', true, NULL),
	('8178951c-cc53-464a-8451-530a76a50595', '91673d9d-eb77-4db3-959e-6d320beb3920', 'fc18429b-a83f-4e84-b85f-21196eef0f1c', '30561494-bdf6-4b02-8c84-7e489fbd8c01', 'fbe91eb6-d0bb-46cb-901e-c6c20ccdb0e4', 'like', NULL, '2026-03-26 09:26:58.462701+00', true, NULL),
	('b342c7d3-d522-4981-8eb3-19caa9d5eb35', '91673d9d-eb77-4db3-959e-6d320beb3920', '8ada6a16-06a2-4668-b46a-d7214b840f92', '7229d9d2-fab6-4205-89ab-3ae77c2c8aa0', 'fbe91eb6-d0bb-46cb-901e-c6c20ccdb0e4', 'like', NULL, '2026-03-27 23:39:17.688573+00', true, NULL),
	('a3bd94a2-beba-419f-9ab2-91192f08d779', '91673d9d-eb77-4db3-959e-6d320beb3920', '8ada6a16-06a2-4668-b46a-d7214b840f92', '30561494-bdf6-4b02-8c84-7e489fbd8c01', 'fbe91eb6-d0bb-46cb-901e-c6c20ccdb0e4', 'like', NULL, '2026-03-27 23:39:22.531399+00', true, NULL),
	('713c882d-4a29-4998-8400-d3fd6bf5a97e', '91673d9d-eb77-4db3-959e-6d320beb3920', 'fc18429b-a83f-4e84-b85f-21196eef0f1c', '7229d9d2-fab6-4205-89ab-3ae77c2c8aa0', 'fbe91eb6-d0bb-46cb-901e-c6c20ccdb0e4', 'like', NULL, '2026-03-28 08:36:12.928373+00', true, NULL),
	('ce495e37-97e1-46ef-9bec-464b2d0a77be', '91673d9d-eb77-4db3-959e-6d320beb3920', 'fbd7f27f-74fa-4d86-bf06-c908cd28e5d4', 'decc81fc-c82f-4785-a427-6ffa0ab62b57', 'fbe91eb6-d0bb-46cb-901e-c6c20ccdb0e4', 'like', NULL, '2026-03-29 04:48:00.808757+00', true, NULL),
	('8240b95e-b41f-4729-9d1a-a134855969d9', '91673d9d-eb77-4db3-959e-6d320beb3920', 'fbd7f27f-74fa-4d86-bf06-c908cd28e5d4', 'decc81fc-c82f-4785-a427-6ffa0ab62b57', 'fbe91eb6-d0bb-46cb-901e-c6c20ccdb0e4', 'comment', '완주 축하드립니다ㅎㅎ', '2026-03-29 04:48:07.00291+00', true, '47042a57-64ff-4e43-859a-b68fb1837cf4'),
	('0e7b4291-1a32-4c9c-aae5-ed41b0e5e17f', '91673d9d-eb77-4db3-959e-6d320beb3920', 'fc18429b-a83f-4e84-b85f-21196eef0f1c', 'decc81fc-c82f-4785-a427-6ffa0ab62b57', 'fbe91eb6-d0bb-46cb-901e-c6c20ccdb0e4', 'like', NULL, '2026-03-29 10:13:56.687318+00', true, NULL),
	('349478b8-efef-4161-8f5d-2b49632ebed3', '91673d9d-eb77-4db3-959e-6d320beb3920', 'fc18429b-a83f-4e84-b85f-21196eef0f1c', 'decc81fc-c82f-4785-a427-6ffa0ab62b57', 'fbe91eb6-d0bb-46cb-901e-c6c20ccdb0e4', 'comment', '완주 추카추카', '2026-03-29 10:14:28.798874+00', true, 'fb43e844-0a96-4aa6-9bc6-27f91c53d693'),
	('2d2ca7aa-4c01-40dd-947f-29742d6e7d18', 'f0fdb89e-08bc-4679-8ad9-2e0efc11130e', 'fc18429b-a83f-4e84-b85f-21196eef0f1c', '5c67fcc7-8d94-4faa-b010-ae46a49fa5e7', 'd7678799-2e08-4ae8-a579-f8151a732b59', 'like', NULL, '2026-03-25 03:51:13.157916+00', true, NULL),
	('6383040d-e9f1-4664-bad8-5d333607c860', 'f0fdb89e-08bc-4679-8ad9-2e0efc11130e', 'fc18429b-a83f-4e84-b85f-21196eef0f1c', '5384c50b-bb67-4eaf-97d9-bd15d2f43bb6', 'd7678799-2e08-4ae8-a579-f8151a732b59', 'like', NULL, '2026-03-25 03:51:16.126222+00', true, NULL),
	('54470e74-4115-4feb-b62e-735b6e7f3fac', 'f0fdb89e-08bc-4679-8ad9-2e0efc11130e', 'fc18429b-a83f-4e84-b85f-21196eef0f1c', 'f39f0657-6a3a-4acd-89c6-ab11eff3c5fd', 'd7678799-2e08-4ae8-a579-f8151a732b59', 'like', NULL, '2026-03-25 03:51:17.02157+00', true, NULL),
	('1836e712-2402-485e-a809-06ba30036c25', 'a9bbbbe7-b415-4290-9bcb-31ac341fea45', '1fc15443-a8aa-4653-9e70-802b2b2855ed', 'c4fd2c6f-9e02-4942-8514-a212c05684a3', 'd7678799-2e08-4ae8-a579-f8151a732b59', 'like', NULL, '2026-03-29 08:29:02.986865+00', true, NULL),
	('7bc11946-15de-43a8-89e9-405702600d79', 'a9bbbbe7-b415-4290-9bcb-31ac341fea45', 'fc18429b-a83f-4e84-b85f-21196eef0f1c', 'd3a7c4b6-3667-4f2b-bbd0-e4c6f1642e21', 'd7678799-2e08-4ae8-a579-f8151a732b59', 'like', NULL, '2026-03-30 00:29:03.755095+00', true, NULL),
	('72e10e14-d2a5-4254-92b5-be80de5f2432', '8ada6a16-06a2-4668-b46a-d7214b840f92', 'fbd7f27f-74fa-4d86-bf06-c908cd28e5d4', 'e781ecc9-8737-4575-b569-467ef5f7ceaf', 'fbe91eb6-d0bb-46cb-901e-c6c20ccdb0e4', 'like', NULL, '2026-03-28 03:20:56.264316+00', true, NULL),
	('f52fde5f-0d92-446d-8258-65d0151dcf36', '8ada6a16-06a2-4668-b46a-d7214b840f92', 'fbd7f27f-74fa-4d86-bf06-c908cd28e5d4', 'e781ecc9-8737-4575-b569-467ef5f7ceaf', 'fbe91eb6-d0bb-46cb-901e-c6c20ccdb0e4', 'comment', '멋잇어용', '2026-03-28 03:21:04.532908+00', true, '3f933580-eb6e-4eca-89cf-b569ba36bb95'),
	('3ef10dfa-4c4e-4328-996e-f03753a0aef9', '8ada6a16-06a2-4668-b46a-d7214b840f92', 'fc18429b-a83f-4e84-b85f-21196eef0f1c', 'e781ecc9-8737-4575-b569-467ef5f7ceaf', 'fbe91eb6-d0bb-46cb-901e-c6c20ccdb0e4', 'like', NULL, '2026-03-28 08:36:37.576401+00', true, NULL),
	('333249d0-01a9-4533-a9a1-b4207a789edc', '8ada6a16-06a2-4668-b46a-d7214b840f92', 'd9f76084-3377-4f1f-aaa2-e32b387fb416', '0ef1e789-e0ee-4080-801a-a4745237b455', '060f6d80-8e5a-472a-b89f-8a72c54f0b9d', 'like', NULL, '2026-03-31 10:20:54.603187+00', false, NULL),
	('f2168130-0991-4851-b7d8-fe79a9c4ecb1', 'ace4c332-f387-41dc-9c74-f5db9fc485a5', 'fc18429b-a83f-4e84-b85f-21196eef0f1c', 'efb7de25-2b93-488c-8e42-f70d89e38b54', '7a7f0e83-494c-4d38-aee9-b4009e8f00b2', 'like', NULL, '2026-03-30 07:50:25.82443+00', false, NULL),
	('b1c129cb-9323-496a-98a1-9c0f2c7a698e', 'ace4c332-f387-41dc-9c74-f5db9fc485a5', 'fc18429b-a83f-4e84-b85f-21196eef0f1c', 'efb7de25-2b93-488c-8e42-f70d89e38b54', '7a7f0e83-494c-4d38-aee9-b4009e8f00b2', 'comment', '굿잡', '2026-03-30 12:32:40.110752+00', false, 'e86a04f1-4f52-4f98-88bf-b4aa88919457'),
	('8c1ab411-fa3b-4651-8ddb-7432f8fa96f3', '693068d3-de1a-4397-9f2f-d009acacba2e', 'fc18429b-a83f-4e84-b85f-21196eef0f1c', 'dc9052db-86ba-4e07-9204-3873f6937255', 'd20f1283-5379-4f78-9ec6-7cef09ab1964', 'like', NULL, '2026-03-30 13:28:34.528371+00', false, NULL),
	('9796569f-de01-479d-abc4-94d765c7450e', '48941b2d-35ea-4d6a-9cb9-0f9e9421f31f', 'fc18429b-a83f-4e84-b85f-21196eef0f1c', '0d69e1dc-c433-4a54-9c81-62f4198a6c87', 'd7678799-2e08-4ae8-a579-f8151a732b59', 'like', NULL, '2026-03-30 13:32:48.855586+00', false, NULL),
	('5e5f9f0d-cc8d-4ba8-8207-8af1208eab6b', '1fc15443-a8aa-4653-9e70-802b2b2855ed', '1e379fe1-ea07-44b2-8915-7bf356b82936', 'e840ccd6-6158-4c91-abe0-7150ae3cbe60', 'd7678799-2e08-4ae8-a579-f8151a732b59', 'like', NULL, '2026-03-31 06:07:57.687442+00', false, NULL),
	('44e5c05a-c645-4fc6-a4ff-f48e226f898a', 'a9bbbbe7-b415-4290-9bcb-31ac341fea45', 'fc18429b-a83f-4e84-b85f-21196eef0f1c', 'd3a7c4b6-3667-4f2b-bbd0-e4c6f1642e21', '060f6d80-8e5a-472a-b89f-8a72c54f0b9d', 'like', NULL, '2026-03-31 07:43:20.984899+00', false, NULL),
	('3473d727-0667-4270-8998-f763c122fafd', '48941b2d-35ea-4d6a-9cb9-0f9e9421f31f', 'fc18429b-a83f-4e84-b85f-21196eef0f1c', '0caa8fb0-e2cc-4c14-b210-79710691466f', '060f6d80-8e5a-472a-b89f-8a72c54f0b9d', 'like', NULL, '2026-03-31 07:43:23.247881+00', false, NULL),
	('5f2e808f-cb21-463f-87dd-d6c687f94d0b', 'a9bbbbe7-b415-4290-9bcb-31ac341fea45', 'fc18429b-a83f-4e84-b85f-21196eef0f1c', 'fd48bcb1-d3b8-4c00-8773-2a1a97708e87', '060f6d80-8e5a-472a-b89f-8a72c54f0b9d', 'like', NULL, '2026-03-31 07:43:23.777044+00', false, NULL),
	('8258f2a2-c70b-4bf2-a242-149c4ea10987', '48941b2d-35ea-4d6a-9cb9-0f9e9421f31f', 'fc18429b-a83f-4e84-b85f-21196eef0f1c', '0d69e1dc-c433-4a54-9c81-62f4198a6c87', '060f6d80-8e5a-472a-b89f-8a72c54f0b9d', 'like', NULL, '2026-03-31 07:43:30.733096+00', false, NULL),
	('a5dd064e-4cf2-4d10-aaa6-a0528d4a0584', 'a9bbbbe7-b415-4290-9bcb-31ac341fea45', 'fc18429b-a83f-4e84-b85f-21196eef0f1c', 'c4fd2c6f-9e02-4942-8514-a212c05684a3', '060f6d80-8e5a-472a-b89f-8a72c54f0b9d', 'like', NULL, '2026-03-31 07:43:31.167981+00', false, NULL),
	('2b2da278-7c5c-4738-9e06-a28ae5a51519', '91673d9d-eb77-4db3-959e-6d320beb3920', 'fc18429b-a83f-4e84-b85f-21196eef0f1c', 'decc81fc-c82f-4785-a427-6ffa0ab62b57', '060f6d80-8e5a-472a-b89f-8a72c54f0b9d', 'like', NULL, '2026-03-31 07:43:31.613153+00', false, NULL),
	('53f480b0-a4b3-451f-b103-e72c15db785f', 'a9c41beb-1fef-4741-a610-fd92bfb33398', 'fc18429b-a83f-4e84-b85f-21196eef0f1c', '623013b2-ea8c-4895-8253-02caf6bf4a4f', '060f6d80-8e5a-472a-b89f-8a72c54f0b9d', 'like', NULL, '2026-03-31 07:44:17.972384+00', false, NULL),
	('ff9e7c29-53bb-4f0f-a7c6-0d1a88e7f34e', 'a9c41beb-1fef-4741-a610-fd92bfb33398', 'fc18429b-a83f-4e84-b85f-21196eef0f1c', '4b1ce837-7600-4d03-9681-5cb98e4141b7', '060f6d80-8e5a-472a-b89f-8a72c54f0b9d', 'like', NULL, '2026-03-31 07:44:18.604156+00', false, NULL),
	('c56b5b57-1ebd-46da-bb1e-e42e70c0b017', '48c3951d-58ba-48c8-899b-5cbfe67f8420', 'fc18429b-a83f-4e84-b85f-21196eef0f1c', '4035b8df-6f41-4bee-9a30-1ab3b1ade04d', '060f6d80-8e5a-472a-b89f-8a72c54f0b9d', 'like', NULL, '2026-03-31 07:44:19.217747+00', false, NULL),
	('01161434-cd8e-4b7e-855a-6a4696185c8b', '03a2d5c1-2729-4dac-85a2-7f02e4191ccf', 'fc18429b-a83f-4e84-b85f-21196eef0f1c', '95890fc4-9f81-4921-95d6-5afc61c728f1', '060f6d80-8e5a-472a-b89f-8a72c54f0b9d', 'like', NULL, '2026-03-31 07:44:20.561881+00', false, NULL),
	('642ba48b-6e7a-4a98-9a81-a4637d0cf9de', '225d72ff-acbd-4e38-8867-9911d0271582', 'fc18429b-a83f-4e84-b85f-21196eef0f1c', '1b1b23e4-34ef-457d-b944-655c0c1bba0e', '060f6d80-8e5a-472a-b89f-8a72c54f0b9d', 'like', NULL, '2026-03-31 07:44:21.109813+00', false, NULL),
	('3a785f90-cc4e-4cce-b3c6-baa2b7f5c1e8', '04d4a07c-0683-4e82-a533-eda9ced8b2bb', 'fc18429b-a83f-4e84-b85f-21196eef0f1c', '753b473d-fbf1-43f9-bd23-6f02a21864d1', '060f6d80-8e5a-472a-b89f-8a72c54f0b9d', 'like', NULL, '2026-03-31 08:07:24.808016+00', false, NULL),
	('9117e9c2-3f5e-4a23-9337-f8c4e086028f', '04d4a07c-0683-4e82-a533-eda9ced8b2bb', 'fc18429b-a83f-4e84-b85f-21196eef0f1c', '5c16c410-42b2-476a-8cd2-fa1d8e41c833', '060f6d80-8e5a-472a-b89f-8a72c54f0b9d', 'like', NULL, '2026-03-31 08:07:25.243527+00', false, NULL),
	('ee6d861f-9734-4c07-bff0-cb70d00c6930', '8ada6a16-06a2-4668-b46a-d7214b840f92', 'fc18429b-a83f-4e84-b85f-21196eef0f1c', '627c8419-9e9f-40e3-b9d9-128dcea7eaab', 'fbe91eb6-d0bb-46cb-901e-c6c20ccdb0e4', 'like', NULL, '2026-03-19 16:33:58.859228+00', true, NULL),
	('e9fc2173-4717-4a80-be50-f700a0001cff', '8ada6a16-06a2-4668-b46a-d7214b840f92', '91673d9d-eb77-4db3-959e-6d320beb3920', '84468941-ad3f-45c8-b380-de6e38a52551', 'fbe91eb6-d0bb-46cb-901e-c6c20ccdb0e4', 'like', NULL, '2026-03-21 02:07:35.80738+00', true, NULL),
	('2f69dd1b-0978-4b63-b488-e58356207393', '8ada6a16-06a2-4668-b46a-d7214b840f92', '91673d9d-eb77-4db3-959e-6d320beb3920', '84468941-ad3f-45c8-b380-de6e38a52551', 'fbe91eb6-d0bb-46cb-901e-c6c20ccdb0e4', 'comment', '물개이십니까', '2026-03-21 02:07:41.683193+00', true, 'a5a2f68c-298b-426c-acd5-317194994141'),
	('150c4f7c-0a79-4b29-aac6-d8dce4b6ac06', '8ada6a16-06a2-4668-b46a-d7214b840f92', 'fbd7f27f-74fa-4d86-bf06-c908cd28e5d4', '84468941-ad3f-45c8-b380-de6e38a52551', 'fbe91eb6-d0bb-46cb-901e-c6c20ccdb0e4', 'like', NULL, '2026-03-21 02:10:55.513586+00', true, NULL),
	('f81ec98a-cc00-47c1-898e-e95478ea6307', '8ada6a16-06a2-4668-b46a-d7214b840f92', 'fbd7f27f-74fa-4d86-bf06-c908cd28e5d4', '84468941-ad3f-45c8-b380-de6e38a52551', 'fbe91eb6-d0bb-46cb-901e-c6c20ccdb0e4', 'comment', '박태환..?', '2026-03-21 02:11:42.625407+00', true, '5d170e13-a193-4a49-b261-150c6e3a6b52'),
	('846e09f2-7af7-4d2a-88af-39ff2cd9868e', '8ada6a16-06a2-4668-b46a-d7214b840f92', 'fc18429b-a83f-4e84-b85f-21196eef0f1c', '84468941-ad3f-45c8-b380-de6e38a52551', 'fbe91eb6-d0bb-46cb-901e-c6c20ccdb0e4', 'like', NULL, '2026-03-21 04:25:56.689116+00', true, NULL),
	('091d42e6-bc27-4c45-bf67-bc9ef59629cc', '8ada6a16-06a2-4668-b46a-d7214b840f92', 'fc18429b-a83f-4e84-b85f-21196eef0f1c', '84468941-ad3f-45c8-b380-de6e38a52551', 'fbe91eb6-d0bb-46cb-901e-c6c20ccdb0e4', 'comment', '고수..', '2026-03-21 04:26:19.560391+00', true, '8d68386f-6891-4beb-886e-3c3bbf12a2ea'),
	('f1d2660a-1d0a-421e-bb31-0b884ad82806', '8ada6a16-06a2-4668-b46a-d7214b840f92', 'fc18429b-a83f-4e84-b85f-21196eef0f1c', '0461ada2-627f-485c-9208-ca2d731f1c02', 'fbe91eb6-d0bb-46cb-901e-c6c20ccdb0e4', 'like', NULL, '2026-03-23 23:52:34.308302+00', true, NULL),
	('caf53aed-7dc8-492c-ac52-4e92a343d336', '8ada6a16-06a2-4668-b46a-d7214b840f92', '48941b2d-35ea-4d6a-9cb9-0f9e9421f31f', '0461ada2-627f-485c-9208-ca2d731f1c02', 'c71fcfd9-35a7-4fb7-a5d3-1885e0e9df45', 'like', NULL, '2026-03-24 00:55:36.241523+00', true, NULL),
	('808c593f-5df2-47c9-92ea-d4c238d22fbd', '8ada6a16-06a2-4668-b46a-d7214b840f92', '48941b2d-35ea-4d6a-9cb9-0f9e9421f31f', '0461ada2-627f-485c-9208-ca2d731f1c02', 'c71fcfd9-35a7-4fb7-a5d3-1885e0e9df45', 'comment', '음파님, 8일날 점심 같이 먹어요~', '2026-03-24 00:57:03.557814+00', true, '75d381d8-f5a8-4248-bf05-3e7c9e153953'),
	('bb60ea44-feeb-4fe8-85d7-7e77169f3cd5', '8ada6a16-06a2-4668-b46a-d7214b840f92', 'fc18429b-a83f-4e84-b85f-21196eef0f1c', '0461ada2-627f-485c-9208-ca2d731f1c02', 'c71fcfd9-35a7-4fb7-a5d3-1885e0e9df45', 'like', NULL, '2026-03-24 01:45:47.09068+00', true, NULL),
	('b935b608-fdfd-4ec7-8dfd-ecfb53cdd3e9', '8ada6a16-06a2-4668-b46a-d7214b840f92', 'fc18429b-a83f-4e84-b85f-21196eef0f1c', '0ef1e789-e0ee-4080-801a-a4745237b455', 'fbe91eb6-d0bb-46cb-901e-c6c20ccdb0e4', 'like', NULL, '2026-03-31 00:31:21.063958+00', true, NULL),
	('592b9355-041f-42e9-8c2c-4f94f18d5e61', '8ada6a16-06a2-4668-b46a-d7214b840f92', 'fc18429b-a83f-4e84-b85f-21196eef0f1c', '0ef1e789-e0ee-4080-801a-a4745237b455', 'fbe91eb6-d0bb-46cb-901e-c6c20ccdb0e4', 'comment', '최고의 모닝루틴!!!', '2026-03-31 00:31:55.517108+00', true, '0f14010d-5884-46e0-9f1d-667f6e85dbe3'),
	('1daf164c-2096-47f0-9c5e-232d17ce8148', '8ada6a16-06a2-4668-b46a-d7214b840f92', 'f0fdb89e-08bc-4679-8ad9-2e0efc11130e', '0ef1e789-e0ee-4080-801a-a4745237b455', '060f6d80-8e5a-472a-b89f-8a72c54f0b9d', 'like', NULL, '2026-03-31 06:11:39.847378+00', true, NULL),
	('494f0323-e681-4257-8a34-ac4b88bac736', '8ada6a16-06a2-4668-b46a-d7214b840f92', 'fc18429b-a83f-4e84-b85f-21196eef0f1c', '0ef1e789-e0ee-4080-801a-a4745237b455', '060f6d80-8e5a-472a-b89f-8a72c54f0b9d', 'like', NULL, '2026-03-31 06:48:34.478123+00', true, NULL);


--
-- Data for Name: reports; Type: TABLE DATA; Schema: public; Owner: postgres
--



--
-- Data for Name: system_settings; Type: TABLE DATA; Schema: public; Owner: postgres
--

INSERT INTO "public"."system_settings" ("key", "value", "updated_at", "updated_by", "created_at") VALUES
	('image_upload', '{"quality": 75, "max_width": 1280, "thumbnail_size": 300}', '2026-03-30 12:29:55.514+00', 'fc18429b-a83f-4e84-b85f-21196eef0f1c', '2026-03-30 06:03:56.040461+00');


--
-- Data for Name: todo_workouts; Type: TABLE DATA; Schema: public; Owner: postgres
--



--
-- Data for Name: user_blocks; Type: TABLE DATA; Schema: public; Owner: postgres
--



--
-- Data for Name: user_profiles; Type: TABLE DATA; Schema: public; Owner: postgres
--

INSERT INTO "public"."user_profiles" ("id", "user_id", "goals", "raw_input", "created_at", "updated_at") VALUES
	('9b30a620-16c9-4712-ad44-c69c363b9786', 'ac25ca98-c7ce-4d3b-bf89-b94cb945cdf0', '다이어트와 근력 증가를 목표로 하며, 스노보드 퍼포먼스와 거북목 및 말린어깨 개선도 염두에 두고 있음.', NULL, '2025-12-30 12:40:49.23499+00', '2026-01-12 00:05:10.990143+00');


--
-- Data for Name: workout_likes; Type: TABLE DATA; Schema: public; Owner: postgres
--

INSERT INTO "public"."workout_likes" ("id", "workout_id", "club_id", "user_id", "created_at") VALUES
	('607fb9cc-2418-4b1d-bb16-cc52b392c9bd', '92ac3b70-a084-4c95-8933-18bb4af71326', 'fbe91eb6-d0bb-46cb-901e-c6c20ccdb0e4', 'fc18429b-a83f-4e84-b85f-21196eef0f1c', '2026-03-17 04:48:00.4794+00'),
	('568fa840-39d9-4cd8-bfd3-e8317368b0a3', '1a7ceb0f-afeb-4d9b-a324-58e827d37066', 'fbe91eb6-d0bb-46cb-901e-c6c20ccdb0e4', 'fc18429b-a83f-4e84-b85f-21196eef0f1c', '2026-03-17 04:48:47.115992+00'),
	('c38bb50a-436b-498e-a0ea-cd45b9af164c', 'd40bb2af-7ab5-48f2-9dac-79d1df016c70', 'fbe91eb6-d0bb-46cb-901e-c6c20ccdb0e4', 'fc18429b-a83f-4e84-b85f-21196eef0f1c', '2026-03-17 06:49:50.321547+00'),
	('1da95055-5dc5-4c93-aafb-2a67ed0e2aac', 'c1df0d45-fa2d-480b-ac66-5e7b08848b14', 'fbe91eb6-d0bb-46cb-901e-c6c20ccdb0e4', 'fc18429b-a83f-4e84-b85f-21196eef0f1c', '2026-03-17 06:49:52.652565+00'),
	('905ef1ee-7e47-4c62-9e36-8e63c261ff4e', '4beec015-3923-4604-baa0-3f1411ea3b1c', 'fbe91eb6-d0bb-46cb-901e-c6c20ccdb0e4', 'fc18429b-a83f-4e84-b85f-21196eef0f1c', '2026-03-17 06:49:55.113805+00'),
	('fc2808e9-2576-4845-8a42-ba504ea4c404', '407e0a98-3839-4a8f-aa05-e25bf20d91cb', 'fbe91eb6-d0bb-46cb-901e-c6c20ccdb0e4', 'fbd7f27f-74fa-4d86-bf06-c908cd28e5d4', '2026-03-17 23:59:28.675103+00'),
	('3e71d770-66cb-4fab-8028-7670c83feaa2', '407e0a98-3839-4a8f-aa05-e25bf20d91cb', 'fbe91eb6-d0bb-46cb-901e-c6c20ccdb0e4', 'fc18429b-a83f-4e84-b85f-21196eef0f1c', '2026-03-18 02:52:08.761879+00'),
	('b7bcf18b-83c6-4c42-afcf-d88523d15313', '517fa9ca-eb9c-4ee5-a5dc-96fe88992876', '7a7f0e83-494c-4d38-aee9-b4009e8f00b2', 'fc18429b-a83f-4e84-b85f-21196eef0f1c', '2026-03-18 03:28:28.674355+00'),
	('a8261fc4-172b-4e6e-9cc8-d239eb436681', '082af697-9769-4f42-b086-aadd303696ec', '7a7f0e83-494c-4d38-aee9-b4009e8f00b2', 'fc18429b-a83f-4e84-b85f-21196eef0f1c', '2026-03-18 03:39:07.371542+00'),
	('afcd1309-6825-4a80-b2bc-8e8b4327a7bb', '22325c33-2ee2-47d2-a493-eb96a4635d88', '7a7f0e83-494c-4d38-aee9-b4009e8f00b2', 'fc18429b-a83f-4e84-b85f-21196eef0f1c', '2026-03-18 03:39:08.85517+00'),
	('75df1ab3-6bb1-451e-a275-8fce8e611d71', '22325c33-2ee2-47d2-a493-eb96a4635d88', 'fbe91eb6-d0bb-46cb-901e-c6c20ccdb0e4', 'fc18429b-a83f-4e84-b85f-21196eef0f1c', '2026-03-18 03:53:26.022447+00'),
	('f56ee022-c230-4532-8b5a-ed0a2071fe5b', '19e203c3-b2f9-49e4-8e50-2423cac0c9d2', 'fbe91eb6-d0bb-46cb-901e-c6c20ccdb0e4', 'fc18429b-a83f-4e84-b85f-21196eef0f1c', '2026-03-19 00:51:17.05874+00'),
	('6ff48b4c-c47a-461c-900a-a2a01a487e0f', '627c8419-9e9f-40e3-b9d9-128dcea7eaab', 'fbe91eb6-d0bb-46cb-901e-c6c20ccdb0e4', '91673d9d-eb77-4db3-959e-6d320beb3920', '2026-03-19 04:52:58.40064+00'),
	('2f9853eb-95d1-40bd-80ab-62ab76329f83', '19e203c3-b2f9-49e4-8e50-2423cac0c9d2', 'fbe91eb6-d0bb-46cb-901e-c6c20ccdb0e4', '91673d9d-eb77-4db3-959e-6d320beb3920', '2026-03-19 04:53:02.505848+00'),
	('782cabd9-d16c-4b75-b7fb-891b45fc0654', 'ec0bc282-207b-4d40-badd-1f85c2739000', 'fbe91eb6-d0bb-46cb-901e-c6c20ccdb0e4', 'fc18429b-a83f-4e84-b85f-21196eef0f1c', '2026-03-19 13:49:55.608246+00'),
	('33adcc3c-a78f-4b65-8c2d-139eb7c928a9', '627c8419-9e9f-40e3-b9d9-128dcea7eaab', 'fbe91eb6-d0bb-46cb-901e-c6c20ccdb0e4', 'fc18429b-a83f-4e84-b85f-21196eef0f1c', '2026-03-19 16:33:58.859228+00'),
	('179709e3-75fd-4e7b-96a2-542deb7d8606', '2127c8a1-06bd-4404-a313-0b4c190b8e75', '7a7f0e83-494c-4d38-aee9-b4009e8f00b2', 'fc18429b-a83f-4e84-b85f-21196eef0f1c', '2026-03-19 16:34:12.732547+00'),
	('07d3e555-8eda-44a9-b9c8-87c2dd40a146', 'f9294e44-dbe4-450d-9a5d-82a1f418527c', '7a7f0e83-494c-4d38-aee9-b4009e8f00b2', 'fc18429b-a83f-4e84-b85f-21196eef0f1c', '2026-03-19 23:35:49.383262+00'),
	('bc3d93bd-6691-4a03-bca8-1bb6893fe3d4', '005f251b-3350-424e-a13f-7512ff120a78', 'fbe91eb6-d0bb-46cb-901e-c6c20ccdb0e4', '91673d9d-eb77-4db3-959e-6d320beb3920', '2026-03-20 13:52:27.344313+00'),
	('3e52d6ef-b3c7-4002-93d2-5fd04293af95', '005f251b-3350-424e-a13f-7512ff120a78', 'fbe91eb6-d0bb-46cb-901e-c6c20ccdb0e4', 'fc18429b-a83f-4e84-b85f-21196eef0f1c', '2026-03-20 14:30:01.015978+00'),
	('d343d4c2-f0dc-4b2e-adaa-f83db19aa1f4', 'a7affb21-004f-4e21-869f-fc1dc0c6ad50', 'fbe91eb6-d0bb-46cb-901e-c6c20ccdb0e4', 'fc18429b-a83f-4e84-b85f-21196eef0f1c', '2026-03-20 14:30:01.707782+00'),
	('587f7d79-ca85-47c7-a2ab-c9539ad716c4', '84468941-ad3f-45c8-b380-de6e38a52551', 'fbe91eb6-d0bb-46cb-901e-c6c20ccdb0e4', '91673d9d-eb77-4db3-959e-6d320beb3920', '2026-03-21 02:07:35.80738+00'),
	('1b0c16e5-33ec-4c74-83ea-e7bde1035a85', '84468941-ad3f-45c8-b380-de6e38a52551', 'fbe91eb6-d0bb-46cb-901e-c6c20ccdb0e4', 'fbd7f27f-74fa-4d86-bf06-c908cd28e5d4', '2026-03-21 02:10:55.513586+00'),
	('1d5cd182-63d8-44f6-b60b-86faf17b8edd', 'd2e6aad1-8177-45dc-a2b0-a696d5849738', 'fbe91eb6-d0bb-46cb-901e-c6c20ccdb0e4', '8ada6a16-06a2-4668-b46a-d7214b840f92', '2026-03-21 03:06:42.77791+00'),
	('0dc223bd-a980-4595-b0cb-97579dbeb913', '84468941-ad3f-45c8-b380-de6e38a52551', 'fbe91eb6-d0bb-46cb-901e-c6c20ccdb0e4', 'fc18429b-a83f-4e84-b85f-21196eef0f1c', '2026-03-21 04:25:56.689116+00'),
	('21515e02-4b1e-45bf-88f8-e1893777062c', 'd2e6aad1-8177-45dc-a2b0-a696d5849738', 'fbe91eb6-d0bb-46cb-901e-c6c20ccdb0e4', '91673d9d-eb77-4db3-959e-6d320beb3920', '2026-03-21 10:59:53.483471+00'),
	('6a57ad8a-e1d8-41d3-96ca-0a8776f81245', '12af2361-1d72-430f-9ab4-d0bf7d6f8c80', 'fbe91eb6-d0bb-46cb-901e-c6c20ccdb0e4', '8ada6a16-06a2-4668-b46a-d7214b840f92', '2026-03-21 23:24:24.136376+00'),
	('33963061-66cd-4ead-8af4-1bb55fc882e1', '12af2361-1d72-430f-9ab4-d0bf7d6f8c80', 'fbe91eb6-d0bb-46cb-901e-c6c20ccdb0e4', 'fbd7f27f-74fa-4d86-bf06-c908cd28e5d4', '2026-03-22 00:25:34.905676+00'),
	('3c8d21f1-1af8-477a-bdbe-0b4ca1cd9a58', '565f6497-67ec-4c1f-97df-1fa84b7f545f', 'fbe91eb6-d0bb-46cb-901e-c6c20ccdb0e4', 'fc18429b-a83f-4e84-b85f-21196eef0f1c', '2026-03-22 10:58:38.254464+00'),
	('557eeab7-a375-41e7-bf3b-e09d6c8d70ae', '12af2361-1d72-430f-9ab4-d0bf7d6f8c80', 'fbe91eb6-d0bb-46cb-901e-c6c20ccdb0e4', 'fc18429b-a83f-4e84-b85f-21196eef0f1c', '2026-03-23 02:08:49.727562+00'),
	('6ac14b91-129e-4e00-b0db-33ca5142dd8a', 'd2e6aad1-8177-45dc-a2b0-a696d5849738', 'fbe91eb6-d0bb-46cb-901e-c6c20ccdb0e4', 'fc18429b-a83f-4e84-b85f-21196eef0f1c', '2026-03-23 02:08:50.719037+00'),
	('a2bb5c2e-415a-4e4e-a009-536540652de8', '160f6fee-b99d-4ea6-b73f-2389770264ce', 'c71fcfd9-35a7-4fb7-a5d3-1885e0e9df45', 'fc18429b-a83f-4e84-b85f-21196eef0f1c', '2026-03-23 15:20:47.253522+00'),
	('1fedb026-a37c-4e11-bc24-69d52d8539aa', '5384c50b-bb67-4eaf-97d9-bd15d2f43bb6', 'c71fcfd9-35a7-4fb7-a5d3-1885e0e9df45', 'fc18429b-a83f-4e84-b85f-21196eef0f1c', '2026-03-23 15:20:48.237631+00'),
	('a21d6f66-8e8a-414e-99ef-be0e38d89174', 'f39f0657-6a3a-4acd-89c6-ab11eff3c5fd', 'c71fcfd9-35a7-4fb7-a5d3-1885e0e9df45', 'fc18429b-a83f-4e84-b85f-21196eef0f1c', '2026-03-23 15:20:48.688502+00'),
	('0958dcc4-3bfc-4f0a-bf85-4a627ac90e89', '99596581-742f-4947-83bf-a0eb2beb64f2', 'c71fcfd9-35a7-4fb7-a5d3-1885e0e9df45', 'fc18429b-a83f-4e84-b85f-21196eef0f1c', '2026-03-23 15:20:49.166289+00'),
	('88037df2-2a51-49c8-8873-b9014d810331', 'ab848810-deb1-4519-993e-5125d37254dd', 'c71fcfd9-35a7-4fb7-a5d3-1885e0e9df45', 'fc18429b-a83f-4e84-b85f-21196eef0f1c', '2026-03-23 15:20:49.661428+00'),
	('40e51fde-3c53-406f-a4b7-896673a2839a', '91b433d1-acf9-4352-b360-fbc1602e8f8f', 'c71fcfd9-35a7-4fb7-a5d3-1885e0e9df45', '48941b2d-35ea-4d6a-9cb9-0f9e9421f31f', '2026-03-23 23:28:30.662537+00'),
	('6deacf2d-9071-4bf7-ad42-52107fea6884', '00746062-63c5-4d59-87ca-9e21d3f03460', 'c71fcfd9-35a7-4fb7-a5d3-1885e0e9df45', '48941b2d-35ea-4d6a-9cb9-0f9e9421f31f', '2026-03-23 23:28:31.543163+00'),
	('bcff705d-1214-412b-bb61-c1e3cc44a571', '91b433d1-acf9-4352-b360-fbc1602e8f8f', 'c71fcfd9-35a7-4fb7-a5d3-1885e0e9df45', 'fc18429b-a83f-4e84-b85f-21196eef0f1c', '2026-03-23 23:28:39.753241+00'),
	('5023f3b9-c424-47e3-af1c-07ae860bdf8b', '5c67fcc7-8d94-4faa-b010-ae46a49fa5e7', 'c71fcfd9-35a7-4fb7-a5d3-1885e0e9df45', '48941b2d-35ea-4d6a-9cb9-0f9e9421f31f', '2026-03-23 23:34:50.609047+00'),
	('02e761c8-263b-4cc1-ae99-9d6e913bf4f6', '0461ada2-627f-485c-9208-ca2d731f1c02', 'fbe91eb6-d0bb-46cb-901e-c6c20ccdb0e4', 'fc18429b-a83f-4e84-b85f-21196eef0f1c', '2026-03-23 23:52:34.308302+00'),
	('91d63602-81e9-4688-ba90-0458a3831171', '5c67fcc7-8d94-4faa-b010-ae46a49fa5e7', 'c71fcfd9-35a7-4fb7-a5d3-1885e0e9df45', 'fc18429b-a83f-4e84-b85f-21196eef0f1c', '2026-03-24 00:08:49.511977+00'),
	('bcb9f3f4-f332-4a25-b411-8888629de4b8', '00746062-63c5-4d59-87ca-9e21d3f03460', 'c71fcfd9-35a7-4fb7-a5d3-1885e0e9df45', 'fc18429b-a83f-4e84-b85f-21196eef0f1c', '2026-03-24 00:51:37.64384+00'),
	('fbb9c15e-d047-4df1-b348-debc94bc19c9', '0461ada2-627f-485c-9208-ca2d731f1c02', 'c71fcfd9-35a7-4fb7-a5d3-1885e0e9df45', '48941b2d-35ea-4d6a-9cb9-0f9e9421f31f', '2026-03-24 00:55:36.241523+00'),
	('856892b8-daf0-4ca7-9aee-f11f4b4762a1', '0461ada2-627f-485c-9208-ca2d731f1c02', 'c71fcfd9-35a7-4fb7-a5d3-1885e0e9df45', 'fc18429b-a83f-4e84-b85f-21196eef0f1c', '2026-03-24 01:45:47.09068+00'),
	('7464ecbe-6efc-4b8a-8871-7f568f82cfc5', '673ab0f8-8416-40b6-b165-c79e49d3d5c2', 'd7678799-2e08-4ae8-a579-f8151a732b59', 'fc18429b-a83f-4e84-b85f-21196eef0f1c', '2026-03-25 03:51:08.127706+00'),
	('f80dbcdf-48b9-4cbd-be42-9f6a8eb6a311', 'c07e4835-b265-4e9f-b386-db980a1c4576', 'd7678799-2e08-4ae8-a579-f8151a732b59', 'fc18429b-a83f-4e84-b85f-21196eef0f1c', '2026-03-25 03:51:08.72057+00'),
	('8e40a3c1-2bef-4e8a-a4e6-25020a25ab59', '5208d9d4-e196-4f9c-a88b-8658af58cc93', 'd7678799-2e08-4ae8-a579-f8151a732b59', 'fc18429b-a83f-4e84-b85f-21196eef0f1c', '2026-03-25 03:51:09.372368+00'),
	('74c0b4c5-1d67-4a82-b5dc-336aba7ff6fc', '3df27338-f90f-43a4-a668-c4463a47d1ed', 'd7678799-2e08-4ae8-a579-f8151a732b59', 'fc18429b-a83f-4e84-b85f-21196eef0f1c', '2026-03-25 03:51:12.126042+00'),
	('8787a46c-72d5-4f66-9c21-ee7024271787', '91b433d1-acf9-4352-b360-fbc1602e8f8f', 'd7678799-2e08-4ae8-a579-f8151a732b59', 'fc18429b-a83f-4e84-b85f-21196eef0f1c', '2026-03-25 03:51:12.724952+00'),
	('401d3de0-df53-4b57-ab0c-63ebe851abfc', '5c67fcc7-8d94-4faa-b010-ae46a49fa5e7', 'd7678799-2e08-4ae8-a579-f8151a732b59', 'fc18429b-a83f-4e84-b85f-21196eef0f1c', '2026-03-25 03:51:13.157916+00'),
	('75215fd5-33de-4fec-a1dc-4a601861bf4c', '80b98be8-4d2c-4122-9893-ee733112dc9b', 'd7678799-2e08-4ae8-a579-f8151a732b59', 'fc18429b-a83f-4e84-b85f-21196eef0f1c', '2026-03-25 03:51:13.608942+00'),
	('cdf62945-6c1e-47a2-a68b-08cff122d16d', '5384c50b-bb67-4eaf-97d9-bd15d2f43bb6', 'd7678799-2e08-4ae8-a579-f8151a732b59', 'fc18429b-a83f-4e84-b85f-21196eef0f1c', '2026-03-25 03:51:16.126222+00'),
	('1ea80780-a0e7-483c-bf81-e4a94de47a0f', '160f6fee-b99d-4ea6-b73f-2389770264ce', 'd7678799-2e08-4ae8-a579-f8151a732b59', 'fc18429b-a83f-4e84-b85f-21196eef0f1c', '2026-03-25 03:51:16.455314+00'),
	('5ee18ac5-df66-4b56-a07b-62bf5ad21fad', 'f39f0657-6a3a-4acd-89c6-ab11eff3c5fd', 'd7678799-2e08-4ae8-a579-f8151a732b59', 'fc18429b-a83f-4e84-b85f-21196eef0f1c', '2026-03-25 03:51:17.02157+00'),
	('3462481c-291d-4804-8ae0-36fe7d0704c6', '99596581-742f-4947-83bf-a0eb2beb64f2', 'd7678799-2e08-4ae8-a579-f8151a732b59', 'fc18429b-a83f-4e84-b85f-21196eef0f1c', '2026-03-25 03:51:22.338949+00'),
	('c8fb82bb-f3ea-48dd-9e70-e6c382eba4d7', 'ab848810-deb1-4519-993e-5125d37254dd', 'd7678799-2e08-4ae8-a579-f8151a732b59', 'fc18429b-a83f-4e84-b85f-21196eef0f1c', '2026-03-25 03:51:22.769857+00'),
	('4ec5802f-5119-4b49-8c00-5fda34eb44ee', '2ad4e41b-98a7-4cf7-8ee7-ddfc3ee3f366', 'd7678799-2e08-4ae8-a579-f8151a732b59', 'fc18429b-a83f-4e84-b85f-21196eef0f1c', '2026-03-25 05:57:52.919713+00'),
	('2be4f4a4-49af-46bb-9647-a0db08169ef3', 'f3402f96-6482-4905-b156-62cfc92b7334', 'd7678799-2e08-4ae8-a579-f8151a732b59', 'fc18429b-a83f-4e84-b85f-21196eef0f1c', '2026-03-26 00:53:21.996223+00'),
	('c6e5ce3f-9b72-4ace-9233-80be67ebc6cd', 'd4614edc-f0b5-4f0a-9261-d4f1b01e8d34', 'd7678799-2e08-4ae8-a579-f8151a732b59', 'fc18429b-a83f-4e84-b85f-21196eef0f1c', '2026-03-26 00:53:26.333984+00'),
	('4173c01b-79ae-48d0-9e1b-e8f0cbf63a0c', '66ef271c-2d47-43de-bcd2-ce46c8e1ead5', 'd7678799-2e08-4ae8-a579-f8151a732b59', 'fc18429b-a83f-4e84-b85f-21196eef0f1c', '2026-03-26 00:53:26.895279+00'),
	('bda56a6e-5066-4469-a56b-3aab50d5ece6', '92424e4b-080c-4d49-8fd7-34826014eb84', 'd7678799-2e08-4ae8-a579-f8151a732b59', 'fc18429b-a83f-4e84-b85f-21196eef0f1c', '2026-03-26 09:09:28.46019+00'),
	('3cf16d92-0914-46e8-804f-fa081d23b308', '30561494-bdf6-4b02-8c84-7e489fbd8c01', 'fbe91eb6-d0bb-46cb-901e-c6c20ccdb0e4', 'fc18429b-a83f-4e84-b85f-21196eef0f1c', '2026-03-26 09:26:58.462701+00'),
	('1c90a7b2-723c-45e2-a9fd-acd45453197b', 'd41fc0cf-e6ee-4203-a01a-58b6d89053dd', 'd7678799-2e08-4ae8-a579-f8151a732b59', 'fc18429b-a83f-4e84-b85f-21196eef0f1c', '2026-03-27 02:44:52.411892+00'),
	('bbb660e1-c843-4658-ae87-dd3d496dbe1b', '7229d9d2-fab6-4205-89ab-3ae77c2c8aa0', 'fbe91eb6-d0bb-46cb-901e-c6c20ccdb0e4', '8ada6a16-06a2-4668-b46a-d7214b840f92', '2026-03-27 23:39:17.688573+00'),
	('028a95e6-22cc-4784-9e65-53c59aa284a2', '30561494-bdf6-4b02-8c84-7e489fbd8c01', 'fbe91eb6-d0bb-46cb-901e-c6c20ccdb0e4', '8ada6a16-06a2-4668-b46a-d7214b840f92', '2026-03-27 23:39:22.531399+00'),
	('9043c8a6-5806-4b85-a561-c5044b3c9df6', 'cca37bf5-9b47-4891-85d6-1cef759999a6', 'd7678799-2e08-4ae8-a579-f8151a732b59', 'fc18429b-a83f-4e84-b85f-21196eef0f1c', '2026-03-28 01:11:56.533064+00'),
	('6c5f9b71-b27a-4016-aaa9-50c1a162b6ce', 'e781ecc9-8737-4575-b569-467ef5f7ceaf', 'fbe91eb6-d0bb-46cb-901e-c6c20ccdb0e4', 'fbd7f27f-74fa-4d86-bf06-c908cd28e5d4', '2026-03-28 03:20:56.264316+00'),
	('e6b77e73-1d9e-4b27-8e54-a5196e0c4074', '5aab4ac6-bd6e-47e1-ac65-db95bdcec7b2', 'fbe91eb6-d0bb-46cb-901e-c6c20ccdb0e4', '8ada6a16-06a2-4668-b46a-d7214b840f92', '2026-03-28 08:19:35.862949+00'),
	('f1878e50-9d49-4ec8-af70-feea8c0be3ea', '7229d9d2-fab6-4205-89ab-3ae77c2c8aa0', 'fbe91eb6-d0bb-46cb-901e-c6c20ccdb0e4', 'fc18429b-a83f-4e84-b85f-21196eef0f1c', '2026-03-28 08:36:12.928373+00'),
	('a71a7c9d-da3b-4418-8897-b10e842785f9', 'e781ecc9-8737-4575-b569-467ef5f7ceaf', 'fbe91eb6-d0bb-46cb-901e-c6c20ccdb0e4', 'fc18429b-a83f-4e84-b85f-21196eef0f1c', '2026-03-28 08:36:37.576401+00'),
	('c0d8481f-d2d2-4f35-8973-8a97308a138c', '5aab4ac6-bd6e-47e1-ac65-db95bdcec7b2', 'fbe91eb6-d0bb-46cb-901e-c6c20ccdb0e4', 'fc18429b-a83f-4e84-b85f-21196eef0f1c', '2026-03-28 14:44:35.33617+00'),
	('824008a8-d9e1-415d-8a71-82ed662f6e30', '40833697-8ac4-4934-a5cf-41a5056cc4bd', '7a7f0e83-494c-4d38-aee9-b4009e8f00b2', 'fc18429b-a83f-4e84-b85f-21196eef0f1c', '2026-03-28 14:46:28.708058+00'),
	('0438acb3-3009-475d-ac25-1471200cea0b', 'c4fd2c6f-9e02-4942-8514-a212c05684a3', 'd7678799-2e08-4ae8-a579-f8151a732b59', 'fc18429b-a83f-4e84-b85f-21196eef0f1c', '2026-03-29 01:10:20.570705+00'),
	('56b7745c-4962-4534-8a18-ffab6731e6d0', '94bc074a-c00d-41fd-b5d2-7c98676d478e', 'd7678799-2e08-4ae8-a579-f8151a732b59', 'fc18429b-a83f-4e84-b85f-21196eef0f1c', '2026-03-29 01:10:23.903047+00'),
	('2539ae38-9393-44d5-8cf7-07de4ea15786', 'c450300c-47a6-44b8-8f98-c177945f6af3', 'd7678799-2e08-4ae8-a579-f8151a732b59', 'fc18429b-a83f-4e84-b85f-21196eef0f1c', '2026-03-29 01:10:24.264829+00'),
	('af7df819-d233-4cec-b88e-eac8d12ffe82', '3bd230b8-dca9-4e0b-81c4-4162b0112a14', 'd7678799-2e08-4ae8-a579-f8151a732b59', 'fc18429b-a83f-4e84-b85f-21196eef0f1c', '2026-03-29 01:10:24.635944+00'),
	('e570a275-b3ba-4069-be8d-1c5e4640835d', '02c11232-e2a6-47b6-9806-e72d73a1ceb8', 'd7678799-2e08-4ae8-a579-f8151a732b59', 'fc18429b-a83f-4e84-b85f-21196eef0f1c', '2026-03-29 01:10:25.026542+00'),
	('e2bdc52f-302b-4bc5-82b0-ecd3cef24f76', 'decc81fc-c82f-4785-a427-6ffa0ab62b57', 'fbe91eb6-d0bb-46cb-901e-c6c20ccdb0e4', 'fbd7f27f-74fa-4d86-bf06-c908cd28e5d4', '2026-03-29 04:48:00.808757+00'),
	('e569132a-5410-40be-9e5c-265940829ac8', 'c4fd2c6f-9e02-4942-8514-a212c05684a3', 'd7678799-2e08-4ae8-a579-f8151a732b59', '1fc15443-a8aa-4653-9e70-802b2b2855ed', '2026-03-29 08:29:02.986865+00'),
	('12fd93ff-b266-4d0f-b9e1-17d676e9c1a8', 'c90f8ef1-00e6-44e3-afd4-58b25dd21ff5', 'd7678799-2e08-4ae8-a579-f8151a732b59', 'fc18429b-a83f-4e84-b85f-21196eef0f1c', '2026-03-29 10:13:08.76462+00'),
	('2a1856ca-1676-40c1-ad4a-f12b9d401f7a', 'decc81fc-c82f-4785-a427-6ffa0ab62b57', 'fbe91eb6-d0bb-46cb-901e-c6c20ccdb0e4', 'fc18429b-a83f-4e84-b85f-21196eef0f1c', '2026-03-29 10:13:56.687318+00'),
	('98df8651-5308-440f-94bd-0bde80381334', 'c7129479-ecd3-4ca0-b5bd-fe719c04f557', 'fbe91eb6-d0bb-46cb-901e-c6c20ccdb0e4', 'fc18429b-a83f-4e84-b85f-21196eef0f1c', '2026-03-29 10:13:59.405574+00'),
	('b4440a4f-7bc0-4000-a64f-1d518666316f', 'c7129479-ecd3-4ca0-b5bd-fe719c04f557', 'fbe91eb6-d0bb-46cb-901e-c6c20ccdb0e4', '91673d9d-eb77-4db3-959e-6d320beb3920', '2026-03-29 10:16:58.083845+00'),
	('6e4dc022-117b-40af-99d0-f28cb8a60df1', '071301c7-4d45-419f-9be6-97069ad6cdab', 'fbe91eb6-d0bb-46cb-901e-c6c20ccdb0e4', '91673d9d-eb77-4db3-959e-6d320beb3920', '2026-03-29 10:16:59.084064+00'),
	('58dffed6-e485-4049-bb26-ad25bee178b9', '071301c7-4d45-419f-9be6-97069ad6cdab', 'd20f1283-5379-4f78-9ec6-7cef09ab1964', '693068d3-de1a-4397-9f2f-d009acacba2e', '2026-03-29 12:57:55.068384+00'),
	('4768e095-efe9-4571-aa08-48b94ab2c309', '9bd16077-c7bf-4966-8afc-1a98fc120e0c', 'd20f1283-5379-4f78-9ec6-7cef09ab1964', 'fc18429b-a83f-4e84-b85f-21196eef0f1c', '2026-03-29 13:35:47.578717+00'),
	('06b415fa-eac8-4b42-8e2c-51c7d4630735', 'd3a7c4b6-3667-4f2b-bbd0-e4c6f1642e21', 'd7678799-2e08-4ae8-a579-f8151a732b59', 'fc18429b-a83f-4e84-b85f-21196eef0f1c', '2026-03-30 00:29:03.755095+00'),
	('0e8393be-53e4-406c-a0e4-6de8c51a654e', 'efb7de25-2b93-488c-8e42-f70d89e38b54', '7a7f0e83-494c-4d38-aee9-b4009e8f00b2', 'fc18429b-a83f-4e84-b85f-21196eef0f1c', '2026-03-30 07:50:25.82443+00'),
	('69f73ede-e402-4982-a9dd-6ec897c64df0', 'dc9052db-86ba-4e07-9204-3873f6937255', 'd20f1283-5379-4f78-9ec6-7cef09ab1964', 'fc18429b-a83f-4e84-b85f-21196eef0f1c', '2026-03-30 13:28:34.528371+00'),
	('1522078f-8967-4a3d-88c9-ec9195a112f9', '0d69e1dc-c433-4a54-9c81-62f4198a6c87', 'd7678799-2e08-4ae8-a579-f8151a732b59', 'fc18429b-a83f-4e84-b85f-21196eef0f1c', '2026-03-30 13:32:48.855586+00'),
	('caf33fc9-c06e-47d6-8b57-42990a7bde80', '0ef1e789-e0ee-4080-801a-a4745237b455', 'fbe91eb6-d0bb-46cb-901e-c6c20ccdb0e4', 'fc18429b-a83f-4e84-b85f-21196eef0f1c', '2026-03-31 00:31:21.063958+00'),
	('4d787ff8-69ea-42e3-a45a-2f23489e275b', '0ef1e789-e0ee-4080-801a-a4745237b455', '060f6d80-8e5a-472a-b89f-8a72c54f0b9d', 'f0fdb89e-08bc-4679-8ad9-2e0efc11130e', '2026-03-31 06:11:39.847378+00'),
	('e5762f2e-06e2-486f-b674-b123c71456f6', '0ef1e789-e0ee-4080-801a-a4745237b455', '060f6d80-8e5a-472a-b89f-8a72c54f0b9d', 'fc18429b-a83f-4e84-b85f-21196eef0f1c', '2026-03-31 06:48:34.478123+00'),
	('13df9ae6-dbf4-4cff-8567-dfcc63d05957', 'd3a7c4b6-3667-4f2b-bbd0-e4c6f1642e21', '060f6d80-8e5a-472a-b89f-8a72c54f0b9d', 'fc18429b-a83f-4e84-b85f-21196eef0f1c', '2026-03-31 07:43:20.984899+00'),
	('f166344f-c3be-45cf-a642-60981b486b7b', '0caa8fb0-e2cc-4c14-b210-79710691466f', '060f6d80-8e5a-472a-b89f-8a72c54f0b9d', 'fc18429b-a83f-4e84-b85f-21196eef0f1c', '2026-03-31 07:43:23.247881+00'),
	('be2bf131-5247-4112-8712-4a2eef1d535a', 'fd48bcb1-d3b8-4c00-8773-2a1a97708e87', '060f6d80-8e5a-472a-b89f-8a72c54f0b9d', 'fc18429b-a83f-4e84-b85f-21196eef0f1c', '2026-03-31 07:43:23.777044+00'),
	('10dabe4f-85df-4a21-9be5-772bd71ae0ed', '0d69e1dc-c433-4a54-9c81-62f4198a6c87', '060f6d80-8e5a-472a-b89f-8a72c54f0b9d', 'fc18429b-a83f-4e84-b85f-21196eef0f1c', '2026-03-31 07:43:30.733096+00'),
	('5775879f-55d6-4009-96ee-72040ea1c3ec', 'c4fd2c6f-9e02-4942-8514-a212c05684a3', '060f6d80-8e5a-472a-b89f-8a72c54f0b9d', 'fc18429b-a83f-4e84-b85f-21196eef0f1c', '2026-03-31 07:43:31.167981+00'),
	('afd4cc27-489c-4b55-8e43-5e873c29449a', 'decc81fc-c82f-4785-a427-6ffa0ab62b57', '060f6d80-8e5a-472a-b89f-8a72c54f0b9d', 'fc18429b-a83f-4e84-b85f-21196eef0f1c', '2026-03-31 07:43:31.613153+00'),
	('a0c6f2ac-ea3a-4dd8-ab33-60ef21047da1', '071301c7-4d45-419f-9be6-97069ad6cdab', '060f6d80-8e5a-472a-b89f-8a72c54f0b9d', 'fc18429b-a83f-4e84-b85f-21196eef0f1c', '2026-03-31 07:43:32.079126+00'),
	('749d2137-26b9-42d1-9870-46d29c8c203e', '623013b2-ea8c-4895-8253-02caf6bf4a4f', '060f6d80-8e5a-472a-b89f-8a72c54f0b9d', 'fc18429b-a83f-4e84-b85f-21196eef0f1c', '2026-03-31 07:44:17.972384+00'),
	('f82a4084-9f7b-4ec5-a69c-e03b03da09d8', '4b1ce837-7600-4d03-9681-5cb98e4141b7', '060f6d80-8e5a-472a-b89f-8a72c54f0b9d', 'fc18429b-a83f-4e84-b85f-21196eef0f1c', '2026-03-31 07:44:18.604156+00'),
	('87552152-d87f-4c31-9a1f-c8b07d1f84c4', '4035b8df-6f41-4bee-9a30-1ab3b1ade04d', '060f6d80-8e5a-472a-b89f-8a72c54f0b9d', 'fc18429b-a83f-4e84-b85f-21196eef0f1c', '2026-03-31 07:44:19.217747+00'),
	('17a93681-1177-43eb-a714-498d3bff22c0', '95890fc4-9f81-4921-95d6-5afc61c728f1', '060f6d80-8e5a-472a-b89f-8a72c54f0b9d', 'fc18429b-a83f-4e84-b85f-21196eef0f1c', '2026-03-31 07:44:20.561881+00'),
	('248e10dd-e8d0-4842-b52b-2e027d41a17f', '1b1b23e4-34ef-457d-b944-655c0c1bba0e', '060f6d80-8e5a-472a-b89f-8a72c54f0b9d', 'fc18429b-a83f-4e84-b85f-21196eef0f1c', '2026-03-31 07:44:21.109813+00'),
	('9a9375c7-dd9e-4358-bbaf-ad0a12c55170', '753b473d-fbf1-43f9-bd23-6f02a21864d1', '060f6d80-8e5a-472a-b89f-8a72c54f0b9d', 'fc18429b-a83f-4e84-b85f-21196eef0f1c', '2026-03-31 08:07:24.808016+00'),
	('0337ef6e-10e4-401f-bc7e-c596c07b4a49', '5c16c410-42b2-476a-8cd2-fa1d8e41c833', '060f6d80-8e5a-472a-b89f-8a72c54f0b9d', 'fc18429b-a83f-4e84-b85f-21196eef0f1c', '2026-03-31 08:07:25.243527+00'),
	('eb736928-1bce-44ef-a0f2-b2ee69f8116d', '8d93a806-5626-4460-a6f9-1754fa2a8915', '060f6d80-8e5a-472a-b89f-8a72c54f0b9d', 'fc18429b-a83f-4e84-b85f-21196eef0f1c', '2026-03-31 09:54:24.66415+00'),
	('9e489e23-aa4a-4393-ba30-ef712b4ac858', '4035b8df-6f41-4bee-9a30-1ab3b1ade04d', '060f6d80-8e5a-472a-b89f-8a72c54f0b9d', 'd9f76084-3377-4f1f-aaa2-e32b387fb416', '2026-03-31 10:20:53.812822+00'),
	('4b615c32-2172-4c1f-8b48-565ef4e761d3', '0ef1e789-e0ee-4080-801a-a4745237b455', '060f6d80-8e5a-472a-b89f-8a72c54f0b9d', 'd9f76084-3377-4f1f-aaa2-e32b387fb416', '2026-03-31 10:20:54.603187+00'),
	('7daf916b-a55e-445d-bafa-78341547b038', '623013b2-ea8c-4895-8253-02caf6bf4a4f', '060f6d80-8e5a-472a-b89f-8a72c54f0b9d', 'd9f76084-3377-4f1f-aaa2-e32b387fb416', '2026-03-31 10:20:56.801682+00'),
	('befa8760-e5c7-4209-b28d-b85bb4b3f5c2', '4b1ce837-7600-4d03-9681-5cb98e4141b7', '060f6d80-8e5a-472a-b89f-8a72c54f0b9d', 'd9f76084-3377-4f1f-aaa2-e32b387fb416', '2026-03-31 10:20:57.477747+00');


--
-- Data for Name: workout_types; Type: TABLE DATA; Schema: public; Owner: postgres
--

INSERT INTO "public"."workout_types" ("id", "name", "emoji", "unit", "sub_types", "display_order", "is_active", "created_at", "updated_at", "sub_type_mode", "is_core") VALUES
	('d4ebe8d8-907a-4a8c-a236-a8cc49bdd409', '수영', '🏊', 'm', '[]', 3, true, '2026-03-23 08:39:01.725305+00', '2026-03-23 13:59:20.573435+00', 'single', true),
	('2e39c8e5-2f84-4a5d-b970-bfef5e715cf0', '줄넘기', '줄', '회', '["쌩쌩이", "한발뛰기", "뒤로뛰기"]', 7, false, '2026-03-23 09:50:37.863137+00', '2026-03-23 15:02:40.209763+00', 'single', false),
	('5aec1c07-3d03-46c3-b7e9-3408b0fe1e70', '헬스', '🏋', '분', '[]', 8, true, '2026-03-29 23:52:43.423895+00', '2026-03-29 23:52:43.423895+00', 'single', false),
	('31b164b6-e6ab-46d0-b2f1-e91f5b9ff595', '계단', '🪜', '층', '[{"name": "시간", "unit": "분"}, {"name": "층수", "unit": "층"}]', 4, true, '2026-03-23 08:39:01.725305+00', '2026-03-30 09:20:44.923916+00', 'single', true),
	('44687120-8526-4a84-8f63-a0542b270576', '달리기', '🏃', 'km', '[{"name": "트레드밀", "unit": "km"}, {"name": "러닝", "unit": "km"}]', 1, true, '2026-03-23 08:39:01.725305+00', '2026-03-30 09:20:44.923916+00', 'single', true),
	('49f73eb4-f30c-482f-a1bf-d9474d009bdf', '사이클', '🚴', 'km', '[{"name": "실외", "unit": "km"}, {"name": "실내", "unit": "km"}]', 2, true, '2026-03-23 08:39:01.725305+00', '2026-03-30 09:20:44.923916+00', 'single', true),
	('69c9a5dc-dfe4-4a9a-bd4a-16f6edf09ed2', '복싱', '🥊', '분', '[{"name": "샌드백/미트", "unit": "분"}, {"name": "스파링", "unit": "분"}]', 5, true, '2026-03-23 08:39:01.725305+00', '2026-03-30 09:20:44.923916+00', 'mixed', false),
	('be87fa7f-56f3-4d4b-abdc-ed9a84d2bb03', '요가', '🧘', '분', '[{"name": "일반", "unit": "분"}, {"name": "빈야사/아쉬탕가", "unit": "분"}]', 6, true, '2026-03-23 08:39:01.725305+00', '2026-03-30 09:20:44.923916+00', 'mixed', false);


--
-- Data for Name: buckets; Type: TABLE DATA; Schema: storage; Owner: supabase_storage_admin
--



--
-- Data for Name: buckets_analytics; Type: TABLE DATA; Schema: storage; Owner: supabase_storage_admin
--



--
-- Data for Name: buckets_vectors; Type: TABLE DATA; Schema: storage; Owner: supabase_storage_admin
--



--
-- Data for Name: objects; Type: TABLE DATA; Schema: storage; Owner: supabase_storage_admin
--



--
-- Data for Name: s3_multipart_uploads; Type: TABLE DATA; Schema: storage; Owner: supabase_storage_admin
--



--
-- Data for Name: s3_multipart_uploads_parts; Type: TABLE DATA; Schema: storage; Owner: supabase_storage_admin
--



--
-- Data for Name: vector_indexes; Type: TABLE DATA; Schema: storage; Owner: supabase_storage_admin
--



--
-- Name: refresh_tokens_id_seq; Type: SEQUENCE SET; Schema: auth; Owner: supabase_auth_admin
--

SELECT pg_catalog.setval('"auth"."refresh_tokens_id_seq"', 1, false);


--
-- PostgreSQL database dump complete
--

-- \unrestrict VcKUqjHhdsEaQaynXMTeoIvhrDRX8o02anctiVn4eWp8uGLpY8IqHU1kmyrK4Qe

RESET ALL;
